0 verbose cli C:\Program Files\nodejs\node.exe C:\Program Files\nodejs\node_modules\npm\bin\npm-cli.js
1 info using npm@11.16.0
2 info using node@v26.3.0
3 silly config load:file:C:\Program Files\nodejs\node_modules\npm\npmrc
4 silly config load:file:C:\Users\Savad\Documents\Codex\2026-07-08\vo\ai-text-audio-saas\.npmrc
5 silly config load:file:C:\Users\Savad\.npmrc
6 silly config load:file:C:\Users\Savad\AppData\Roaming\npm\etc\npmrc
7 verbose title npm install
8 verbose argv "install" "--cache" ".npm-cache" "--prefer-offline"
9 verbose logfile logs-max:10 dir:C:\Users\Savad\Documents\Codex\2026-07-08\vo\ai-text-audio-saas\.npm-cache\_logs\2026-07-08T16_09_13_398Z-
10 verbose logfile C:\Users\Savad\Documents\Codex\2026-07-08\vo\ai-text-audio-saas\.npm-cache\_logs\2026-07-08T16_09_13_398Z-debug-0.log
11 silly logfile done cleaning log files
12 silly packumentCache heap:4395630592 maxSize:1098907648 maxEntrySize:549453824
13 silly idealTree buildDeps
14 silly fetch manifest @better-auth/prisma-adapter@latest
15 silly packumentCache full:https://registry.npmjs.org/@better-auth%2fprisma-adapter cache-miss
16 http fetch GET 200 https://registry.npmjs.org/@better-auth%2fprisma-adapter 29ms (cache stale)
17 silly packumentCache full:https://registry.npmjs.org/@better-auth%2fprisma-adapter set size:156710 disposed:false
18 silly fetch manifest @better-auth/core@^1.6.23
19 silly packumentCache full:https://registry.npmjs.org/@better-auth%2fcore cache-miss
20 http fetch GET 200 https://registry.npmjs.org/@better-auth%2fcore 306ms (cache stale)
21 silly packumentCache full:https://registry.npmjs.org/@better-auth%2fcore set size:685792 disposed:false
22 silly fetch manifest @better-auth/utils@0.4.2
23 silly packumentCache full:https://registry.npmjs.org/@better-auth%2futils cache-miss
24 http fetch GET 200 https://registry.npmjs.org/@better-auth%2futils 202ms (cache stale)
25 silly packumentCache full:https://registry.npmjs.org/@better-auth%2futils set size:67029 disposed:false
26 silly fetch manifest @better-fetch/fetch@1.3.1
27 silly packumentCache full:https://registry.npmjs.org/@better-fetch%2ffetch cache-miss
28 http fetch GET 200 https://registry.npmjs.org/@better-fetch%2ffetch 258ms (cache stale)
29 silly packumentCache full:https://registry.npmjs.org/@better-fetch%2ffetch set size:153435 disposed:false
30 silly fetch manifest @cloudflare/workers-types@>=4
31 silly packumentCache full:https://registry.npmjs.org/@cloudflare%2fworkers-types cache-miss
32 http fetch GET 200 https://registry.npmjs.org/@cloudflare%2fworkers-types 263ms (cache stale)
33 silly packumentCache full:https://registry.npmjs.org/@cloudflare%2fworkers-types set size:1776486 disposed:false
34 silly fetch manifest @opentelemetry/api@^1.9.0
35 silly packumentCache full:https://registry.npmjs.org/@opentelemetry%2fapi cache-miss
36 http fetch GET 200 https://registry.npmjs.org/@opentelemetry%2fapi 75ms (cache stale)
37 silly packumentCache full:https://registry.npmjs.org/@opentelemetry%2fapi set size:272967 disposed:false
38 silly fetch manifest better-call@1.3.7
39 silly packumentCache full:https://registry.npmjs.org/better-call cache-miss
40 http fetch GET 200 https://registry.npmjs.org/better-call 368ms (cache stale)
41 silly packumentCache full:https://registry.npmjs.org/better-call set size:485626 disposed:false
42 silly fetch manifest zod@latest
43 silly packumentCache full:https://registry.npmjs.org/zod cache-miss
44 http fetch GET 200 https://registry.npmjs.org/zod 20ms (cache stale)
45 silly packumentCache full:https://registry.npmjs.org/zod set size:3552562 disposed:false
46 silly fetch manifest jose@^6.1.0
47 silly packumentCache full:https://registry.npmjs.org/jose cache-miss
48 http fetch GET 200 https://registry.npmjs.org/jose 173ms (cache stale)
49 silly packumentCache full:https://registry.npmjs.org/jose set size:1413195 disposed:false
50 silly fetch manifest kysely@^0.28.5 || ^0.29.0
51 silly packumentCache full:https://registry.npmjs.org/kysely cache-miss
52 http fetch GET 200 https://registry.npmjs.org/kysely 10ms (cache stale)
53 silly packumentCache full:https://registry.npmjs.org/kysely set size:701072 disposed:false
54 silly fetch manifest nanostores@^1.0.1
55 silly packumentCache full:https://registry.npmjs.org/nanostores cache-miss
56 http fetch GET 200 https://registry.npmjs.org/nanostores 128ms (cache stale)
57 silly packumentCache full:https://registry.npmjs.org/nanostores set size:128683 disposed:false
58 silly fetch manifest @prisma/client@latest
59 silly packumentCache full:https://registry.npmjs.org/@prisma%2fclient cache-miss
60 http fetch GET 200 https://registry.npmjs.org/@prisma%2fclient 300ms (cache stale)
61 silly packumentCache full:https://registry.npmjs.org/@prisma%2fclient set size:67900403 disposed:false
62 silly fetch manifest prisma@latest
63 silly packumentCache full:https://registry.npmjs.org/prisma cache-miss
64 http fetch GET 200 https://registry.npmjs.org/prisma 178ms (cache stale)
65 silly packumentCache full:https://registry.npmjs.org/prisma set size:43294110 disposed:false
66 silly fetch manifest better-sqlite3@>=9.0.0
67 silly packumentCache full:https://registry.npmjs.org/better-sqlite3 cache-miss
68 http fetch GET 200 https://registry.npmjs.org/better-sqlite3 328ms (cache stale)
69 silly packumentCache full:https://registry.npmjs.org/better-sqlite3 set size:381995 disposed:false
70 silly fetch manifest typescript@latest
71 silly packumentCache full:https://registry.npmjs.org/typescript cache-miss
72 http fetch GET 200 https://registry.npmjs.org/typescript 59ms (cache stale)
73 silly packumentCache full:https://registry.npmjs.org/typescript set size:15418681 disposed:false
74 silly fetch manifest @tanstack/react-query@latest
75 silly packumentCache full:https://registry.npmjs.org/@tanstack%2freact-query cache-miss
76 http fetch GET 200 https://registry.npmjs.org/@tanstack%2freact-query 23ms (cache stale)
77 silly packumentCache full:https://registry.npmjs.org/@tanstack%2freact-query set size:1616681 disposed:false
78 silly fetch manifest react@latest
79 silly packumentCache full:https://registry.npmjs.org/react cache-miss
80 http fetch GET 200 https://registry.npmjs.org/react 31ms (cache stale)
81 silly packumentCache full:https://registry.npmjs.org/react set size:6774230 disposed:false
82 silly fetch manifest @trpc/client@latest
83 silly packumentCache full:https://registry.npmjs.org/@trpc%2fclient cache-miss
84 http fetch GET 200 https://registry.npmjs.org/@trpc%2fclient 24ms (cache stale)
85 silly packumentCache full:https://registry.npmjs.org/@trpc%2fclient set size:4424122 disposed:false
86 silly fetch manifest @trpc/server@latest
87 silly packumentCache full:https://registry.npmjs.org/@trpc%2fserver cache-miss
88 http fetch GET 200 https://registry.npmjs.org/@trpc%2fserver 42ms (cache stale)
89 silly packumentCache full:https://registry.npmjs.org/@trpc%2fserver set size:6454268 disposed:false
90 silly fetch manifest @trpc/react-query@latest
91 silly packumentCache full:https://registry.npmjs.org/@trpc%2freact-query cache-miss
92 http fetch GET 200 https://registry.npmjs.org/@trpc%2freact-query 27ms (cache stale)
93 silly packumentCache full:https://registry.npmjs.org/@trpc%2freact-query set size:3212212 disposed:false
94 silly fetch manifest class-variance-authority@latest
95 silly packumentCache full:https://registry.npmjs.org/class-variance-authority cache-miss
96 http fetch GET 200 https://registry.npmjs.org/class-variance-authority 10ms (cache stale)
97 silly packumentCache full:https://registry.npmjs.org/class-variance-authority set size:96388 disposed:false
98 silly fetch manifest clsx@latest
99 silly packumentCache full:https://registry.npmjs.org/clsx cache-miss
100 http fetch GET 200 https://registry.npmjs.org/clsx 9ms (cache stale)
101 silly packumentCache full:https://registry.npmjs.org/clsx set size:42506 disposed:false
102 silly fetch manifest lucide-react@latest
103 silly packumentCache full:https://registry.npmjs.org/lucide-react cache-miss
104 http fetch GET 200 https://registry.npmjs.org/lucide-react 18ms (cache stale)
105 silly packumentCache full:https://registry.npmjs.org/lucide-react set size:2284680 disposed:false
106 silly fetch manifest next@latest
107 silly packumentCache full:https://registry.npmjs.org/next cache-miss
108 http fetch GET 200 https://registry.npmjs.org/next 118ms (cache stale)
109 silly packumentCache full:https://registry.npmjs.org/next set size:30917576 disposed:false
110 silly fetch manifest @opentelemetry/api@^1.1.0
111 silly packumentCache full:https://registry.npmjs.org/@opentelemetry%2fapi cache-hit
112 silly fetch manifest @playwright/test@^1.51.1
113 silly packumentCache full:https://registry.npmjs.org/@playwright%2ftest cache-miss
114 http fetch GET 200 https://registry.npmjs.org/@playwright%2ftest 339ms (cache stale)
115 silly packumentCache full:https://registry.npmjs.org/@playwright%2ftest set size:9296986 disposed:false
116 silly fetch manifest babel-plugin-react-compiler@*
117 silly packumentCache full:https://registry.npmjs.org/babel-plugin-react-compiler cache-miss
118 http fetch GET 200 https://registry.npmjs.org/babel-plugin-react-compiler 206ms (cache stale)
119 silly packumentCache full:https://registry.npmjs.org/babel-plugin-react-compiler set size:1356999 disposed:false
120 silly fetch manifest react-dom@latest
121 silly packumentCache full:https://registry.npmjs.org/react-dom cache-miss
122 http fetch GET 200 https://registry.npmjs.org/react-dom 41ms (cache stale)
123 silly packumentCache full:https://registry.npmjs.org/react-dom set size:9069682 disposed:false
124 silly fetch manifest sass@^1.3.0
125 silly packumentCache full:https://registry.npmjs.org/sass cache-miss
126 http fetch GET 200 https://registry.npmjs.org/sass 208ms (cache stale)
127 silly packumentCache full:https://registry.npmjs.org/sass set size:730445 disposed:false
128 silly fetch manifest next-themes@latest
129 silly packumentCache full:https://registry.npmjs.org/next-themes cache-miss
130 http fetch GET 200 https://registry.npmjs.org/next-themes 9ms (cache stale)
131 silly packumentCache full:https://registry.npmjs.org/next-themes set size:162039 disposed:false
132 silly fetch manifest sonner@latest
133 silly packumentCache full:https://registry.npmjs.org/sonner cache-miss
134 http fetch GET 200 https://registry.npmjs.org/sonner 10ms (cache stale)
135 silly packumentCache full:https://registry.npmjs.org/sonner set size:143249 disposed:false
136 silly fetch manifest superjson@latest
137 silly packumentCache full:https://registry.npmjs.org/superjson cache-miss
138 http fetch GET 200 https://registry.npmjs.org/superjson 10ms (cache stale)
139 silly packumentCache full:https://registry.npmjs.org/superjson set size:214255 disposed:false
140 silly fetch manifest tailwind-merge@latest
141 silly packumentCache full:https://registry.npmjs.org/tailwind-merge cache-miss
142 http fetch GET 200 https://registry.npmjs.org/tailwind-merge 15ms (cache stale)
143 silly packumentCache full:https://registry.npmjs.org/tailwind-merge set size:1649411 disposed:false
144 silly fetch manifest @types/node@latest
145 silly packumentCache full:https://registry.npmjs.org/@types%2fnode cache-miss
146 http fetch GET 200 https://registry.npmjs.org/@types%2fnode 47ms (cache stale)
147 silly packumentCache full:https://registry.npmjs.org/@types%2fnode set size:11080817 disposed:false
148 silly fetch manifest @types/react@latest
149 silly packumentCache full:https://registry.npmjs.org/@types%2freact cache-miss
150 http fetch GET 200 https://registry.npmjs.org/@types%2freact 33ms (cache stale)
151 silly packumentCache full:https://registry.npmjs.org/@types%2freact set size:2632776 disposed:false
152 silly fetch manifest @types/react-dom@latest
153 silly packumentCache full:https://registry.npmjs.org/@types%2freact-dom cache-miss
154 http fetch GET 200 https://registry.npmjs.org/@types%2freact-dom 17ms (cache stale)
155 silly packumentCache full:https://registry.npmjs.org/@types%2freact-dom set size:429026 disposed:false
156 silly fetch manifest autoprefixer@latest
157 silly packumentCache full:https://registry.npmjs.org/autoprefixer cache-miss
158 http fetch GET 200 https://registry.npmjs.org/autoprefixer 15ms (cache stale)
159 silly packumentCache full:https://registry.npmjs.org/autoprefixer set size:1343077 disposed:false
160 silly fetch manifest postcss@latest
161 silly packumentCache full:https://registry.npmjs.org/postcss cache-miss
162 http fetch GET 200 https://registry.npmjs.org/postcss 14ms (cache stale)
163 silly packumentCache full:https://registry.npmjs.org/postcss set size:726591 disposed:false
164 silly fetch manifest eslint@latest
165 silly packumentCache full:https://registry.npmjs.org/eslint cache-miss
166 http fetch GET 200 https://registry.npmjs.org/eslint 18ms (cache stale)
167 silly packumentCache full:https://registry.npmjs.org/eslint set size:2019015 disposed:false
168 silly fetch manifest jiti@*
169 silly packumentCache full:https://registry.npmjs.org/jiti cache-miss
170 http fetch GET 200 https://registry.npmjs.org/jiti 166ms (cache stale)
171 silly packumentCache full:https://registry.npmjs.org/jiti set size:387989 disposed:false
172 silly fetch manifest eslint-config-next@latest
173 silly packumentCache full:https://registry.npmjs.org/eslint-config-next cache-miss
174 http fetch GET 200 https://registry.npmjs.org/eslint-config-next 34ms (cache stale)
175 silly packumentCache full:https://registry.npmjs.org/eslint-config-next set size:6884898 disposed:false
176 silly fetch manifest tsx@latest
177 silly packumentCache full:https://registry.npmjs.org/tsx cache-miss
178 http fetch GET 200 https://registry.npmjs.org/tsx 12ms (cache stale)
179 silly packumentCache full:https://registry.npmjs.org/tsx set size:309686 disposed:false
180 silly placeDep ROOT @better-auth/prisma-adapter@1.6.23 REPLACE for: ai-text-audio-saas@0.1.0 want: latest
181 silly placeDep ROOT @prisma/client@7.8.0 REPLACE for: ai-text-audio-saas@0.1.0 want: latest
182 silly placeDep ROOT @tanstack/react-query@5.101.2 REPLACE for: ai-text-audio-saas@0.1.0 want: latest
183 silly placeDep ROOT @trpc/client@11.18.0 REPLACE for: ai-text-audio-saas@0.1.0 want: latest
184 silly placeDep ROOT @trpc/react-query@11.18.0 REPLACE for: ai-text-audio-saas@0.1.0 want: latest
185 silly placeDep ROOT @trpc/server@11.18.0 REPLACE for: ai-text-audio-saas@0.1.0 want: latest
186 silly placeDep ROOT @types/node@26.1.1 REPLACE for: ai-text-audio-saas@0.1.0 want: latest
187 silly placeDep ROOT @types/react@19.2.17 REPLACE for: ai-text-audio-saas@0.1.0 want: latest
188 silly placeDep ROOT @types/react-dom@19.2.3 REPLACE for: ai-text-audio-saas@0.1.0 want: latest
189 silly placeDep ROOT autoprefixer@10.5.2 REPLACE for: ai-text-audio-saas@0.1.0 want: latest
190 silly placeDep ROOT class-variance-authority@0.7.1 REPLACE for: ai-text-audio-saas@0.1.0 want: latest
191 silly placeDep ROOT clsx@2.1.1 REPLACE for: ai-text-audio-saas@0.1.0 want: latest
192 silly placeDep ROOT eslint@10.6.0 REPLACE for: ai-text-audio-saas@0.1.0 want: latest
193 silly placeDep ROOT eslint-config-next@16.2.10 REPLACE for: ai-text-audio-saas@0.1.0 want: latest
194 silly placeDep ROOT lucide-react@1.23.0 REPLACE for: ai-text-audio-saas@0.1.0 want: latest
195 silly placeDep ROOT next@16.2.10 REPLACE for: ai-text-audio-saas@0.1.0 want: latest
196 silly placeDep ROOT next-themes@0.4.6 REPLACE for: ai-text-audio-saas@0.1.0 want: latest
197 silly placeDep ROOT postcss@8.5.16 REPLACE for: ai-text-audio-saas@0.1.0 want: latest
198 silly placeDep ROOT prisma@7.8.0 REPLACE for: ai-text-audio-saas@0.1.0 want: latest
199 silly placeDep ROOT react@19.2.7 REPLACE for: ai-text-audio-saas@0.1.0 want: latest
200 silly placeDep ROOT react-dom@19.2.7 REPLACE for: ai-text-audio-saas@0.1.0 want: latest
201 silly placeDep ROOT sonner@2.0.7 REPLACE for: ai-text-audio-saas@0.1.0 want: latest
202 silly placeDep ROOT superjson@2.2.6 REPLACE for: ai-text-audio-saas@0.1.0 want: latest
203 silly placeDep ROOT tailwind-merge@3.6.0 REPLACE for: ai-text-audio-saas@0.1.0 want: latest
204 silly placeDep ROOT tsx@4.23.0 REPLACE for: ai-text-audio-saas@0.1.0 want: latest
205 silly placeDep ROOT typescript@7.0.2 REPLACE for: ai-text-audio-saas@0.1.0 want: latest
206 silly placeDep ROOT zod@4.4.3 REPLACE for: ai-text-audio-saas@0.1.0 want: latest
207 silly fetch manifest eslint-plugin-react@^7.37.0
208 silly packumentCache full:https://registry.npmjs.org/eslint-plugin-react cache-miss
209 silly fetch manifest eslint-plugin-import@^2.32.0
210 silly packumentCache full:https://registry.npmjs.org/eslint-plugin-import cache-miss
211 silly fetch manifest eslint-plugin-jsx-a11y@^6.10.0
212 silly packumentCache full:https://registry.npmjs.org/eslint-plugin-jsx-a11y cache-miss
213 silly fetch manifest eslint-import-resolver-typescript@^3.5.2
214 silly packumentCache full:https://registry.npmjs.org/eslint-import-resolver-typescript cache-miss
215 silly fetch manifest postcss@8.4.31
216 silly packumentCache full:https://registry.npmjs.org/postcss cache-hit
217 silly fetch manifest @next/swc-darwin-x64@16.2.10
218 silly packumentCache full:https://registry.npmjs.org/@next%2fswc-darwin-x64 cache-miss
219 silly fetch manifest @next/swc-darwin-arm64@16.2.10
220 silly packumentCache full:https://registry.npmjs.org/@next%2fswc-darwin-arm64 cache-miss
221 silly fetch manifest @next/swc-linux-x64-gnu@16.2.10
222 silly packumentCache full:https://registry.npmjs.org/@next%2fswc-linux-x64-gnu cache-miss
223 http fetch GET 200 https://registry.npmjs.org/eslint-plugin-jsx-a11y 21ms (cache stale)
224 silly packumentCache full:https://registry.npmjs.org/eslint-plugin-jsx-a11y set size:280052 disposed:false
225 silly fetch manifest @next/swc-linux-x64-musl@16.2.10
226 silly packumentCache full:https://registry.npmjs.org/@next%2fswc-linux-x64-musl cache-miss
227 http fetch GET 200 https://registry.npmjs.org/eslint-plugin-react 30ms (cache stale)
228 silly packumentCache full:https://registry.npmjs.org/eslint-plugin-react set size:646827 disposed:false
229 silly fetch manifest @next/swc-linux-arm64-gnu@16.2.10
230 silly packumentCache full:https://registry.npmjs.org/@next%2fswc-linux-arm64-gnu cache-miss
231 http fetch GET 200 https://registry.npmjs.org/@next%2fswc-darwin-x64 58ms (cache stale)
232 silly packumentCache full:https://registry.npmjs.org/@next%2fswc-darwin-x64 set size:5335339 disposed:false
233 silly fetch manifest @next/swc-linux-arm64-musl@16.2.10
234 silly packumentCache full:https://registry.npmjs.org/@next%2fswc-linux-arm64-musl cache-miss
235 http fetch GET 200 https://registry.npmjs.org/@next%2fswc-darwin-arm64 122ms (cache stale)
236 silly packumentCache full:https://registry.npmjs.org/@next%2fswc-darwin-arm64 set size:5393547 disposed:false
237 silly fetch manifest @next/swc-win32-arm64-msvc@16.2.10
238 silly packumentCache full:https://registry.npmjs.org/@next%2fswc-win32-arm64-msvc cache-miss
239 http fetch GET 200 https://registry.npmjs.org/@next%2fswc-linux-x64-gnu 180ms (cache stale)
240 silly packumentCache full:https://registry.npmjs.org/@next%2fswc-linux-x64-gnu set size:5444563 disposed:false
241 silly fetch manifest fsevents@~2.3.3
242 silly packumentCache full:https://registry.npmjs.org/fsevents cache-miss
243 http fetch GET 200 https://registry.npmjs.org/@next%2fswc-linux-arm64-gnu 257ms (cache stale)
244 silly packumentCache full:https://registry.npmjs.org/@next%2fswc-linux-arm64-gnu set size:5248486 disposed:false
245 silly fetch manifest @typescript/typescript-win32-arm64@7.0.2
246 silly packumentCache full:https://registry.npmjs.org/@typescript%2ftypescript-win32-arm64 cache-miss
247 http fetch GET 200 https://registry.npmjs.org/@next%2fswc-linux-x64-musl 333ms (cache stale)
248 silly packumentCache full:https://registry.npmjs.org/@next%2fswc-linux-x64-musl set size:5200481 disposed:false
249 silly fetch manifest @typescript/typescript-linux-x64@7.0.2
250 silly packumentCache full:https://registry.npmjs.org/@typescript%2ftypescript-linux-x64 cache-miss
251 http fetch GET 200 https://registry.npmjs.org/fsevents 178ms (cache stale)
252 silly packumentCache full:https://registry.npmjs.org/fsevents set size:182472 disposed:false
253 silly fetch manifest @typescript/typescript-linux-arm@7.0.2
254 silly packumentCache full:https://registry.npmjs.org/@typescript%2ftypescript-linux-arm cache-miss
255 http fetch GET 200 https://registry.npmjs.org/@next%2fswc-linux-arm64-musl 332ms (cache stale)
256 silly packumentCache full:https://registry.npmjs.org/@next%2fswc-linux-arm64-musl set size:5266948 disposed:false
257 silly fetch manifest @typescript/typescript-linux-arm64@7.0.2
258 silly packumentCache full:https://registry.npmjs.org/@typescript%2ftypescript-linux-arm64 cache-miss
259 http fetch GET 200 https://registry.npmjs.org/eslint-import-resolver-typescript 484ms (cache stale)
260 silly packumentCache full:https://registry.npmjs.org/eslint-import-resolver-typescript set size:337167 disposed:false
261 silly fetch manifest @typescript/typescript-darwin-x64@7.0.2
262 silly packumentCache full:https://registry.npmjs.org/@typescript%2ftypescript-darwin-x64 cache-miss
263 http fetch GET 200 https://registry.npmjs.org/eslint-plugin-import 495ms (cache stale)
264 silly packumentCache full:https://registry.npmjs.org/eslint-plugin-import set size:484928 disposed:false
265 silly fetch manifest @typescript/typescript-darwin-arm64@7.0.2
266 silly packumentCache full:https://registry.npmjs.org/@typescript%2ftypescript-darwin-arm64 cache-miss
267 http fetch GET 200 https://registry.npmjs.org/@next%2fswc-win32-arm64-msvc 355ms (cache stale)
268 silly packumentCache full:https://registry.npmjs.org/@next%2fswc-win32-arm64-msvc set size:5229993 disposed:false
269 silly fetch manifest @typescript/typescript-aix-ppc64@7.0.2
270 silly packumentCache full:https://registry.npmjs.org/@typescript%2ftypescript-aix-ppc64 cache-miss
271 http fetch GET 200 https://registry.npmjs.org/@typescript%2ftypescript-win32-arm64 293ms (cache stale)
272 silly packumentCache full:https://registry.npmjs.org/@typescript%2ftypescript-win32-arm64 set size:6086 disposed:false
273 silly fetch manifest @typescript/typescript-freebsd-arm64@7.0.2
274 silly packumentCache full:https://registry.npmjs.org/@typescript%2ftypescript-freebsd-arm64 cache-miss
275 http fetch GET 200 https://registry.npmjs.org/@typescript%2ftypescript-linux-x64 227ms (cache stale)
276 silly packumentCache full:https://registry.npmjs.org/@typescript%2ftypescript-linux-x64 set size:6048 disposed:false
277 silly fetch manifest @typescript/typescript-freebsd-x64@7.0.2
278 silly packumentCache full:https://registry.npmjs.org/@typescript%2ftypescript-freebsd-x64 cache-miss
279 http fetch GET 200 https://registry.npmjs.org/@typescript%2ftypescript-linux-arm64 154ms (cache stale)
280 silly packumentCache full:https://registry.npmjs.org/@typescript%2ftypescript-linux-arm64 set size:6086 disposed:false
281 silly fetch manifest @typescript/typescript-linux-loong64@7.0.2
282 silly packumentCache full:https://registry.npmjs.org/@typescript%2ftypescript-linux-loong64 cache-miss
283 http fetch GET 200 https://registry.npmjs.org/@typescript%2ftypescript-linux-arm 224ms (cache stale)
284 silly packumentCache full:https://registry.npmjs.org/@typescript%2ftypescript-linux-arm set size:6045 disposed:false
285 silly fetch manifest @typescript/typescript-linux-mips64el@7.0.2
286 silly packumentCache full:https://registry.npmjs.org/@typescript%2ftypescript-linux-mips64el cache-miss
287 http fetch GET 200 https://registry.npmjs.org/@typescript%2ftypescript-darwin-x64 151ms (cache stale)
288 silly packumentCache full:https://registry.npmjs.org/@typescript%2ftypescript-darwin-x64 set size:6065 disposed:false
289 silly fetch manifest @typescript/typescript-linux-ppc64@7.0.2
290 silly packumentCache full:https://registry.npmjs.org/@typescript%2ftypescript-linux-ppc64 cache-miss
291 http fetch GET 200 https://registry.npmjs.org/@typescript%2ftypescript-darwin-arm64 140ms (cache stale)
292 silly packumentCache full:https://registry.npmjs.org/@typescript%2ftypescript-darwin-arm64 set size:6107 disposed:false
293 silly fetch manifest @typescript/typescript-linux-riscv64@7.0.2
294 silly packumentCache full:https://registry.npmjs.org/@typescript%2ftypescript-linux-riscv64 cache-miss
295 http fetch GET 200 https://registry.npmjs.org/@typescript%2ftypescript-aix-ppc64 61ms (cache stale)
296 silly packumentCache full:https://registry.npmjs.org/@typescript%2ftypescript-aix-ppc64 set size:6049 disposed:false
297 silly fetch manifest @typescript/typescript-linux-s390x@7.0.2
298 silly packumentCache full:https://registry.npmjs.org/@typescript%2ftypescript-linux-s390x cache-miss
299 http fetch GET 200 https://registry.npmjs.org/@typescript%2ftypescript-freebsd-x64 39ms (cache stale)
300 silly packumentCache full:https://registry.npmjs.org/@typescript%2ftypescript-freebsd-x64 set size:6088 disposed:false
301 silly fetch manifest @typescript/typescript-netbsd-arm64@7.0.2
302 silly packumentCache full:https://registry.npmjs.org/@typescript%2ftypescript-netbsd-arm64 cache-miss
303 http fetch GET 200 https://registry.npmjs.org/@typescript%2ftypescript-freebsd-arm64 46ms (cache stale)
304 silly packumentCache full:https://registry.npmjs.org/@typescript%2ftypescript-freebsd-arm64 set size:6126 disposed:false
305 silly fetch manifest @typescript/typescript-netbsd-x64@7.0.2
306 silly packumentCache full:https://registry.npmjs.org/@typescript%2ftypescript-netbsd-x64 cache-miss
307 http fetch GET 200 https://registry.npmjs.org/@typescript%2ftypescript-linux-loong64 46ms (cache stale)
308 silly packumentCache full:https://registry.npmjs.org/@typescript%2ftypescript-linux-loong64 set size:6127 disposed:false
309 silly fetch manifest @typescript/typescript-openbsd-arm64@7.0.2
310 silly packumentCache full:https://registry.npmjs.org/@typescript%2ftypescript-openbsd-arm64 cache-miss
311 http fetch GET 200 https://registry.npmjs.org/@typescript%2ftypescript-linux-mips64el 46ms (cache stale)
312 silly packumentCache full:https://registry.npmjs.org/@typescript%2ftypescript-linux-mips64el set size:6146 disposed:false
313 silly fetch manifest @typescript/typescript-openbsd-x64@7.0.2
314 silly packumentCache full:https://registry.npmjs.org/@typescript%2ftypescript-openbsd-x64 cache-miss
315 http fetch GET 200 https://registry.npmjs.org/@typescript%2ftypescript-linux-ppc64 45ms (cache stale)
316 silly packumentCache full:https://registry.npmjs.org/@typescript%2ftypescript-linux-ppc64 set size:6087 disposed:false
317 silly fetch manifest @typescript/typescript-sunos-x64@7.0.2
318 silly packumentCache full:https://registry.npmjs.org/@typescript%2ftypescript-sunos-x64 cache-miss
319 http fetch GET 200 https://registry.npmjs.org/@typescript%2ftypescript-linux-riscv64 47ms (cache stale)
320 silly packumentCache full:https://registry.npmjs.org/@typescript%2ftypescript-linux-riscv64 set size:6127 disposed:false
321 http fetch GET 200 https://registry.npmjs.org/@typescript%2ftypescript-linux-s390x 46ms (cache stale)
322 silly packumentCache full:https://registry.npmjs.org/@typescript%2ftypescript-linux-s390x set size:6086 disposed:false
323 http fetch GET 200 https://registry.npmjs.org/@typescript%2ftypescript-netbsd-arm64 32ms (cache stale)
324 silly packumentCache full:https://registry.npmjs.org/@typescript%2ftypescript-netbsd-arm64 set size:6109 disposed:false
325 http fetch GET 200 https://registry.npmjs.org/@typescript%2ftypescript-netbsd-x64 33ms (cache stale)
326 silly packumentCache full:https://registry.npmjs.org/@typescript%2ftypescript-netbsd-x64 set size:6065 disposed:false
327 http fetch GET 200 https://registry.npmjs.org/@typescript%2ftypescript-openbsd-arm64 28ms (cache stale)
328 silly packumentCache full:https://registry.npmjs.org/@typescript%2ftypescript-openbsd-arm64 set size:6126 disposed:false
329 http fetch GET 200 https://registry.npmjs.org/@typescript%2ftypescript-sunos-x64 23ms (cache stale)
330 silly packumentCache full:https://registry.npmjs.org/@typescript%2ftypescript-sunos-x64 set size:6046 disposed:false
331 http fetch GET 200 https://registry.npmjs.org/@typescript%2ftypescript-openbsd-x64 28ms (cache stale)
332 silly packumentCache full:https://registry.npmjs.org/@typescript%2ftypescript-openbsd-x64 set size:6086 disposed:false
333 silly fetch manifest @babel/types@^7.29.7
334 silly packumentCache full:https://registry.npmjs.org/@babel%2ftypes cache-miss
335 http fetch GET 200 https://registry.npmjs.org/@babel%2ftypes 16ms (cache stale)
336 silly packumentCache full:https://registry.npmjs.org/@babel%2ftypes set size:498480 disposed:false
337 silly placeDep node_modules/@babel/generator @babel/types@7.29.7 OK for: @babel/generator@7.29.7 want: ^7.29.7
338 silly placeDep node_modules/@babel/helper-module-imports @babel/types@7.29.7 OK for: @babel/helper-module-imports@7.29.7 want: ^7.29.7
339 silly fetch manifest @babel/core@^7.0.0
340 silly packumentCache full:https://registry.npmjs.org/@babel%2fcore cache-miss
341 http fetch GET 200 https://registry.npmjs.org/@babel%2fcore 39ms (cache stale)
342 silly packumentCache full:https://registry.npmjs.org/@babel%2fcore set size:788258 disposed:false
343 silly placeDep ROOT @babel/core@7.29.7 OK for: @babel/helper-module-transforms@7.29.7 want: ^7.0.0
344 silly fetch manifest debug@^4.1.0
345 silly packumentCache full:https://registry.npmjs.org/debug cache-miss
346 silly fetch manifest json5@^2.2.3
347 silly packumentCache full:https://registry.npmjs.org/json5 cache-miss
348 silly fetch manifest semver@^6.3.1
349 silly packumentCache full:https://registry.npmjs.org/semver cache-miss
350 silly fetch manifest gensync@^1.0.0-beta.2
351 silly packumentCache full:https://registry.npmjs.org/gensync cache-miss
352 silly fetch manifest @babel/parser@^7.29.7
353 silly packumentCache full:https://registry.npmjs.org/@babel%2fparser cache-miss
354 silly fetch manifest @babel/helpers@^7.29.7
355 silly packumentCache full:https://registry.npmjs.org/@babel%2fhelpers cache-miss
356 silly fetch manifest @babel/template@^7.29.7
357 silly packumentCache full:https://registry.npmjs.org/@babel%2ftemplate cache-miss
358 http fetch GET 200 https://registry.npmjs.org/@babel%2fhelpers 114ms (cache stale)
359 silly packumentCache full:https://registry.npmjs.org/@babel%2fhelpers set size:398496 disposed:false
360 silly fetch manifest @babel/traverse@^7.29.7
361 silly packumentCache full:https://registry.npmjs.org/@babel%2ftraverse cache-miss
362 http fetch GET 200 https://registry.npmjs.org/json5 327ms (cache stale)
363 silly packumentCache full:https://registry.npmjs.org/json5 set size:86136 disposed:false
364 silly fetch manifest @babel/generator@^7.29.7
365 silly packumentCache full:https://registry.npmjs.org/@babel%2fgenerator cache-miss
366 http fetch GET 200 https://registry.npmjs.org/@babel%2fparser 350ms (cache stale)
367 silly packumentCache full:https://registry.npmjs.org/@babel%2fparser set size:732981 disposed:false
368 silly fetch manifest @babel/code-frame@^7.29.7
369 silly packumentCache full:https://registry.npmjs.org/@babel%2fcode-frame cache-miss
370 http fetch GET 200 https://registry.npmjs.org/semver 440ms (cache stale)
371 silly packumentCache full:https://registry.npmjs.org/semver set size:246069 disposed:false
372 silly fetch manifest convert-source-map@^2.0.0
373 silly packumentCache full:https://registry.npmjs.org/convert-source-map cache-miss
374 http fetch GET 200 https://registry.npmjs.org/gensync 525ms (cache stale)
375 silly packumentCache full:https://registry.npmjs.org/gensync set size:15068 disposed:false
376 silly fetch manifest @jridgewell/remapping@^2.3.5
377 silly packumentCache full:https://registry.npmjs.org/@jridgewell%2fremapping cache-miss
378 http fetch GET 200 https://registry.npmjs.org/debug 592ms (cache stale)
379 silly packumentCache full:https://registry.npmjs.org/debug set size:195840 disposed:false
380 silly fetch manifest @babel/helper-module-transforms@^7.29.7
381 silly packumentCache full:https://registry.npmjs.org/@babel%2fhelper-module-transforms cache-miss
382 http fetch GET 200 https://registry.npmjs.org/@babel%2ftemplate 598ms (cache stale)
383 silly packumentCache full:https://registry.npmjs.org/@babel%2ftemplate set size:237074 disposed:false
384 silly fetch manifest @babel/helper-compilation-targets@^7.29.7
385 silly packumentCache full:https://registry.npmjs.org/@babel%2fhelper-compilation-targets cache-miss
386 http fetch GET 200 https://registry.npmjs.org/@babel%2ftraverse 628ms (cache stale)
387 silly packumentCache full:https://registry.npmjs.org/@babel%2ftraverse set size:560074 disposed:false
388 http fetch GET 200 https://registry.npmjs.org/@babel%2fgenerator 764ms (cache stale)
389 silly packumentCache full:https://registry.npmjs.org/@babel%2fgenerator set size:520504 disposed:false
390 http fetch GET 200 https://registry.npmjs.org/@babel%2fhelper-module-transforms 623ms (cache stale)
391 silly packumentCache full:https://registry.npmjs.org/@babel%2fhelper-module-transforms set size:346454 disposed:false
392 http fetch GET 200 https://registry.npmjs.org/convert-source-map 798ms (cache stale)
393 silly packumentCache full:https://registry.npmjs.org/convert-source-map set size:66997 disposed:false
394 http fetch GET 200 https://registry.npmjs.org/@babel%2fcode-frame 894ms (cache stale)
395 silly packumentCache full:https://registry.npmjs.org/@babel%2fcode-frame set size:206617 disposed:false
396 http fetch GET 200 https://registry.npmjs.org/@jridgewell%2fremapping 740ms (cache stale)
397 silly packumentCache full:https://registry.npmjs.org/@jridgewell%2fremapping set size:23809 disposed:false
398 http fetch GET 200 https://registry.npmjs.org/@babel%2fhelper-compilation-targets 730ms (cache stale)
399 silly packumentCache full:https://registry.npmjs.org/@babel%2fhelper-compilation-targets set size:229541 disposed:false
400 silly timing Tried to end timer that doesn't exist: idealTree:#root
401 silly placeDep ROOT kysely@0.29.3 OK for: @better-auth/core@1.6.23 want: ^0.28.5 || ^0.29.0
402 silly fetch manifest @electric-sql/pglite@0.4.1
403 silly packumentCache full:https://registry.npmjs.org/@electric-sql%2fpglite cache-miss
404 http fetch GET 200 https://registry.npmjs.org/@electric-sql%2fpglite 10ms (cache stale)
405 silly packumentCache full:https://registry.npmjs.org/@electric-sql%2fpglite set size:344589 disposed:false
406 silly placeDep ROOT @electric-sql/pglite@0.4.1 OK for: @electric-sql/pglite-socket@0.1.1 want: 0.4.1
407 silly fetch manifest hono@^4
408 silly packumentCache full:https://registry.npmjs.org/hono cache-miss
409 http fetch GET 200 https://registry.npmjs.org/hono 31ms (cache stale)
410 silly packumentCache full:https://registry.npmjs.org/hono set size:5892346 disposed:false
411 silly placeDep ROOT hono@4.12.28 OK for: @hono/node-server@1.19.11 want: ^4
412 silly fetch manifest es-abstract@^1.23.5
413 silly packumentCache full:https://registry.npmjs.org/es-abstract cache-miss
414 http fetch GET 200 https://registry.npmjs.org/es-abstract 11ms (cache stale)
415 silly packumentCache full:https://registry.npmjs.org/es-abstract set size:384124 disposed:false
416 silly placeDep node_modules/arraybuffer.prototype.slice es-abstract@1.24.2 OK for: arraybuffer.prototype.slice@1.0.4 want: ^1.23.5
417 silly fetch manifest @esbuild/aix-ppc64@0.28.1
418 silly packumentCache full:https://registry.npmjs.org/@esbuild%2faix-ppc64 cache-miss
419 http fetch GET 200 https://registry.npmjs.org/@esbuild%2faix-ppc64 8ms (cache stale)
420 silly packumentCache full:https://registry.npmjs.org/@esbuild%2faix-ppc64 set size:65972 disposed:false
421 silly fetch manifest @esbuild/android-arm@0.28.1
422 silly packumentCache full:https://registry.npmjs.org/@esbuild%2fandroid-arm cache-miss
423 http fetch GET 200 https://registry.npmjs.org/@esbuild%2fandroid-arm 8ms (cache stale)
424 silly packumentCache full:https://registry.npmjs.org/@esbuild%2fandroid-arm set size:223400 disposed:false
425 silly fetch manifest @esbuild/android-arm64@0.28.1
426 silly packumentCache full:https://registry.npmjs.org/@esbuild%2fandroid-arm64 cache-miss
427 http fetch GET 200 https://registry.npmjs.org/@esbuild%2fandroid-arm64 10ms (cache stale)
428 silly packumentCache full:https://registry.npmjs.org/@esbuild%2fandroid-arm64 set size:202366 disposed:false
429 silly fetch manifest @esbuild/android-x64@0.28.1
430 silly packumentCache full:https://registry.npmjs.org/@esbuild%2fandroid-x64 cache-miss
431 http fetch GET 200 https://registry.npmjs.org/@esbuild%2fandroid-x64 11ms (cache stale)
432 silly packumentCache full:https://registry.npmjs.org/@esbuild%2fandroid-x64 set size:197200 disposed:false
433 silly fetch manifest @esbuild/darwin-arm64@0.28.1
434 silly packumentCache full:https://registry.npmjs.org/@esbuild%2fdarwin-arm64 cache-miss
435 http fetch GET 200 https://registry.npmjs.org/@esbuild%2fdarwin-arm64 10ms (cache stale)
436 silly packumentCache full:https://registry.npmjs.org/@esbuild%2fdarwin-arm64 set size:199630 disposed:false
437 silly fetch manifest @esbuild/darwin-x64@0.28.1
438 silly packumentCache full:https://registry.npmjs.org/@esbuild%2fdarwin-x64 cache-miss
439 http fetch GET 200 https://registry.npmjs.org/@esbuild%2fdarwin-x64 9ms (cache stale)
440 silly packumentCache full:https://registry.npmjs.org/@esbuild%2fdarwin-x64 set size:197848 disposed:false
441 silly fetch manifest @esbuild/freebsd-arm64@0.28.1
442 silly packumentCache full:https://registry.npmjs.org/@esbuild%2ffreebsd-arm64 cache-miss
443 http fetch GET 200 https://registry.npmjs.org/@esbuild%2ffreebsd-arm64 11ms (cache stale)
444 silly packumentCache full:https://registry.npmjs.org/@esbuild%2ffreebsd-arm64 set size:200534 disposed:false
445 silly fetch manifest @esbuild/freebsd-x64@0.28.1
446 silly packumentCache full:https://registry.npmjs.org/@esbuild%2ffreebsd-x64 cache-miss
447 http fetch GET 200 https://registry.npmjs.org/@esbuild%2ffreebsd-x64 12ms (cache stale)
448 silly packumentCache full:https://registry.npmjs.org/@esbuild%2ffreebsd-x64 set size:198734 disposed:false
449 silly fetch manifest @esbuild/linux-arm@0.28.1
450 silly packumentCache full:https://registry.npmjs.org/@esbuild%2flinux-arm cache-miss
451 http fetch GET 200 https://registry.npmjs.org/@esbuild%2flinux-arm 14ms (cache stale)
452 silly packumentCache full:https://registry.npmjs.org/@esbuild%2flinux-arm set size:196784 disposed:false
453 silly fetch manifest @esbuild/linux-arm64@0.28.1
454 silly packumentCache full:https://registry.npmjs.org/@esbuild%2flinux-arm64 cache-miss
455 http fetch GET 200 https://registry.npmjs.org/@esbuild%2flinux-arm64 10ms (cache stale)
456 silly packumentCache full:https://registry.npmjs.org/@esbuild%2flinux-arm64 set size:198939 disposed:false
457 silly fetch manifest @esbuild/linux-ia32@0.28.1
458 silly packumentCache full:https://registry.npmjs.org/@esbuild%2flinux-ia32 cache-miss
459 http fetch GET 200 https://registry.npmjs.org/@esbuild%2flinux-ia32 9ms (cache stale)
460 silly packumentCache full:https://registry.npmjs.org/@esbuild%2flinux-ia32 set size:197805 disposed:false
461 silly fetch manifest @esbuild/linux-loong64@0.28.1
462 silly packumentCache full:https://registry.npmjs.org/@esbuild%2flinux-loong64 cache-miss
463 http fetch GET 200 https://registry.npmjs.org/@esbuild%2flinux-loong64 15ms (cache stale)
464 silly packumentCache full:https://registry.npmjs.org/@esbuild%2flinux-loong64 set size:253896 disposed:false
465 silly fetch manifest @esbuild/linux-mips64el@0.28.1
466 silly packumentCache full:https://registry.npmjs.org/@esbuild%2flinux-mips64el cache-miss
467 http fetch GET 200 https://registry.npmjs.org/@esbuild%2flinux-mips64el 11ms (cache stale)
468 silly packumentCache full:https://registry.npmjs.org/@esbuild%2flinux-mips64el set size:202764 disposed:false
469 silly fetch manifest @esbuild/linux-ppc64@0.28.1
470 silly packumentCache full:https://registry.npmjs.org/@esbuild%2flinux-ppc64 cache-miss
471 http fetch GET 200 https://registry.npmjs.org/@esbuild%2flinux-ppc64 9ms (cache stale)
472 silly packumentCache full:https://registry.npmjs.org/@esbuild%2flinux-ppc64 set size:200994 disposed:false
473 silly fetch manifest @esbuild/linux-riscv64@0.28.1
474 silly packumentCache full:https://registry.npmjs.org/@esbuild%2flinux-riscv64 cache-miss
475 http fetch GET 200 https://registry.npmjs.org/@esbuild%2flinux-riscv64 10ms (cache stale)
476 silly packumentCache full:https://registry.npmjs.org/@esbuild%2flinux-riscv64 set size:200662 disposed:false
477 silly fetch manifest @esbuild/linux-s390x@0.28.1
478 silly packumentCache full:https://registry.npmjs.org/@esbuild%2flinux-s390x cache-miss
479 http fetch GET 200 https://registry.npmjs.org/@esbuild%2flinux-s390x 10ms (cache stale)
480 silly packumentCache full:https://registry.npmjs.org/@esbuild%2flinux-s390x set size:200463 disposed:false
481 silly fetch manifest @esbuild/linux-x64@0.28.1
482 silly packumentCache full:https://registry.npmjs.org/@esbuild%2flinux-x64 cache-miss
483 http fetch GET 200 https://registry.npmjs.org/@esbuild%2flinux-x64 28ms (cache stale)
484 silly packumentCache full:https://registry.npmjs.org/@esbuild%2flinux-x64 set size:197126 disposed:false
485 silly fetch manifest @esbuild/netbsd-arm64@0.28.1
486 silly packumentCache full:https://registry.npmjs.org/@esbuild%2fnetbsd-arm64 cache-miss
487 http fetch GET 200 https://registry.npmjs.org/@esbuild%2fnetbsd-arm64 8ms (cache stale)
488 silly packumentCache full:https://registry.npmjs.org/@esbuild%2fnetbsd-arm64 set size:42467 disposed:false
489 silly fetch manifest @esbuild/netbsd-x64@0.28.1
490 silly packumentCache full:https://registry.npmjs.org/@esbuild%2fnetbsd-x64 cache-miss
491 http fetch GET 200 https://registry.npmjs.org/@esbuild%2fnetbsd-x64 9ms (cache stale)
492 silly packumentCache full:https://registry.npmjs.org/@esbuild%2fnetbsd-x64 set size:195514 disposed:false
493 silly fetch manifest @esbuild/openbsd-arm64@0.28.1
494 silly packumentCache full:https://registry.npmjs.org/@esbuild%2fopenbsd-arm64 cache-miss
495 http fetch GET 200 https://registry.npmjs.org/@esbuild%2fopenbsd-arm64 10ms (cache stale)
496 silly packumentCache full:https://registry.npmjs.org/@esbuild%2fopenbsd-arm64 set size:47792 disposed:false
497 silly fetch manifest @esbuild/openbsd-x64@0.28.1
498 silly packumentCache full:https://registry.npmjs.org/@esbuild%2fopenbsd-x64 cache-miss
499 http fetch GET 200 https://registry.npmjs.org/@esbuild%2fopenbsd-x64 9ms (cache stale)
500 silly packumentCache full:https://registry.npmjs.org/@esbuild%2fopenbsd-x64 set size:198745 disposed:false
501 silly fetch manifest @esbuild/openharmony-arm64@0.28.1
502 silly packumentCache full:https://registry.npmjs.org/@esbuild%2fopenharmony-arm64 cache-miss
503 http fetch GET 200 https://registry.npmjs.org/@esbuild%2fopenharmony-arm64 7ms (cache stale)
504 silly packumentCache full:https://registry.npmjs.org/@esbuild%2fopenharmony-arm64 set size:31189 disposed:false
505 silly fetch manifest @esbuild/sunos-x64@0.28.1
506 silly packumentCache full:https://registry.npmjs.org/@esbuild%2fsunos-x64 cache-miss
507 http fetch GET 200 https://registry.npmjs.org/@esbuild%2fsunos-x64 8ms (cache stale)
508 silly packumentCache full:https://registry.npmjs.org/@esbuild%2fsunos-x64 set size:197370 disposed:false
509 silly fetch manifest @esbuild/win32-arm64@0.28.1
510 silly packumentCache full:https://registry.npmjs.org/@esbuild%2fwin32-arm64 cache-miss
511 http fetch GET 200 https://registry.npmjs.org/@esbuild%2fwin32-arm64 10ms (cache stale)
512 silly packumentCache full:https://registry.npmjs.org/@esbuild%2fwin32-arm64 set size:199171 disposed:false
513 silly fetch manifest @esbuild/win32-ia32@0.28.1
514 silly packumentCache full:https://registry.npmjs.org/@esbuild%2fwin32-ia32 cache-miss
515 http fetch GET 200 https://registry.npmjs.org/@esbuild%2fwin32-ia32 12ms (cache stale)
516 silly packumentCache full:https://registry.npmjs.org/@esbuild%2fwin32-ia32 set size:198030 disposed:false
517 silly placeDep ROOT @esbuild/aix-ppc64@0.28.1 OK for: esbuild@0.28.1 want: 0.28.1
518 silly placeDep ROOT @esbuild/android-arm@0.28.1 OK for: esbuild@0.28.1 want: 0.28.1
519 silly placeDep ROOT @esbuild/android-arm64@0.28.1 OK for: esbuild@0.28.1 want: 0.28.1
520 silly placeDep ROOT @esbuild/android-x64@0.28.1 OK for: esbuild@0.28.1 want: 0.28.1
521 silly placeDep ROOT @esbuild/darwin-arm64@0.28.1 OK for: esbuild@0.28.1 want: 0.28.1
522 silly placeDep ROOT @esbuild/darwin-x64@0.28.1 OK for: esbuild@0.28.1 want: 0.28.1
523 silly placeDep ROOT @esbuild/freebsd-arm64@0.28.1 OK for: esbuild@0.28.1 want: 0.28.1
524 silly placeDep ROOT @esbuild/freebsd-x64@0.28.1 OK for: esbuild@0.28.1 want: 0.28.1
525 silly placeDep ROOT @esbuild/linux-arm@0.28.1 OK for: esbuild@0.28.1 want: 0.28.1
526 silly placeDep ROOT @esbuild/linux-arm64@0.28.1 OK for: esbuild@0.28.1 want: 0.28.1
527 silly placeDep ROOT @esbuild/linux-ia32@0.28.1 OK for: esbuild@0.28.1 want: 0.28.1
528 silly placeDep ROOT @esbuild/linux-loong64@0.28.1 OK for: esbuild@0.28.1 want: 0.28.1
529 silly placeDep ROOT @esbuild/linux-mips64el@0.28.1 OK for: esbuild@0.28.1 want: 0.28.1
530 silly placeDep ROOT @esbuild/linux-ppc64@0.28.1 OK for: esbuild@0.28.1 want: 0.28.1
531 silly placeDep ROOT @esbuild/linux-riscv64@0.28.1 OK for: esbuild@0.28.1 want: 0.28.1
532 silly placeDep ROOT @esbuild/linux-s390x@0.28.1 OK for: esbuild@0.28.1 want: 0.28.1
533 silly placeDep ROOT @esbuild/linux-x64@0.28.1 OK for: esbuild@0.28.1 want: 0.28.1
534 silly placeDep ROOT @esbuild/netbsd-arm64@0.28.1 OK for: esbuild@0.28.1 want: 0.28.1
535 silly placeDep ROOT @esbuild/netbsd-x64@0.28.1 OK for: esbuild@0.28.1 want: 0.28.1
536 silly placeDep ROOT @esbuild/openbsd-arm64@0.28.1 OK for: esbuild@0.28.1 want: 0.28.1
537 silly placeDep ROOT @esbuild/openbsd-x64@0.28.1 OK for: esbuild@0.28.1 want: 0.28.1
538 silly placeDep ROOT @esbuild/openharmony-arm64@0.28.1 OK for: esbuild@0.28.1 want: 0.28.1
539 silly placeDep ROOT @esbuild/sunos-x64@0.28.1 OK for: esbuild@0.28.1 want: 0.28.1
540 silly placeDep ROOT @esbuild/win32-arm64@0.28.1 OK for: esbuild@0.28.1 want: 0.28.1
541 silly placeDep ROOT @esbuild/win32-ia32@0.28.1 OK for: esbuild@0.28.1 want: 0.28.1
542 silly fetch manifest typescript-eslint@^8.46.0
543 silly packumentCache full:https://registry.npmjs.org/typescript-eslint cache-miss
544 http fetch GET 200 https://registry.npmjs.org/typescript-eslint 476ms (cache stale)
545 silly packumentCache full:https://registry.npmjs.org/typescript-eslint set size:4232634 disposed:false
546 silly fetch manifest eslint@>=9.0.0
547 silly packumentCache full:https://registry.npmjs.org/eslint cache-miss
548 http fetch GET 200 https://registry.npmjs.org/eslint 18ms (cache stale)
549 silly packumentCache full:https://registry.npmjs.org/eslint set size:2019015 disposed:false
550 silly fetch manifest typescript@>=3.3.1
551 silly packumentCache full:https://registry.npmjs.org/typescript cache-miss
552 http fetch GET 200 https://registry.npmjs.org/typescript 62ms (cache stale)
553 silly packumentCache full:https://registry.npmjs.org/typescript set size:15418681 disposed:false
554 silly fetch manifest typescript@>=4.8.4 <6.1.0
555 silly packumentCache full:https://registry.npmjs.org/typescript cache-miss
556 http fetch GET 200 https://registry.npmjs.org/typescript 75ms (cache stale)
557 silly packumentCache full:https://registry.npmjs.org/typescript set size:15418681 disposed:false
558 silly fetch manifest eslint@^3 || ^4 || ^5 || ^6 || ^7 || ^8 || ^9.7
559 silly packumentCache full:https://registry.npmjs.org/eslint cache-miss
560 http fetch GET 200 https://registry.npmjs.org/eslint 31ms (cache stale)
561 silly packumentCache full:https://registry.npmjs.org/eslint set size:2019015 disposed:false
562 silly fetch manifest eslint@^2 || ^3 || ^4 || ^5 || ^6 || ^7.2.0 || ^8 || ^9
563 silly packumentCache full:https://registry.npmjs.org/eslint cache-miss
564 http fetch GET 200 https://registry.npmjs.org/eslint 18ms (cache stale)
565 silly packumentCache full:https://registry.npmjs.org/eslint set size:2019015 disposed:false
566 silly fetch manifest eslint@^3 || ^4 || ^5 || ^6 || ^7 || ^8 || ^9
567 silly packumentCache full:https://registry.npmjs.org/eslint cache-miss
568 http fetch GET 200 https://registry.npmjs.org/eslint 13ms (cache stale)
569 silly packumentCache full:https://registry.npmjs.org/eslint set size:2019015 disposed:false
570 silly fetch manifest eslint-plugin-import-x@*
571 silly packumentCache full:https://registry.npmjs.org/eslint-plugin-import-x cache-miss
572 http fetch GET 200 https://registry.npmjs.org/eslint-plugin-import-x 758ms (cache miss)
573 silly packumentCache full:https://registry.npmjs.org/eslint-plugin-import-x set size:undefined disposed:false
574 silly fetch manifest @typescript-eslint/utils@^8.56.0
575 silly packumentCache full:https://registry.npmjs.org/@typescript-eslint%2futils cache-miss
576 http fetch GET 200 https://registry.npmjs.org/@typescript-eslint%2futils 893ms (cache stale)
577 silly packumentCache full:https://registry.npmjs.org/@typescript-eslint%2futils set size:10419698 disposed:false
578 silly fetch manifest eslint-import-resolver-node@^0.3.6
579 silly packumentCache full:https://registry.npmjs.org/eslint-import-resolver-node cache-miss
580 http fetch GET 200 https://registry.npmjs.org/eslint-import-resolver-node 131ms (cache stale)
581 silly packumentCache full:https://registry.npmjs.org/eslint-import-resolver-node set size:39118 disposed:false
582 silly placeDep ROOT eslint-import-resolver-typescript@3.10.1 OK for: eslint-config-next@16.2.10 want: ^3.5.2
583 silly placeDep ROOT eslint-plugin-import@2.32.0 OK for: eslint-config-next@16.2.10 want: ^2.32.0
584 silly placeDep ROOT eslint@9.39.4 REPLACE for: eslint-plugin-import@2.32.0 want: ^2 || ^3 || ^4 || ^5 || ^6 || ^7.2.0 || ^8 || ^9
585 silly placeDep ROOT eslint-plugin-jsx-a11y@6.10.2 OK for: eslint-config-next@16.2.10 want: ^6.10.0
586 silly placeDep ROOT eslint-plugin-react@7.37.5 OK for: eslint-config-next@16.2.10 want: ^7.37.0
587 silly placeDep ROOT typescript-eslint@8.63.0 OK for: eslint-config-next@16.2.10 want: ^8.46.0
588 silly placeDep ROOT typescript@6.0.3 REPLACE for: typescript-eslint@8.63.0 want: >=4.8.4 <6.1.0
589 silly fetch manifest stable-hash@^0.0.5
590 silly packumentCache full:https://registry.npmjs.org/stable-hash cache-miss
591 silly fetch manifest get-tsconfig@^4.10.0
592 silly packumentCache full:https://registry.npmjs.org/get-tsconfig cache-miss
593 silly fetch manifest is-bun-module@^2.0.0
594 silly packumentCache full:https://registry.npmjs.org/is-bun-module cache-miss
595 silly fetch manifest unrs-resolver@^1.6.2
596 silly packumentCache full:https://registry.npmjs.org/unrs-resolver cache-miss
597 silly fetch manifest @nolyfill/is-core-module@1.0.39
598 silly packumentCache full:https://registry.npmjs.org/@nolyfill%2fis-core-module cache-miss
599 silly fetch manifest @rtsao/scc@^1.1.0
600 silly packumentCache full:https://registry.npmjs.org/@rtsao%2fscc cache-miss
601 silly fetch manifest array.prototype.findlastindex@^1.2.6
602 silly packumentCache full:https://registry.npmjs.org/array.prototype.findlastindex cache-miss
603 http fetch GET 200 https://registry.npmjs.org/is-bun-module 194ms (cache stale)
604 silly packumentCache full:https://registry.npmjs.org/is-bun-module set size:19768 disposed:false
605 silly fetch manifest debug@^3.2.7
606 silly packumentCache full:https://registry.npmjs.org/debug cache-hit
607 silly fetch manifest eslint-module-utils@^2.12.1
608 silly packumentCache full:https://registry.npmjs.org/eslint-module-utils cache-miss
609 http fetch GET 200 https://registry.npmjs.org/stable-hash 418ms (cache stale)
610 silly packumentCache full:https://registry.npmjs.org/stable-hash set size:18359 disposed:false
611 silly fetch manifest minimatch@^3.1.2
612 silly packumentCache full:https://registry.npmjs.org/minimatch cache-miss
613 http fetch GET 200 https://registry.npmjs.org/get-tsconfig 497ms (cache stale)
614 silly packumentCache full:https://registry.npmjs.org/get-tsconfig set size:128095 disposed:false
615 silly fetch manifest object.groupby@^1.0.3
616 silly packumentCache full:https://registry.npmjs.org/object.groupby cache-miss
617 http fetch GET 200 https://registry.npmjs.org/unrs-resolver 507ms (cache stale)
618 silly packumentCache full:https://registry.npmjs.org/unrs-resolver set size:151128 disposed:false
619 silly fetch manifest tsconfig-paths@^3.15.0
620 silly packumentCache full:https://registry.npmjs.org/tsconfig-paths cache-miss
621 http fetch GET 200 https://registry.npmjs.org/@nolyfill%2fis-core-module 701ms (cache stale)
622 silly packumentCache full:https://registry.npmjs.org/@nolyfill%2fis-core-module set size:10461 disposed:false
623 silly fetch manifest chalk@^4.0.0
624 silly packumentCache full:https://registry.npmjs.org/chalk cache-miss
625 http fetch GET 200 https://registry.npmjs.org/@rtsao%2fscc 756ms (cache stale)
626 silly packumentCache full:https://registry.npmjs.org/@rtsao%2fscc set size:6332 disposed:false
627 silly fetch manifest espree@^10.4.0
628 silly packumentCache full:https://registry.npmjs.org/espree cache-miss
629 http fetch GET 200 https://registry.npmjs.org/array.prototype.findlastindex 769ms (cache stale)
630 silly packumentCache full:https://registry.npmjs.org/array.prototype.findlastindex set size:44828 disposed:false
631 silly fetch manifest minimatch@^3.1.5
632 silly packumentCache full:https://registry.npmjs.org/minimatch cache-miss
633 http fetch GET 200 https://registry.npmjs.org/minimatch 357ms (cache stale)
634 silly packumentCache full:https://registry.npmjs.org/minimatch set size:375282 disposed:false
635 silly fetch manifest @eslint/js@9.39.4
636 silly packumentCache full:https://registry.npmjs.org/@eslint%2fjs cache-miss
637 http fetch GET 200 https://registry.npmjs.org/minimatch 125ms (cache stale)
638 silly packumentCache full:https://registry.npmjs.org/minimatch set size:375282 disposed:false
639 silly packumentCache full:https://registry.npmjs.org/minimatch dispose
640 silly fetch manifest @eslint/core@^0.17.0
641 silly packumentCache full:https://registry.npmjs.org/@eslint%2fcore cache-miss
642 http fetch GET 200 https://registry.npmjs.org/eslint-module-utils 751ms (cache stale)
643 silly packumentCache full:https://registry.npmjs.org/eslint-module-utils set size:83654 disposed:false
644 silly fetch manifest eslint-scope@^8.4.0
645 silly packumentCache full:https://registry.npmjs.org/eslint-scope cache-miss
646 http fetch GET 200 https://registry.npmjs.org/object.groupby 506ms (cache stale)
647 silly packumentCache full:https://registry.npmjs.org/object.groupby set size:15504 disposed:false
648 silly fetch manifest lodash.merge@^4.6.2
649 silly packumentCache full:https://registry.npmjs.org/lodash.merge cache-miss
650 http fetch GET 200 https://registry.npmjs.org/tsconfig-paths 546ms (cache stale)
651 silly packumentCache full:https://registry.npmjs.org/tsconfig-paths set size:192565 disposed:false
652 silly fetch manifest @types/estree@^1.0.6
653 silly packumentCache full:https://registry.npmjs.org/@types%2festree cache-miss
654 http fetch GET 200 https://registry.npmjs.org/espree 467ms (cache stale)
655 silly packumentCache full:https://registry.npmjs.org/espree set size:326080 disposed:false
656 silly fetch manifest @eslint/eslintrc@^3.3.5
657 silly packumentCache full:https://registry.npmjs.org/@eslint%2feslintrc cache-miss
658 http fetch GET 200 https://registry.npmjs.org/chalk 539ms (cache miss)
659 silly packumentCache full:https://registry.npmjs.org/chalk set size:undefined disposed:false
660 silly fetch manifest @eslint/plugin-kit@^0.4.1
661 silly packumentCache full:https://registry.npmjs.org/@eslint%2fplugin-kit cache-miss
662 http fetch GET 200 https://registry.npmjs.org/@eslint%2fcore 343ms (cache stale)
663 silly packumentCache full:https://registry.npmjs.org/@eslint%2fcore set size:58023 disposed:false
664 silly fetch manifest eslint-visitor-keys@^4.2.1
665 silly packumentCache full:https://registry.npmjs.org/eslint-visitor-keys cache-miss
666 http fetch GET 200 https://registry.npmjs.org/lodash.merge 265ms (cache miss)
667 silly packumentCache full:https://registry.npmjs.org/lodash.merge set size:undefined disposed:false
668 silly fetch manifest @eslint/config-array@^0.21.2
669 silly packumentCache full:https://registry.npmjs.org/@eslint%2fconfig-array cache-miss
670 http fetch GET 200 https://registry.npmjs.org/eslint-scope 330ms (cache stale)
671 silly packumentCache full:https://registry.npmjs.org/eslint-scope set size:98867 disposed:false
672 silly fetch manifest @eslint/config-helpers@^0.4.2
673 silly packumentCache full:https://registry.npmjs.org/@eslint%2fconfig-helpers cache-miss
674 http fetch GET 200 https://registry.npmjs.org/@eslint%2fjs 527ms (cache miss)
675 silly packumentCache full:https://registry.npmjs.org/@eslint%2fjs set size:undefined disposed:false
676 silly fetch manifest aria-query@^5.3.2
677 silly packumentCache full:https://registry.npmjs.org/aria-query cache-miss
678 http fetch GET 200 https://registry.npmjs.org/@types%2festree 252ms (cache stale)
679 silly packumentCache full:https://registry.npmjs.org/@types%2festree set size:76072 disposed:false
680 silly fetch manifest ast-types-flow@^0.0.8
681 silly packumentCache full:https://registry.npmjs.org/ast-types-flow cache-miss
682 http fetch GET 200 https://registry.npmjs.org/aria-query 101ms (cache stale)
683 silly packumentCache full:https://registry.npmjs.org/aria-query set size:98864 disposed:false
684 silly fetch manifest axe-core@^4.10.0
685 silly packumentCache full:https://registry.npmjs.org/axe-core cache-miss
686 http fetch GET 200 https://registry.npmjs.org/@eslint%2fplugin-kit 203ms (cache stale)
687 silly packumentCache full:https://registry.npmjs.org/@eslint%2fplugin-kit set size:76057 disposed:false
688 silly fetch manifest axobject-query@^4.1.0
689 silly packumentCache full:https://registry.npmjs.org/axobject-query cache-miss
690 http fetch GET 200 https://registry.npmjs.org/ast-types-flow 217ms (cache stale)
691 silly packumentCache full:https://registry.npmjs.org/ast-types-flow set size:15144 disposed:false
692 silly fetch manifest damerau-levenshtein@^1.0.8
693 silly packumentCache full:https://registry.npmjs.org/damerau-levenshtein cache-miss
694 http fetch GET 200 https://registry.npmjs.org/@eslint%2feslintrc 359ms (cache miss)
695 silly packumentCache full:https://registry.npmjs.org/@eslint%2feslintrc set size:undefined disposed:false
696 silly fetch manifest emoji-regex@^9.2.2
697 silly packumentCache full:https://registry.npmjs.org/emoji-regex cache-miss
698 http fetch GET 200 https://registry.npmjs.org/@eslint%2fconfig-helpers 315ms (cache stale)
699 silly packumentCache full:https://registry.npmjs.org/@eslint%2fconfig-helpers set size:52610 disposed:false
700 silly fetch manifest language-tags@^1.0.9
701 silly packumentCache full:https://registry.npmjs.org/language-tags cache-miss
702 http fetch GET 200 https://registry.npmjs.org/@eslint%2fconfig-array 331ms (cache stale)
703 silly packumentCache full:https://registry.npmjs.org/@eslint%2fconfig-array set size:74140 disposed:false
704 silly fetch manifest string.prototype.includes@^2.0.1
705 silly packumentCache full:https://registry.npmjs.org/string.prototype.includes cache-miss
706 http fetch GET 200 https://registry.npmjs.org/eslint-visitor-keys 417ms (cache stale)
707 silly packumentCache full:https://registry.npmjs.org/eslint-visitor-keys set size:69949 disposed:false
708 silly fetch manifest array.prototype.findlast@^1.2.5
709 silly packumentCache full:https://registry.npmjs.org/array.prototype.findlast cache-miss
710 http fetch GET 200 https://registry.npmjs.org/axobject-query 293ms (cache stale)
711 silly packumentCache full:https://registry.npmjs.org/axobject-query set size:75032 disposed:false
712 silly fetch manifest array.prototype.tosorted@^1.1.4
713 silly packumentCache full:https://registry.npmjs.org/array.prototype.tosorted cache-miss
714 http fetch GET 200 https://registry.npmjs.org/axe-core 743ms (cache stale)
715 silly packumentCache full:https://registry.npmjs.org/axe-core set size:9527655 disposed:false
716 silly fetch manifest es-iterator-helpers@^1.2.1
717 silly packumentCache full:https://registry.npmjs.org/es-iterator-helpers cache-miss
718 http fetch GET 200 https://registry.npmjs.org/damerau-levenshtein 740ms (cache stale)
719 silly packumentCache full:https://registry.npmjs.org/damerau-levenshtein set size:23390 disposed:false
720 silly fetch manifest prop-types@^15.8.1
721 silly packumentCache full:https://registry.npmjs.org/prop-types cache-miss
722 http fetch GET 200 https://registry.npmjs.org/emoji-regex 772ms (cache stale)
723 silly packumentCache full:https://registry.npmjs.org/emoji-regex set size:89064 disposed:false
724 silly fetch manifest string.prototype.matchall@^4.0.12
725 silly packumentCache full:https://registry.npmjs.org/string.prototype.matchall cache-miss
726 http fetch GET 200 https://registry.npmjs.org/language-tags 882ms (cache stale)
727 silly packumentCache full:https://registry.npmjs.org/language-tags set size:38675 disposed:false
728 silly fetch manifest string.prototype.repeat@^1.0.0
729 silly packumentCache full:https://registry.npmjs.org/string.prototype.repeat cache-miss
730 http fetch GET 200 https://registry.npmjs.org/array.prototype.tosorted 808ms (cache stale)
731 silly packumentCache full:https://registry.npmjs.org/array.prototype.tosorted set size:24661 disposed:false
732 silly fetch manifest @typescript-eslint/utils@8.63.0
733 silly packumentCache full:https://registry.npmjs.org/@typescript-eslint%2futils cache-miss
734 http fetch GET 200 https://registry.npmjs.org/array.prototype.findlast 895ms (cache stale)
735 silly packumentCache full:https://registry.npmjs.org/array.prototype.findlast set size:40323 disposed:false
736 silly fetch manifest @typescript-eslint/parser@8.63.0
737 silly packumentCache full:https://registry.npmjs.org/@typescript-eslint%2fparser cache-miss
738 http fetch GET 200 https://registry.npmjs.org/string.prototype.includes 1085ms (cache stale)
739 silly packumentCache full:https://registry.npmjs.org/string.prototype.includes set size:10217 disposed:false
740 silly fetch manifest @typescript-eslint/eslint-plugin@8.63.0
741 silly packumentCache full:https://registry.npmjs.org/@typescript-eslint%2feslint-plugin cache-miss
742 http fetch GET 200 https://registry.npmjs.org/@typescript-eslint%2futils 180ms (cache stale)
743 silly packumentCache full:https://registry.npmjs.org/@typescript-eslint%2futils set size:10419698 disposed:false
744 silly fetch manifest @typescript-eslint/typescript-estree@8.63.0
745 silly packumentCache full:https://registry.npmjs.org/@typescript-eslint%2ftypescript-estree cache-miss
746 http fetch GET 200 https://registry.npmjs.org/es-iterator-helpers 563ms (cache stale)
747 silly packumentCache full:https://registry.npmjs.org/es-iterator-helpers set size:269439 disposed:false
748 http fetch GET 200 https://registry.npmjs.org/prop-types 563ms (cache stale)
749 silly packumentCache full:https://registry.npmjs.org/prop-types set size:76747 disposed:false
750 http fetch GET 200 https://registry.npmjs.org/string.prototype.matchall 471ms (cache stale)
751 silly packumentCache full:https://registry.npmjs.org/string.prototype.matchall set size:63239 disposed:false
752 http fetch GET 200 https://registry.npmjs.org/@typescript-eslint%2feslint-plugin 241ms (cache stale)
753 silly packumentCache full:https://registry.npmjs.org/@typescript-eslint%2feslint-plugin set size:18250593 disposed:false
754 http fetch GET 200 https://registry.npmjs.org/string.prototype.repeat 584ms (cache stale)
755 silly packumentCache full:https://registry.npmjs.org/string.prototype.repeat set size:8608 disposed:false
756 http fetch GET 200 https://registry.npmjs.org/@typescript-eslint%2fparser 1874ms (cache stale)
757 silly packumentCache full:https://registry.npmjs.org/@typescript-eslint%2fparser set size:15427454 disposed:false
758 http fetch GET 200 https://registry.npmjs.org/@typescript-eslint%2ftypescript-estree 2455ms (cache stale)
759 silly packumentCache full:https://registry.npmjs.org/@typescript-eslint%2ftypescript-estree set size:16654166 disposed:false
760 silly placeDep ROOT @eslint/config-array@0.21.2 OK for: eslint@9.39.4 want: ^0.21.2
761 silly placeDep ROOT @eslint/config-helpers@0.4.2 OK for: eslint@9.39.4 want: ^0.4.2
762 silly placeDep ROOT @eslint/core@0.17.0 OK for: eslint@9.39.4 want: ^0.17.0
763 silly placeDep ROOT @eslint/eslintrc@3.3.5 OK for: eslint@9.39.4 want: ^3.3.5
764 silly placeDep ROOT @eslint/js@9.39.4 OK for: eslint@9.39.4 want: 9.39.4
765 silly placeDep ROOT @eslint/plugin-kit@0.4.1 OK for: eslint@9.39.4 want: ^0.4.1
766 silly placeDep ROOT @types/estree@1.0.9 OK for: eslint@9.39.4 want: ^1.0.6
767 silly placeDep ROOT chalk@4.1.2 OK for: eslint@9.39.4 want: ^4.0.0
768 silly placeDep ROOT eslint-scope@8.4.0 OK for: eslint@9.39.4 want: ^8.4.0
769 silly placeDep ROOT eslint-visitor-keys@4.2.1 OK for: eslint@9.39.4 want: ^4.2.1
770 silly placeDep ROOT espree@10.4.0 OK for: eslint@9.39.4 want: ^10.4.0
771 silly placeDep ROOT lodash.merge@4.6.2 OK for: eslint@9.39.4 want: ^4.6.2
772 silly placeDep ROOT minimatch@3.1.5 OK for: eslint@9.39.4 want: ^3.1.5
773 silly fetch manifest @eslint/object-schema@^2.1.7
774 silly packumentCache full:https://registry.npmjs.org/@eslint%2fobject-schema cache-miss
775 silly fetch manifest @types/json-schema@^7.0.15
776 silly packumentCache full:https://registry.npmjs.org/@types%2fjson-schema cache-miss
777 silly fetch manifest espree@^10.0.1
778 silly packumentCache full:https://registry.npmjs.org/espree cache-hit
779 silly fetch manifest globals@^14.0.0
780 silly packumentCache full:https://registry.npmjs.org/globals cache-miss
781 silly fetch manifest import-fresh@^3.2.1
782 silly packumentCache full:https://registry.npmjs.org/import-fresh cache-miss
783 silly fetch manifest js-yaml@^4.1.1
784 silly packumentCache full:https://registry.npmjs.org/js-yaml cache-miss
785 silly fetch manifest strip-json-comments@^3.1.1
786 silly packumentCache full:https://registry.npmjs.org/strip-json-comments cache-miss
787 silly fetch manifest ansi-styles@^4.1.0
788 silly packumentCache full:https://registry.npmjs.org/ansi-styles cache-miss
789 http fetch GET 200 https://registry.npmjs.org/import-fresh 583ms (cache miss)
790 silly packumentCache full:https://registry.npmjs.org/import-fresh set size:undefined disposed:false
791 silly fetch manifest supports-color@^7.1.0
792 silly packumentCache full:https://registry.npmjs.org/supports-color cache-miss
793 http fetch GET 200 https://registry.npmjs.org/@eslint%2fobject-schema 791ms (cache stale)
794 silly packumentCache full:https://registry.npmjs.org/@eslint%2fobject-schema set size:38535 disposed:false
795 silly fetch manifest esrecurse@^4.3.0
796 silly packumentCache full:https://registry.npmjs.org/esrecurse cache-miss
797 http fetch GET 200 https://registry.npmjs.org/globals 873ms (cache stale)
798 silly packumentCache full:https://registry.npmjs.org/globals set size:319673 disposed:false
799 silly fetch manifest acorn@^8.15.0
800 silly packumentCache full:https://registry.npmjs.org/acorn cache-miss
801 http fetch GET 200 https://registry.npmjs.org/@types%2fjson-schema 880ms (cache stale)
802 silly packumentCache full:https://registry.npmjs.org/@types%2fjson-schema set size:44704 disposed:false
803 silly fetch manifest acorn-jsx@^5.3.2
804 silly packumentCache full:https://registry.npmjs.org/acorn-jsx cache-miss
805 http fetch GET 200 https://registry.npmjs.org/strip-json-comments 922ms (cache miss)
806 silly packumentCache full:https://registry.npmjs.org/strip-json-comments set size:undefined disposed:false
807 silly fetch manifest brace-expansion@^1.1.7
808 silly packumentCache full:https://registry.npmjs.org/brace-expansion cache-miss
809 http fetch GET 200 https://registry.npmjs.org/js-yaml 1012ms (cache miss)
810 silly packumentCache full:https://registry.npmjs.org/js-yaml set size:undefined disposed:false
811 http fetch GET 200 https://registry.npmjs.org/ansi-styles 1017ms (cache miss)
812 silly packumentCache full:https://registry.npmjs.org/ansi-styles set size:undefined disposed:false
813 http fetch GET 200 https://registry.npmjs.org/supports-color 444ms (cache miss)
814 silly packumentCache full:https://registry.npmjs.org/supports-color set size:undefined disposed:false
815 http fetch GET 200 https://registry.npmjs.org/brace-expansion 105ms (cache stale)
816 silly packumentCache full:https://registry.npmjs.org/brace-expansion set size:78539 disposed:false
817 http fetch GET 200 https://registry.npmjs.org/esrecurse 357ms (cache stale)
818 silly packumentCache full:https://registry.npmjs.org/esrecurse set size:29005 disposed:false
819 http fetch GET 200 https://registry.npmjs.org/acorn-jsx 282ms (cache stale)
820 silly packumentCache full:https://registry.npmjs.org/acorn-jsx set size:71068 disposed:false
821 http fetch GET 200 https://registry.npmjs.org/acorn 388ms (cache stale)
822 silly packumentCache full:https://registry.npmjs.org/acorn set size:381366 disposed:false
823 silly placeDep ROOT @eslint/object-schema@2.1.7 OK for: @eslint/config-array@0.21.2 want: ^2.1.7
824 silly placeDep ROOT @types/json-schema@7.0.15 OK for: @eslint/core@0.17.0 want: ^7.0.15
825 silly placeDep node_modules/@eslint/eslintrc globals@14.0.0 OK for: @eslint/eslintrc@3.3.5 want: ^14.0.0
826 silly placeDep ROOT import-fresh@3.3.1 OK for: @eslint/eslintrc@3.3.5 want: ^3.2.1
827 silly placeDep ROOT js-yaml@4.3.0 OK for: @eslint/eslintrc@3.3.5 want: ^4.1.1
828 silly placeDep ROOT strip-json-comments@3.1.1 OK for: @eslint/eslintrc@3.3.5 want: ^3.1.1
829 silly fetch manifest resolve-from@^4.0.0
830 silly packumentCache full:https://registry.npmjs.org/resolve-from cache-miss
831 silly fetch manifest parent-module@^1.0.0
832 silly packumentCache full:https://registry.npmjs.org/parent-module cache-miss
833 silly fetch manifest argparse@^2.0.1
834 silly packumentCache full:https://registry.npmjs.org/argparse cache-miss
835 http fetch GET 200 https://registry.npmjs.org/resolve-from 160ms (cache miss)
836 silly packumentCache full:https://registry.npmjs.org/resolve-from set size:undefined disposed:false
837 http fetch GET 200 https://registry.npmjs.org/parent-module 162ms (cache miss)
838 silly packumentCache full:https://registry.npmjs.org/parent-module set size:undefined disposed:false
839 http fetch GET 200 https://registry.npmjs.org/argparse 164ms (cache miss)
840 silly packumentCache full:https://registry.npmjs.org/argparse set size:undefined disposed:false
841 silly placeDep ROOT ansi-styles@4.3.0 OK for: chalk@4.1.2 want: ^4.1.0
842 silly placeDep ROOT supports-color@7.2.0 OK for: chalk@4.1.2 want: ^7.1.0
843 silly fetch manifest color-convert@^2.0.1
844 silly packumentCache full:https://registry.npmjs.org/color-convert cache-miss
845 silly fetch manifest has-flag@^4.0.0
846 silly packumentCache full:https://registry.npmjs.org/has-flag cache-miss
847 http fetch GET 200 https://registry.npmjs.org/has-flag 128ms (cache miss)
848 silly packumentCache full:https://registry.npmjs.org/has-flag set size:undefined disposed:false
849 http fetch GET 200 https://registry.npmjs.org/color-convert 136ms (cache miss)
850 silly packumentCache full:https://registry.npmjs.org/color-convert set size:undefined disposed:false
851 silly placeDep ROOT color-convert@2.0.1 OK for: ansi-styles@4.3.0 want: ^2.0.1
852 silly fetch manifest color-name@~1.1.4
853 silly packumentCache full:https://registry.npmjs.org/color-name cache-miss
854 http fetch GET 200 https://registry.npmjs.org/color-name 134ms (cache miss)
855 silly packumentCache full:https://registry.npmjs.org/color-name set size:undefined disposed:false
856 silly placeDep ROOT color-name@1.1.4 OK for: color-convert@2.0.1 want: ~1.1.4
857 silly placeDep ROOT @nolyfill/is-core-module@1.0.39 OK for: eslint-import-resolver-typescript@3.10.1 want: 1.0.39
858 silly placeDep ROOT get-tsconfig@4.14.0 OK for: eslint-import-resolver-typescript@3.10.1 want: ^4.10.0
859 silly placeDep ROOT is-bun-module@2.0.0 OK for: eslint-import-resolver-typescript@3.10.1 want: ^2.0.0
860 silly placeDep ROOT stable-hash@0.0.5 OK for: eslint-import-resolver-typescript@3.10.1 want: ^0.0.5
861 silly placeDep ROOT unrs-resolver@1.12.2 OK for: eslint-import-resolver-typescript@3.10.1 want: ^1.6.2
862 silly fetch manifest resolve-pkg-maps@^1.0.0
863 silly packumentCache full:https://registry.npmjs.org/resolve-pkg-maps cache-miss
864 silly fetch manifest semver@^7.7.1
865 silly packumentCache full:https://registry.npmjs.org/semver cache-hit
866 silly fetch manifest napi-postinstall@^0.3.4
867 silly packumentCache full:https://registry.npmjs.org/napi-postinstall cache-miss
868 silly fetch manifest @unrs/resolver-binding-darwin-arm64@1.12.2
869 silly packumentCache full:https://registry.npmjs.org/@unrs%2fresolver-binding-darwin-arm64 cache-miss
870 silly fetch manifest @unrs/resolver-binding-android-arm64@1.12.2
871 silly packumentCache full:https://registry.npmjs.org/@unrs%2fresolver-binding-android-arm64 cache-miss
872 silly fetch manifest @unrs/resolver-binding-win32-arm64-msvc@1.12.2
873 silly packumentCache full:https://registry.npmjs.org/@unrs%2fresolver-binding-win32-arm64-msvc cache-miss
874 silly fetch manifest @unrs/resolver-binding-linux-arm64-gnu@1.12.2
875 silly packumentCache full:https://registry.npmjs.org/@unrs%2fresolver-binding-linux-arm64-gnu cache-miss
876 silly fetch manifest @unrs/resolver-binding-linux-arm64-musl@1.12.2
877 silly packumentCache full:https://registry.npmjs.org/@unrs%2fresolver-binding-linux-arm64-musl cache-miss
878 http fetch GET 200 https://registry.npmjs.org/@unrs%2fresolver-binding-darwin-arm64 17ms (cache stale)
879 silly packumentCache full:https://registry.npmjs.org/@unrs%2fresolver-binding-darwin-arm64 set size:63676 disposed:false
880 silly fetch manifest @unrs/resolver-binding-openharmony-arm64@1.12.2
881 silly packumentCache full:https://registry.npmjs.org/@unrs%2fresolver-binding-openharmony-arm64 cache-miss
882 http fetch GET 200 https://registry.npmjs.org/@unrs%2fresolver-binding-android-arm64 18ms (cache stale)
883 silly packumentCache full:https://registry.npmjs.org/@unrs%2fresolver-binding-android-arm64 set size:17616 disposed:false
884 silly fetch manifest @unrs/resolver-binding-android-arm-eabi@1.12.2
885 silly packumentCache full:https://registry.npmjs.org/@unrs%2fresolver-binding-android-arm-eabi cache-miss
886 http fetch GET 200 https://registry.npmjs.org/@unrs%2fresolver-binding-win32-arm64-msvc 22ms (cache stale)
887 silly packumentCache full:https://registry.npmjs.org/@unrs%2fresolver-binding-win32-arm64-msvc set size:64613 disposed:false
888 silly fetch manifest @unrs/resolver-binding-linux-arm-gnueabihf@1.12.2
889 silly packumentCache full:https://registry.npmjs.org/@unrs%2fresolver-binding-linux-arm-gnueabihf cache-miss
890 http fetch GET 200 https://registry.npmjs.org/@unrs%2fresolver-binding-linux-arm64-gnu 23ms (cache stale)
891 silly packumentCache full:https://registry.npmjs.org/@unrs%2fresolver-binding-linux-arm64-gnu set size:65047 disposed:false
892 silly fetch manifest @unrs/resolver-binding-linux-arm-musleabihf@1.12.2
893 silly packumentCache full:https://registry.npmjs.org/@unrs%2fresolver-binding-linux-arm-musleabihf cache-miss
894 http fetch GET 200 https://registry.npmjs.org/@unrs%2fresolver-binding-linux-arm64-musl 25ms (cache stale)
895 silly packumentCache full:https://registry.npmjs.org/@unrs%2fresolver-binding-linux-arm64-musl set size:65257 disposed:false
896 silly fetch manifest @unrs/resolver-binding-win32-ia32-msvc@1.12.2
897 silly packumentCache full:https://registry.npmjs.org/@unrs%2fresolver-binding-win32-ia32-msvc cache-miss
898 http fetch GET 200 https://registry.npmjs.org/@unrs%2fresolver-binding-android-arm-eabi 23ms (cache stale)
899 silly packumentCache full:https://registry.npmjs.org/@unrs%2fresolver-binding-android-arm-eabi set size:17797 disposed:false
900 silly fetch manifest @unrs/resolver-binding-linux-loong64-gnu@1.12.2
901 silly packumentCache full:https://registry.npmjs.org/@unrs%2fresolver-binding-linux-loong64-gnu cache-miss
902 http fetch GET 200 https://registry.npmjs.org/@unrs%2fresolver-binding-openharmony-arm64 27ms (cache stale)
903 silly packumentCache full:https://registry.npmjs.org/@unrs%2fresolver-binding-openharmony-arm64 set size:7350 disposed:false
904 silly fetch manifest @unrs/resolver-binding-linux-loong64-musl@1.12.2
905 silly packumentCache full:https://registry.npmjs.org/@unrs%2fresolver-binding-linux-loong64-musl cache-miss
906 http fetch GET 200 https://registry.npmjs.org/@unrs%2fresolver-binding-linux-arm-gnueabihf 22ms (cache stale)
907 silly packumentCache full:https://registry.npmjs.org/@unrs%2fresolver-binding-linux-arm-gnueabihf set size:65279 disposed:false
908 silly fetch manifest @unrs/resolver-binding-linux-ppc64-gnu@1.12.2
909 silly packumentCache full:https://registry.npmjs.org/@unrs%2fresolver-binding-linux-ppc64-gnu cache-miss
910 http fetch GET 200 https://registry.npmjs.org/@unrs%2fresolver-binding-linux-arm-musleabihf 22ms (cache stale)
911 silly packumentCache full:https://registry.npmjs.org/@unrs%2fresolver-binding-linux-arm-musleabihf set size:65533 disposed:false
912 silly fetch manifest @unrs/resolver-binding-linux-riscv64-gnu@1.12.2
913 silly packumentCache full:https://registry.npmjs.org/@unrs%2fresolver-binding-linux-riscv64-gnu cache-miss
914 http fetch GET 200 https://registry.npmjs.org/@unrs%2fresolver-binding-win32-ia32-msvc 23ms (cache stale)
915 silly packumentCache full:https://registry.npmjs.org/@unrs%2fresolver-binding-win32-ia32-msvc set size:64317 disposed:false
916 silly fetch manifest @unrs/resolver-binding-linux-riscv64-musl@1.12.2
917 silly packumentCache full:https://registry.npmjs.org/@unrs%2fresolver-binding-linux-riscv64-musl cache-miss
918 http fetch GET 200 https://registry.npmjs.org/@unrs%2fresolver-binding-linux-loong64-musl 18ms (cache stale)
919 silly packumentCache full:https://registry.npmjs.org/@unrs%2fresolver-binding-linux-loong64-musl set size:4124 disposed:false
920 silly fetch manifest @unrs/resolver-binding-linux-s390x-gnu@1.12.2
921 silly packumentCache full:https://registry.npmjs.org/@unrs%2fresolver-binding-linux-s390x-gnu cache-miss
922 http fetch GET 200 https://registry.npmjs.org/@unrs%2fresolver-binding-linux-loong64-gnu 21ms (cache stale)
923 silly packumentCache full:https://registry.npmjs.org/@unrs%2fresolver-binding-linux-loong64-gnu set size:4107 disposed:false
924 silly fetch manifest @unrs/resolver-binding-wasm32-wasi@1.12.2
925 silly packumentCache full:https://registry.npmjs.org/@unrs%2fresolver-binding-wasm32-wasi cache-miss
926 http fetch GET 200 https://registry.npmjs.org/@unrs%2fresolver-binding-linux-ppc64-gnu 22ms (cache stale)
927 silly packumentCache full:https://registry.npmjs.org/@unrs%2fresolver-binding-linux-ppc64-gnu set size:65057 disposed:false
928 silly fetch manifest @unrs/resolver-binding-darwin-x64@1.12.2
929 silly packumentCache full:https://registry.npmjs.org/@unrs%2fresolver-binding-darwin-x64 cache-miss
930 http fetch GET 200 https://registry.npmjs.org/@unrs%2fresolver-binding-linux-riscv64-gnu 21ms (cache stale)
931 silly packumentCache full:https://registry.npmjs.org/@unrs%2fresolver-binding-linux-riscv64-gnu set size:56387 disposed:false
932 silly fetch manifest @unrs/resolver-binding-win32-x64-msvc@1.12.2
933 silly packumentCache full:https://registry.npmjs.org/@unrs%2fresolver-binding-win32-x64-msvc cache-miss
934 http fetch GET 200 https://registry.npmjs.org/napi-postinstall 75ms (cache stale)
935 silly packumentCache full:https://registry.npmjs.org/napi-postinstall set size:41400 disposed:false
936 silly fetch manifest @unrs/resolver-binding-freebsd-x64@1.12.2
937 silly packumentCache full:https://registry.npmjs.org/@unrs%2fresolver-binding-freebsd-x64 cache-miss
938 http fetch GET 200 https://registry.npmjs.org/@unrs%2fresolver-binding-linux-riscv64-musl 25ms (cache stale)
939 silly packumentCache full:https://registry.npmjs.org/@unrs%2fresolver-binding-linux-riscv64-musl set size:45710 disposed:false
940 silly fetch manifest @unrs/resolver-binding-linux-x64-gnu@1.12.2
941 silly packumentCache full:https://registry.npmjs.org/@unrs%2fresolver-binding-linux-x64-gnu cache-miss
942 http fetch GET 200 https://registry.npmjs.org/@unrs%2fresolver-binding-wasm32-wasi 27ms (cache stale)
943 silly packumentCache full:https://registry.npmjs.org/@unrs%2fresolver-binding-wasm32-wasi set size:67358 disposed:false
944 silly fetch manifest @unrs/resolver-binding-linux-x64-musl@1.12.2
945 silly packumentCache full:https://registry.npmjs.org/@unrs%2fresolver-binding-linux-x64-musl cache-miss
946 http fetch GET 200 https://registry.npmjs.org/@unrs%2fresolver-binding-linux-s390x-gnu 33ms (cache stale)
947 silly packumentCache full:https://registry.npmjs.org/@unrs%2fresolver-binding-linux-s390x-gnu set size:65047 disposed:false
948 http fetch GET 200 https://registry.npmjs.org/@unrs%2fresolver-binding-darwin-x64 28ms (cache stale)
949 silly packumentCache full:https://registry.npmjs.org/@unrs%2fresolver-binding-darwin-x64 set size:63092 disposed:false
950 http fetch GET 200 https://registry.npmjs.org/@unrs%2fresolver-binding-freebsd-x64 25ms (cache stale)
951 silly packumentCache full:https://registry.npmjs.org/@unrs%2fresolver-binding-freebsd-x64 set size:63388 disposed:false
952 http fetch GET 200 https://registry.npmjs.org/@unrs%2fresolver-binding-linux-x64-gnu 25ms (cache stale)
953 silly packumentCache full:https://registry.npmjs.org/@unrs%2fresolver-binding-linux-x64-gnu set size:64469 disposed:false
954 http fetch GET 200 https://registry.npmjs.org/@unrs%2fresolver-binding-linux-x64-musl 14ms (cache stale)
955 silly packumentCache full:https://registry.npmjs.org/@unrs%2fresolver-binding-linux-x64-musl set size:64685 disposed:false
956 http fetch GET 200 https://registry.npmjs.org/resolve-pkg-maps 138ms (cache stale)
957 silly packumentCache full:https://registry.npmjs.org/resolve-pkg-maps set size:11615 disposed:false
958 http fetch GET 200 https://registry.npmjs.org/@unrs%2fresolver-binding-win32-x64-msvc 389ms (cache stale)
959 silly packumentCache full:https://registry.npmjs.org/@unrs%2fresolver-binding-win32-x64-msvc set size:64034 disposed:false
960 silly placeDep ROOT @rtsao/scc@1.1.0 OK for: eslint-plugin-import@2.32.0 want: ^1.1.0
961 silly placeDep ROOT array.prototype.findlastindex@1.2.6 OK for: eslint-plugin-import@2.32.0 want: ^1.2.6
962 silly placeDep node_modules/eslint-plugin-import debug@3.2.7 OK for: eslint-plugin-import@2.32.0 want: ^3.2.7
963 silly placeDep ROOT eslint-module-utils@2.14.0 OK for: eslint-plugin-import@2.32.0 want: ^2.12.1
964 silly placeDep ROOT object.groupby@1.0.3 OK for: eslint-plugin-import@2.32.0 want: ^1.0.3
965 silly placeDep ROOT tsconfig-paths@3.15.0 OK for: eslint-plugin-import@2.32.0 want: ^3.15.0
966 silly fetch manifest es-abstract@^1.23.9
967 silly packumentCache full:https://registry.npmjs.org/es-abstract cache-hit
968 silly fetch manifest es-abstract@^1.23.2
969 silly packumentCache full:https://registry.npmjs.org/es-abstract cache-hit
970 silly fetch manifest json5@^1.0.2
971 silly packumentCache full:https://registry.npmjs.org/json5 cache-hit
972 silly fetch manifest minimist@^1.2.6
973 silly packumentCache full:https://registry.npmjs.org/minimist cache-miss
974 silly fetch manifest strip-bom@^3.0.0
975 silly packumentCache full:https://registry.npmjs.org/strip-bom cache-miss
976 silly fetch manifest @types/json5@^0.0.29
977 silly packumentCache full:https://registry.npmjs.org/@types%2fjson5 cache-miss
978 http fetch GET 200 https://registry.npmjs.org/minimist 98ms (cache stale)
979 silly packumentCache full:https://registry.npmjs.org/minimist set size:77063 disposed:false
980 http fetch GET 200 https://registry.npmjs.org/strip-bom 205ms (cache stale)
981 silly packumentCache full:https://registry.npmjs.org/strip-bom set size:19359 disposed:false
982 http fetch GET 200 https://registry.npmjs.org/@types%2fjson5 216ms (cache stale)
983 silly packumentCache full:https://registry.npmjs.org/@types%2fjson5 set size:19581 disposed:false
984 silly placeDep node_modules/array.prototype.findlastindex es-abstract@1.24.2 OK for: array.prototype.findlastindex@1.2.6 want: ^1.23.9
985 silly placeDep node_modules/eslint-module-utils debug@3.2.7 OK for: eslint-module-utils@2.14.0 want: ^3.2.7
986 silly placeDep ROOT aria-query@5.3.2 OK for: eslint-plugin-jsx-a11y@6.10.2 want: ^5.3.2
987 silly placeDep ROOT ast-types-flow@0.0.8 OK for: eslint-plugin-jsx-a11y@6.10.2 want: ^0.0.8
988 silly placeDep ROOT axe-core@4.12.1 OK for: eslint-plugin-jsx-a11y@6.10.2 want: ^4.10.0
989 silly placeDep ROOT axobject-query@4.1.0 OK for: eslint-plugin-jsx-a11y@6.10.2 want: ^4.1.0
990 silly placeDep ROOT damerau-levenshtein@1.0.8 OK for: eslint-plugin-jsx-a11y@6.10.2 want: ^1.0.8
991 silly placeDep ROOT emoji-regex@9.2.2 OK for: eslint-plugin-jsx-a11y@6.10.2 want: ^9.2.2
992 silly placeDep ROOT language-tags@1.0.9 OK for: eslint-plugin-jsx-a11y@6.10.2 want: ^1.0.9
993 silly placeDep ROOT string.prototype.includes@2.0.1 OK for: eslint-plugin-jsx-a11y@6.10.2 want: ^2.0.1
994 silly fetch manifest language-subtag-registry@^0.3.20
995 silly packumentCache full:https://registry.npmjs.org/language-subtag-registry cache-miss
996 silly fetch manifest es-abstract@^1.23.3
997 silly packumentCache full:https://registry.npmjs.org/es-abstract cache-hit
998 http fetch GET 200 https://registry.npmjs.org/language-subtag-registry 290ms (cache stale)
999 silly packumentCache full:https://registry.npmjs.org/language-subtag-registry set size:46437 disposed:false
1000 silly placeDep ROOT array.prototype.findlast@1.2.5 OK for: eslint-plugin-react@7.37.5 want: ^1.2.5
1001 silly placeDep ROOT array.prototype.tosorted@1.1.4 OK for: eslint-plugin-react@7.37.5 want: ^1.1.4
1002 silly placeDep ROOT es-iterator-helpers@1.3.3 OK for: eslint-plugin-react@7.37.5 want: ^1.2.1
1003 silly placeDep ROOT prop-types@15.8.1 OK for: eslint-plugin-react@7.37.5 want: ^15.8.1
1004 silly placeDep ROOT string.prototype.matchall@4.0.12 OK for: eslint-plugin-react@7.37.5 want: ^4.0.12
1005 silly placeDep ROOT string.prototype.repeat@1.0.0 OK for: eslint-plugin-react@7.37.5 want: ^1.0.0
1006 silly fetch manifest es-abstract@^1.24.2
1007 silly packumentCache full:https://registry.npmjs.org/es-abstract cache-hit
1008 silly fetch manifest iterator.prototype@^1.1.5
1009 silly packumentCache full:https://registry.npmjs.org/iterator.prototype cache-miss
1010 silly fetch manifest loose-envify@^1.4.0
1011 silly packumentCache full:https://registry.npmjs.org/loose-envify cache-miss
1012 silly fetch manifest react-is@^16.13.1
1013 silly packumentCache full:https://registry.npmjs.org/react-is cache-miss
1014 silly fetch manifest es-abstract@^1.23.6
1015 silly packumentCache full:https://registry.npmjs.org/es-abstract cache-hit
1016 silly fetch manifest es-abstract@^1.17.5
1017 silly packumentCache full:https://registry.npmjs.org/es-abstract cache-hit
1018 http fetch GET 200 https://registry.npmjs.org/loose-envify 290ms (cache stale)
1019 silly packumentCache full:https://registry.npmjs.org/loose-envify set size:12559 disposed:false
1020 http fetch GET 200 https://registry.npmjs.org/iterator.prototype 380ms (cache stale)
1021 silly packumentCache full:https://registry.npmjs.org/iterator.prototype set size:26870 disposed:false
1022 http fetch GET 200 https://registry.npmjs.org/react-is 461ms (cache stale)
1023 silly packumentCache full:https://registry.npmjs.org/react-is set size:5480881 disposed:false
1024 silly placeDep node_modules/array.prototype.findlast es-abstract@1.24.2 OK for: array.prototype.findlast@1.2.5 want: ^1.23.2
1025 silly placeDep node_modules/array.prototype.tosorted es-abstract@1.24.2 OK for: array.prototype.tosorted@1.1.4 want: ^1.23.3
1026 silly placeDep node_modules/es-iterator-helpers es-abstract@1.24.2 OK for: es-iterator-helpers@1.3.3 want: ^1.24.2
1027 silly placeDep ROOT iterator.prototype@1.1.5 OK for: es-iterator-helpers@1.3.3 want: ^1.1.5
1028 silly placeDep ROOT esrecurse@4.3.0 OK for: eslint-scope@8.4.0 want: ^4.3.0
1029 silly placeDep ROOT acorn@8.17.0 OK for: espree@10.4.0 want: ^8.15.0
1030 silly placeDep ROOT acorn-jsx@5.3.2 OK for: espree@10.4.0 want: ^5.3.2
1031 silly placeDep ROOT picomatch@4.0.5 REPLACE for: fdir@6.5.0 want: ^3 || ^4
1032 silly fetch manifest picomatch@^2.0.4
1033 silly packumentCache full:https://registry.npmjs.org/picomatch cache-miss
1034 http fetch GET 200 https://registry.npmjs.org/picomatch 249ms (cache stale)
1035 silly packumentCache full:https://registry.npmjs.org/picomatch set size:128942 disposed:false
1036 silly placeDep node_modules/anymatch picomatch@2.3.2 OK for: anymatch@3.1.3 want: ^2.0.4
1037 silly placeDep ROOT resolve-pkg-maps@1.0.0 OK for: get-tsconfig@4.14.0 want: ^1.0.0
1038 silly placeDep ROOT parent-module@1.0.1 OK for: import-fresh@3.3.1 want: ^1.0.0
1039 silly placeDep ROOT resolve-from@4.0.0 OK for: import-fresh@3.3.1 want: ^4.0.0
1040 silly fetch manifest callsites@^3.0.0
1041 silly packumentCache full:https://registry.npmjs.org/callsites cache-miss
1042 http fetch GET 200 https://registry.npmjs.org/callsites 141ms (cache miss)
1043 silly packumentCache full:https://registry.npmjs.org/callsites set size:undefined disposed:false
1044 silly placeDep node_modules/is-bun-module semver@7.8.5 OK for: is-bun-module@2.0.0 want: ^7.7.1
1045 silly placeDep ROOT argparse@2.0.1 OK for: js-yaml@4.3.0 want: ^2.0.1
1046 silly placeDep ROOT language-subtag-registry@0.3.23 OK for: language-tags@1.0.9 want: ^0.3.20
1047 silly fetch manifest picomatch@^2.3.1
1048 silly packumentCache full:https://registry.npmjs.org/picomatch cache-hit
1049 silly placeDep node_modules/micromatch picomatch@2.3.2 OK for: micromatch@4.0.8 want: ^2.3.1
1050 silly placeDep ROOT brace-expansion@1.1.16 OK for: minimatch@3.1.5 want: ^1.1.7
1051 silly fetch manifest balanced-match@^1.0.0
1052 silly packumentCache full:https://registry.npmjs.org/balanced-match cache-miss
1053 http fetch GET 200 https://registry.npmjs.org/balanced-match 9ms (cache stale)
1054 silly packumentCache full:https://registry.npmjs.org/balanced-match set size:39082 disposed:false
1055 silly placeDep ROOT balanced-match@1.0.2 OK for: brace-expansion@1.1.16 want: ^1.0.0
1056 silly placeDep ROOT @next/swc-darwin-arm64@16.2.10 OK for: next@16.2.10 want: 16.2.10
1057 silly placeDep ROOT @next/swc-darwin-x64@16.2.10 OK for: next@16.2.10 want: 16.2.10
1058 silly placeDep ROOT @next/swc-linux-arm64-gnu@16.2.10 OK for: next@16.2.10 want: 16.2.10
1059 silly placeDep ROOT @next/swc-linux-arm64-musl@16.2.10 OK for: next@16.2.10 want: 16.2.10
1060 silly placeDep ROOT @next/swc-linux-x64-gnu@16.2.10 OK for: next@16.2.10 want: 16.2.10
1061 silly placeDep ROOT @next/swc-linux-x64-musl@16.2.10 OK for: next@16.2.10 want: 16.2.10
1062 silly placeDep ROOT @next/swc-win32-arm64-msvc@16.2.10 OK for: next@16.2.10 want: 16.2.10
1063 silly placeDep node_modules/next postcss@8.4.31 OK for: next@16.2.10 want: 8.4.31
1064 silly placeDep node_modules/object.groupby es-abstract@1.24.2 OK for: object.groupby@1.0.3 want: ^1.23.2
1065 silly placeDep ROOT callsites@3.1.0 OK for: parent-module@1.0.1 want: ^3.0.0
1066 silly placeDep ROOT loose-envify@1.4.0 OK for: prop-types@15.8.1 want: ^1.4.0
1067 silly placeDep ROOT react-is@16.13.1 OK for: prop-types@15.8.1 want: ^16.13.1
1068 silly fetch manifest js-tokens@^3.0.0 || ^4.0.0
1069 silly packumentCache full:https://registry.npmjs.org/js-tokens cache-miss
1070 http fetch GET 200 https://registry.npmjs.org/js-tokens 402ms (cache stale)
1071 silly packumentCache full:https://registry.npmjs.org/js-tokens set size:41947 disposed:false
1072 silly placeDep ROOT js-tokens@4.0.0 OK for: loose-envify@1.4.0 want: ^3.0.0 || ^4.0.0
1073 silly placeDep node_modules/reflect.getprototypeof es-abstract@1.24.2 OK for: reflect.getprototypeof@1.0.10 want: ^1.23.9
1074 silly fetch manifest @img/sharp-darwin-arm64@0.34.5
1075 silly packumentCache full:https://registry.npmjs.org/@img%2fsharp-darwin-arm64 cache-miss
1076 http fetch GET 200 https://registry.npmjs.org/@img%2fsharp-darwin-arm64 340ms (cache stale)
1077 silly packumentCache full:https://registry.npmjs.org/@img%2fsharp-darwin-arm64 set size:105848 disposed:false
1078 silly fetch manifest @img/sharp-darwin-x64@0.34.5
1079 silly packumentCache full:https://registry.npmjs.org/@img%2fsharp-darwin-x64 cache-miss
1080 http fetch GET 200 https://registry.npmjs.org/@img%2fsharp-darwin-x64 246ms (cache stale)
1081 silly packumentCache full:https://registry.npmjs.org/@img%2fsharp-darwin-x64 set size:104467 disposed:false
1082 silly fetch manifest @img/sharp-libvips-darwin-arm64@1.2.4
1083 silly packumentCache full:https://registry.npmjs.org/@img%2fsharp-libvips-darwin-arm64 cache-miss
1084 http fetch GET 200 https://registry.npmjs.org/@img%2fsharp-libvips-darwin-arm64 235ms (cache stale)
1085 silly packumentCache full:https://registry.npmjs.org/@img%2fsharp-libvips-darwin-arm64 set size:83997 disposed:false
1086 silly fetch manifest @img/sharp-libvips-darwin-x64@1.2.4
1087 silly packumentCache full:https://registry.npmjs.org/@img%2fsharp-libvips-darwin-x64 cache-miss
1088 http fetch GET 200 https://registry.npmjs.org/@img%2fsharp-libvips-darwin-x64 407ms (cache stale)
1089 silly packumentCache full:https://registry.npmjs.org/@img%2fsharp-libvips-darwin-x64 set size:83096 disposed:false
1090 silly fetch manifest @img/sharp-libvips-linux-arm@1.2.4
1091 silly packumentCache full:https://registry.npmjs.org/@img%2fsharp-libvips-linux-arm cache-miss
1092 http fetch GET 200 https://registry.npmjs.org/@img%2fsharp-libvips-linux-arm 247ms (cache stale)
1093 silly packumentCache full:https://registry.npmjs.org/@img%2fsharp-libvips-linux-arm set size:90480 disposed:false
1094 silly fetch manifest @img/sharp-libvips-linux-arm64@1.2.4
1095 silly packumentCache full:https://registry.npmjs.org/@img%2fsharp-libvips-linux-arm64 cache-miss
1096 http fetch GET 200 https://registry.npmjs.org/@img%2fsharp-libvips-linux-arm64 265ms (cache stale)
1097 silly packumentCache full:https://registry.npmjs.org/@img%2fsharp-libvips-linux-arm64 set size:87554 disposed:false
1098 silly fetch manifest @img/sharp-libvips-linux-ppc64@1.2.4
1099 silly packumentCache full:https://registry.npmjs.org/@img%2fsharp-libvips-linux-ppc64 cache-miss
1100 http fetch GET 200 https://registry.npmjs.org/@img%2fsharp-libvips-linux-ppc64 185ms (cache stale)
1101 silly packumentCache full:https://registry.npmjs.org/@img%2fsharp-libvips-linux-ppc64 set size:72601 disposed:false
1102 silly fetch manifest @img/sharp-libvips-linux-riscv64@1.2.4
1103 silly packumentCache full:https://registry.npmjs.org/@img%2fsharp-libvips-linux-riscv64 cache-miss
1104 http fetch GET 200 https://registry.npmjs.org/@img%2fsharp-libvips-linux-riscv64 430ms (cache stale)
1105 silly packumentCache full:https://registry.npmjs.org/@img%2fsharp-libvips-linux-riscv64 set size:58803 disposed:false
1106 silly fetch manifest @img/sharp-libvips-linux-s390x@1.2.4
1107 silly packumentCache full:https://registry.npmjs.org/@img%2fsharp-libvips-linux-s390x cache-miss
1108 http fetch GET 200 https://registry.npmjs.org/@img%2fsharp-libvips-linux-s390x 255ms (cache stale)
1109 silly packumentCache full:https://registry.npmjs.org/@img%2fsharp-libvips-linux-s390x set size:81565 disposed:false
1110 silly fetch manifest @img/sharp-libvips-linux-x64@1.2.4
1111 silly packumentCache full:https://registry.npmjs.org/@img%2fsharp-libvips-linux-x64 cache-miss
1112 http fetch GET 200 https://registry.npmjs.org/@img%2fsharp-libvips-linux-x64 591ms (cache stale)
1113 silly packumentCache full:https://registry.npmjs.org/@img%2fsharp-libvips-linux-x64 set size:86327 disposed:false
1114 silly fetch manifest @img/sharp-libvips-linuxmusl-arm64@1.2.4
1115 silly packumentCache full:https://registry.npmjs.org/@img%2fsharp-libvips-linuxmusl-arm64 cache-miss
1116 http fetch GET 200 https://registry.npmjs.org/@img%2fsharp-libvips-linuxmusl-arm64 312ms (cache stale)
1117 silly packumentCache full:https://registry.npmjs.org/@img%2fsharp-libvips-linuxmusl-arm64 set size:86720 disposed:false
1118 silly fetch manifest @img/sharp-libvips-linuxmusl-x64@1.2.4
1119 silly packumentCache full:https://registry.npmjs.org/@img%2fsharp-libvips-linuxmusl-x64 cache-miss
1120 http fetch GET 200 https://registry.npmjs.org/@img%2fsharp-libvips-linuxmusl-x64 293ms (cache stale)
1121 silly packumentCache full:https://registry.npmjs.org/@img%2fsharp-libvips-linuxmusl-x64 set size:83650 disposed:false
1122 silly fetch manifest @img/sharp-linux-arm@0.34.5
1123 silly packumentCache full:https://registry.npmjs.org/@img%2fsharp-linux-arm cache-miss
1124 http fetch GET 200 https://registry.npmjs.org/@img%2fsharp-linux-arm 469ms (cache stale)
1125 silly packumentCache full:https://registry.npmjs.org/@img%2fsharp-linux-arm set size:102715 disposed:false
1126 silly fetch manifest @img/sharp-linux-arm64@0.34.5
1127 silly packumentCache full:https://registry.npmjs.org/@img%2fsharp-linux-arm64 cache-miss
1128 http fetch GET 200 https://registry.npmjs.org/@img%2fsharp-linux-arm64 270ms (cache stale)
1129 silly packumentCache full:https://registry.npmjs.org/@img%2fsharp-linux-arm64 set size:103552 disposed:false
1130 silly fetch manifest @img/sharp-linux-ppc64@0.34.5
1131 silly packumentCache full:https://registry.npmjs.org/@img%2fsharp-linux-ppc64 cache-miss
1132 http fetch GET 200 https://registry.npmjs.org/@img%2fsharp-linux-ppc64 325ms (cache stale)
1133 silly packumentCache full:https://registry.npmjs.org/@img%2fsharp-linux-ppc64 set size:68168 disposed:false
1134 silly fetch manifest @img/sharp-linux-riscv64@0.34.5
1135 silly packumentCache full:https://registry.npmjs.org/@img%2fsharp-linux-riscv64 cache-miss
1136 http fetch GET 200 https://registry.npmjs.org/@img%2fsharp-linux-riscv64 293ms (cache stale)
1137 silly packumentCache full:https://registry.npmjs.org/@img%2fsharp-linux-riscv64 set size:45681 disposed:false
1138 silly fetch manifest @img/sharp-linux-s390x@0.34.5
1139 silly packumentCache full:https://registry.npmjs.org/@img%2fsharp-linux-s390x cache-miss
1140 http fetch GET 200 https://registry.npmjs.org/@img%2fsharp-linux-s390x 354ms (cache stale)
1141 silly packumentCache full:https://registry.npmjs.org/@img%2fsharp-linux-s390x set size:101430 disposed:false
1142 silly fetch manifest @img/sharp-linux-x64@0.34.5
1143 silly packumentCache full:https://registry.npmjs.org/@img%2fsharp-linux-x64 cache-miss
1144 http fetch GET 200 https://registry.npmjs.org/@img%2fsharp-linux-x64 421ms (cache stale)
1145 silly packumentCache full:https://registry.npmjs.org/@img%2fsharp-linux-x64 set size:102218 disposed:false
1146 silly fetch manifest @img/sharp-linuxmusl-arm64@0.34.5
1147 silly packumentCache full:https://registry.npmjs.org/@img%2fsharp-linuxmusl-arm64 cache-miss
1148 http fetch GET 200 https://registry.npmjs.org/@img%2fsharp-linuxmusl-arm64 561ms (cache stale)
1149 silly packumentCache full:https://registry.npmjs.org/@img%2fsharp-linuxmusl-arm64 set size:105157 disposed:false
1150 silly fetch manifest @img/sharp-linuxmusl-x64@0.34.5
1151 silly packumentCache full:https://registry.npmjs.org/@img%2fsharp-linuxmusl-x64 cache-miss
1152 http fetch GET 200 https://registry.npmjs.org/@img%2fsharp-linuxmusl-x64 290ms (cache stale)
1153 silly packumentCache full:https://registry.npmjs.org/@img%2fsharp-linuxmusl-x64 set size:103818 disposed:false
1154 silly fetch manifest @img/sharp-wasm32@0.34.5
1155 silly packumentCache full:https://registry.npmjs.org/@img%2fsharp-wasm32 cache-miss
1156 http fetch GET 200 https://registry.npmjs.org/@img%2fsharp-wasm32 651ms (cache stale)
1157 silly packumentCache full:https://registry.npmjs.org/@img%2fsharp-wasm32 set size:99309 disposed:false
1158 silly fetch manifest @img/sharp-win32-arm64@0.34.5
1159 silly packumentCache full:https://registry.npmjs.org/@img%2fsharp-win32-arm64 cache-miss
1160 http fetch GET 200 https://registry.npmjs.org/@img%2fsharp-win32-arm64 346ms (cache stale)
1161 silly packumentCache full:https://registry.npmjs.org/@img%2fsharp-win32-arm64 set size:63462 disposed:false
1162 silly fetch manifest @img/sharp-win32-ia32@0.34.5
1163 silly packumentCache full:https://registry.npmjs.org/@img%2fsharp-win32-ia32 cache-miss
1164 http fetch GET 200 https://registry.npmjs.org/@img%2fsharp-win32-ia32 494ms (cache stale)
1165 silly packumentCache full:https://registry.npmjs.org/@img%2fsharp-win32-ia32 set size:104482 disposed:false
1166 silly fetch manifest @img/sharp-win32-x64@0.34.5
1167 silly packumentCache full:https://registry.npmjs.org/@img%2fsharp-win32-x64 cache-miss
1168 http fetch GET 200 https://registry.npmjs.org/@img%2fsharp-win32-x64 439ms (cache stale)
1169 silly packumentCache full:https://registry.npmjs.org/@img%2fsharp-win32-x64 set size:103513 disposed:false
1170 silly placeDep ROOT @img/sharp-darwin-arm64@0.34.5 OK for: sharp@0.34.5 want: 0.34.5
1171 silly placeDep ROOT @img/sharp-darwin-x64@0.34.5 OK for: sharp@0.34.5 want: 0.34.5
1172 silly placeDep ROOT @img/sharp-libvips-darwin-arm64@1.2.4 OK for: sharp@0.34.5 want: 1.2.4
1173 silly placeDep ROOT @img/sharp-libvips-darwin-x64@1.2.4 OK for: sharp@0.34.5 want: 1.2.4
1174 silly placeDep ROOT @img/sharp-libvips-linux-arm@1.2.4 OK for: sharp@0.34.5 want: 1.2.4
1175 silly placeDep ROOT @img/sharp-libvips-linux-arm64@1.2.4 OK for: sharp@0.34.5 want: 1.2.4
1176 silly placeDep ROOT @img/sharp-libvips-linux-ppc64@1.2.4 OK for: sharp@0.34.5 want: 1.2.4
1177 silly placeDep ROOT @img/sharp-libvips-linux-riscv64@1.2.4 OK for: sharp@0.34.5 want: 1.2.4
1178 silly placeDep ROOT @img/sharp-libvips-linux-s390x@1.2.4 OK for: sharp@0.34.5 want: 1.2.4
1179 silly placeDep ROOT @img/sharp-libvips-linux-x64@1.2.4 OK for: sharp@0.34.5 want: 1.2.4
1180 silly placeDep ROOT @img/sharp-libvips-linuxmusl-arm64@1.2.4 OK for: sharp@0.34.5 want: 1.2.4
1181 silly placeDep ROOT @img/sharp-libvips-linuxmusl-x64@1.2.4 OK for: sharp@0.34.5 want: 1.2.4
1182 silly placeDep ROOT @img/sharp-linux-arm@0.34.5 OK for: sharp@0.34.5 want: 0.34.5
1183 silly placeDep ROOT @img/sharp-linux-arm64@0.34.5 OK for: sharp@0.34.5 want: 0.34.5
1184 silly placeDep ROOT @img/sharp-linux-ppc64@0.34.5 OK for: sharp@0.34.5 want: 0.34.5
1185 silly placeDep ROOT @img/sharp-linux-riscv64@0.34.5 OK for: sharp@0.34.5 want: 0.34.5
1186 silly placeDep ROOT @img/sharp-linux-s390x@0.34.5 OK for: sharp@0.34.5 want: 0.34.5
1187 silly placeDep ROOT @img/sharp-linux-x64@0.34.5 OK for: sharp@0.34.5 want: 0.34.5
1188 silly placeDep ROOT @img/sharp-linuxmusl-arm64@0.34.5 OK for: sharp@0.34.5 want: 0.34.5
1189 silly placeDep ROOT @img/sharp-linuxmusl-x64@0.34.5 OK for: sharp@0.34.5 want: 0.34.5
1190 silly placeDep ROOT @img/sharp-wasm32@0.34.5 OK for: sharp@0.34.5 want: 0.34.5
1191 silly placeDep ROOT @img/sharp-win32-arm64@0.34.5 OK for: sharp@0.34.5 want: 0.34.5
1192 silly placeDep ROOT @img/sharp-win32-ia32@0.34.5 OK for: sharp@0.34.5 want: 0.34.5
1193 silly placeDep node_modules/sharp @img/sharp-win32-x64@0.34.5 OK for: sharp@0.34.5 want: 0.34.5
1194 silly fetch manifest @emnapi/runtime@^1.7.0
1195 silly packumentCache full:https://registry.npmjs.org/@emnapi%2fruntime cache-miss
1196 http fetch GET 200 https://registry.npmjs.org/@emnapi%2fruntime 14ms (cache stale)
1197 silly packumentCache full:https://registry.npmjs.org/@emnapi%2fruntime set size:118526 disposed:false
1198 silly placeDep ROOT @emnapi/runtime@1.11.2 OK for: @img/sharp-wasm32@0.34.5 want: ^1.7.0
1199 silly placeDep node_modules/string.prototype.includes es-abstract@1.24.2 OK for: string.prototype.includes@2.0.1 want: ^1.23.3
1200 silly placeDep node_modules/string.prototype.matchall es-abstract@1.24.2 OK for: string.prototype.matchall@4.0.12 want: ^1.23.6
1201 silly placeDep node_modules/string.prototype.repeat es-abstract@1.24.2 OK for: string.prototype.repeat@1.0.0 want: ^1.17.5
1202 silly placeDep node_modules/string.prototype.trim es-abstract@1.24.2 OK for: string.prototype.trim@1.2.11 want: ^1.24.2
1203 silly placeDep ROOT has-flag@4.0.0 OK for: supports-color@7.2.0 want: ^4.0.0
1204 silly fetch manifest chokidar@^3.6.0
1205 silly packumentCache full:https://registry.npmjs.org/chokidar cache-miss
1206 http fetch GET 200 https://registry.npmjs.org/chokidar 447ms (cache stale)
1207 silly packumentCache full:https://registry.npmjs.org/chokidar set size:255902 disposed:false
1208 silly fetch manifest fast-glob@^3.3.2
1209 silly packumentCache full:https://registry.npmjs.org/fast-glob cache-miss
1210 http fetch GET 200 https://registry.npmjs.org/fast-glob 232ms (cache stale)
1211 silly packumentCache full:https://registry.npmjs.org/fast-glob set size:220556 disposed:false
1212 silly placeDep node_modules/tailwindcss chokidar@3.6.0 OK for: tailwindcss@3.4.19 want: ^3.6.0
1213 silly placeDep node_modules/tailwindcss fast-glob@3.3.3 OK for: tailwindcss@3.4.19 want: ^3.3.2
1214 silly fetch manifest readdirp@~3.6.0
1215 silly packumentCache full:https://registry.npmjs.org/readdirp cache-miss
1216 silly fetch manifest glob-parent@~5.1.2
1217 silly packumentCache full:https://registry.npmjs.org/glob-parent cache-miss
1218 silly fetch manifest fsevents@~2.3.2
1219 silly packumentCache full:https://registry.npmjs.org/fsevents cache-hit
1220 silly fetch manifest glob-parent@^5.1.2
1221 silly packumentCache full:https://registry.npmjs.org/glob-parent cache-miss
1222 http fetch GET 200 https://registry.npmjs.org/readdirp 11ms (cache stale)
1223 silly packumentCache full:https://registry.npmjs.org/readdirp set size:107589 disposed:false
1224 http fetch GET 200 https://registry.npmjs.org/glob-parent 231ms (cache stale)
1225 silly packumentCache full:https://registry.npmjs.org/glob-parent set size:42445 disposed:false
1226 http fetch GET 200 https://registry.npmjs.org/glob-parent 235ms (cache stale)
1227 silly packumentCache full:https://registry.npmjs.org/glob-parent set size:42445 disposed:false
1228 silly packumentCache full:https://registry.npmjs.org/glob-parent dispose
1229 silly placeDep ROOT @types/json5@0.0.29 OK for: tsconfig-paths@3.15.0 want: ^0.0.29
1230 silly placeDep ROOT json5@1.0.2 OK for: tsconfig-paths@3.15.0 want: ^1.0.2
1231 silly placeDep ROOT minimist@1.2.8 OK for: tsconfig-paths@3.15.0 want: ^1.2.6
1232 silly placeDep ROOT strip-bom@3.0.0 OK for: tsconfig-paths@3.15.0 want: ^3.0.0
1233 silly fetch manifest minimist@^1.2.0
1234 silly packumentCache full:https://registry.npmjs.org/minimist cache-hit
1235 silly placeDep ROOT fsevents@2.3.3 OK for: tsx@4.23.0 want: ~2.3.3
1236 silly fetch manifest eslint@^8.57.0 || ^9.0.0 || ^10.0.0
1237 silly packumentCache full:https://registry.npmjs.org/eslint cache-miss
1238 http fetch GET 200 https://registry.npmjs.org/eslint 16ms (cache stale)
1239 silly packumentCache full:https://registry.npmjs.org/eslint set size:2019015 disposed:false
1240 silly placeDep ROOT @typescript-eslint/eslint-plugin@8.63.0 OK for: typescript-eslint@8.63.0 want: 8.63.0
1241 silly placeDep ROOT @typescript-eslint/parser@8.63.0 OK for: @typescript-eslint/eslint-plugin@8.63.0 want: ^8.63.0
1242 silly placeDep ROOT @typescript-eslint/typescript-estree@8.63.0 OK for: typescript-eslint@8.63.0 want: 8.63.0
1243 silly placeDep ROOT @typescript-eslint/utils@8.63.0 OK for: typescript-eslint@8.63.0 want: 8.63.0
1244 silly fetch manifest ignore@^7.0.5
1245 silly packumentCache full:https://registry.npmjs.org/ignore cache-miss
1246 silly fetch manifest ts-api-utils@^2.5.0
1247 silly packumentCache full:https://registry.npmjs.org/ts-api-utils cache-miss
1248 silly fetch manifest @typescript-eslint/type-utils@8.63.0
1249 silly packumentCache full:https://registry.npmjs.org/@typescript-eslint%2ftype-utils cache-miss
1250 silly fetch manifest @typescript-eslint/visitor-keys@8.63.0
1251 silly packumentCache full:https://registry.npmjs.org/@typescript-eslint%2fvisitor-keys cache-miss
1252 silly fetch manifest @typescript-eslint/scope-manager@8.63.0
1253 silly packumentCache full:https://registry.npmjs.org/@typescript-eslint%2fscope-manager cache-miss
1254 silly fetch manifest @typescript-eslint/types@8.63.0
1255 silly packumentCache full:https://registry.npmjs.org/@typescript-eslint%2ftypes cache-miss
1256 silly fetch manifest @typescript-eslint/visitor-keys@8.63.0
1257 silly packumentCache full:https://registry.npmjs.org/@typescript-eslint%2fvisitor-keys cache-miss
1258 http fetch GET 200 https://registry.npmjs.org/ts-api-utils 34ms (cache stale)
1259 silly packumentCache full:https://registry.npmjs.org/ts-api-utils set size:226785 disposed:false
1260 silly fetch manifest @typescript-eslint/scope-manager@8.63.0
1261 silly packumentCache full:https://registry.npmjs.org/@typescript-eslint%2fscope-manager cache-miss
1262 http fetch GET 200 https://registry.npmjs.org/ignore 42ms (cache stale)
1263 silly packumentCache full:https://registry.npmjs.org/ignore set size:237380 disposed:false
1264 silly fetch manifest semver@^7.7.3
1265 silly packumentCache full:https://registry.npmjs.org/semver cache-hit
1266 silly fetch manifest minimatch@^10.2.2
1267 silly packumentCache full:https://registry.npmjs.org/minimatch cache-hit
1268 silly fetch manifest @typescript-eslint/types@8.63.0
1269 silly packumentCache full:https://registry.npmjs.org/@typescript-eslint%2ftypes cache-miss
1270 http fetch GET 200 https://registry.npmjs.org/@typescript-eslint%2ftype-utils 92ms (cache stale)
1271 silly packumentCache full:https://registry.npmjs.org/@typescript-eslint%2ftype-utils set size:9552289 disposed:false
1272 silly fetch manifest @typescript-eslint/visitor-keys@8.63.0
1273 silly packumentCache full:https://registry.npmjs.org/@typescript-eslint%2fvisitor-keys cache-miss
1274 http fetch GET 200 https://registry.npmjs.org/@typescript-eslint%2fvisitor-keys 304ms (cache stale)
1275 silly packumentCache full:https://registry.npmjs.org/@typescript-eslint%2fvisitor-keys set size:12060635 disposed:false
1276 silly fetch manifest @typescript-eslint/tsconfig-utils@8.63.0
1277 silly packumentCache full:https://registry.npmjs.org/@typescript-eslint%2ftsconfig-utils cache-miss
1278 http fetch GET 200 https://registry.npmjs.org/@typescript-eslint%2fscope-manager 516ms (cache stale)
1279 silly packumentCache full:https://registry.npmjs.org/@typescript-eslint%2fscope-manager set size:12678000 disposed:false
1280 silly fetch manifest @typescript-eslint/project-service@8.63.0
1281 silly packumentCache full:https://registry.npmjs.org/@typescript-eslint%2fproject-service cache-miss
1282 http fetch GET 200 https://registry.npmjs.org/@typescript-eslint%2fvisitor-keys 664ms (cache stale)
1283 silly packumentCache full:https://registry.npmjs.org/@typescript-eslint%2fvisitor-keys set size:12060635 disposed:false
1284 silly fetch manifest @typescript-eslint/types@8.63.0
1285 silly packumentCache full:https://registry.npmjs.org/@typescript-eslint%2ftypes cache-miss
1286 http fetch GET 200 https://registry.npmjs.org/@typescript-eslint%2ftypes 931ms (cache stale)
1287 silly packumentCache full:https://registry.npmjs.org/@typescript-eslint%2ftypes set size:12495177 disposed:false
1288 http fetch GET 200 https://registry.npmjs.org/@typescript-eslint%2ftsconfig-utils 591ms (cache stale)
1289 silly packumentCache full:https://registry.npmjs.org/@typescript-eslint%2ftsconfig-utils set size:1475002 disposed:false
1290 http fetch GET 200 https://registry.npmjs.org/@typescript-eslint%2ftypes 1134ms (cache stale)
1291 silly packumentCache full:https://registry.npmjs.org/@typescript-eslint%2ftypes set size:12495177 disposed:false
1292 http fetch GET 200 https://registry.npmjs.org/@typescript-eslint%2fscope-manager 1383ms (cache stale)
1293 silly packumentCache full:https://registry.npmjs.org/@typescript-eslint%2fscope-manager set size:12678000 disposed:false
1294 http fetch GET 200 https://registry.npmjs.org/@typescript-eslint%2fvisitor-keys 1371ms (cache stale)
1295 silly packumentCache full:https://registry.npmjs.org/@typescript-eslint%2fvisitor-keys set size:12060635 disposed:false
1296 http fetch GET 200 https://registry.npmjs.org/@typescript-eslint%2fproject-service 1122ms (cache stale)
1297 silly packumentCache full:https://registry.npmjs.org/@typescript-eslint%2fproject-service set size:1567372 disposed:false
1298 http fetch GET 200 https://registry.npmjs.org/@typescript-eslint%2ftypes 953ms (cache stale)
1299 silly packumentCache full:https://registry.npmjs.org/@typescript-eslint%2ftypes set size:12495177 disposed:false
1300 silly placeDep ROOT @typescript-eslint/scope-manager@8.63.0 OK for: @typescript-eslint/eslint-plugin@8.63.0 want: 8.63.0
1301 silly placeDep ROOT @typescript-eslint/type-utils@8.63.0 OK for: @typescript-eslint/eslint-plugin@8.63.0 want: 8.63.0
1302 silly placeDep ROOT @typescript-eslint/visitor-keys@8.63.0 OK for: @typescript-eslint/eslint-plugin@8.63.0 want: 8.63.0
1303 silly placeDep node_modules/@typescript-eslint/eslint-plugin ignore@7.0.5 OK for: @typescript-eslint/eslint-plugin@8.63.0 want: ^7.0.5
1304 silly placeDep ROOT ts-api-utils@2.5.0 OK for: @typescript-eslint/eslint-plugin@8.63.0 want: ^2.5.0
1305 silly fetch manifest eslint-visitor-keys@^5.0.0
1306 silly packumentCache full:https://registry.npmjs.org/eslint-visitor-keys cache-hit
1307 silly placeDep ROOT @typescript-eslint/types@8.63.0 OK for: @typescript-eslint/parser@8.63.0 want: 8.63.0
1308 silly placeDep ROOT @typescript-eslint/project-service@8.63.0 OK for: @typescript-eslint/typescript-estree@8.63.0 want: 8.63.0
1309 silly placeDep ROOT @typescript-eslint/tsconfig-utils@8.63.0 OK for: @typescript-eslint/typescript-estree@8.63.0 want: 8.63.0
1310 silly placeDep node_modules/@typescript-eslint/typescript-estree minimatch@10.2.5 OK for: @typescript-eslint/typescript-estree@8.63.0 want: ^10.2.2
1311 silly placeDep node_modules/@typescript-eslint/typescript-estree semver@7.8.5 OK for: @typescript-eslint/typescript-estree@8.63.0 want: ^7.7.3
1312 silly fetch manifest @typescript-eslint/tsconfig-utils@^8.63.0
1313 silly packumentCache full:https://registry.npmjs.org/@typescript-eslint%2ftsconfig-utils cache-miss
1314 silly fetch manifest brace-expansion@^5.0.5
1315 silly packumentCache full:https://registry.npmjs.org/brace-expansion cache-hit
1316 http fetch GET 200 https://registry.npmjs.org/@typescript-eslint%2ftsconfig-utils 14ms (cache stale)
1317 silly packumentCache full:https://registry.npmjs.org/@typescript-eslint%2ftsconfig-utils set size:1475002 disposed:false
1318 silly placeDep node_modules/@typescript-eslint/visitor-keys eslint-visitor-keys@5.0.1 OK for: @typescript-eslint/visitor-keys@8.63.0 want: ^5.0.0
1319 silly placeDep ROOT @unrs/resolver-binding-android-arm-eabi@1.12.2 OK for: unrs-resolver@1.12.2 want: 1.12.2
1320 silly placeDep ROOT @unrs/resolver-binding-android-arm64@1.12.2 OK for: unrs-resolver@1.12.2 want: 1.12.2
1321 silly placeDep ROOT @unrs/resolver-binding-darwin-arm64@1.12.2 OK for: unrs-resolver@1.12.2 want: 1.12.2
1322 silly placeDep ROOT @unrs/resolver-binding-darwin-x64@1.12.2 OK for: unrs-resolver@1.12.2 want: 1.12.2
1323 silly placeDep ROOT @unrs/resolver-binding-freebsd-x64@1.12.2 OK for: unrs-resolver@1.12.2 want: 1.12.2
1324 silly placeDep ROOT @unrs/resolver-binding-linux-arm-gnueabihf@1.12.2 OK for: unrs-resolver@1.12.2 want: 1.12.2
1325 silly placeDep ROOT @unrs/resolver-binding-linux-arm-musleabihf@1.12.2 OK for: unrs-resolver@1.12.2 want: 1.12.2
1326 silly placeDep ROOT @unrs/resolver-binding-linux-arm64-gnu@1.12.2 OK for: unrs-resolver@1.12.2 want: 1.12.2
1327 silly placeDep ROOT @unrs/resolver-binding-linux-arm64-musl@1.12.2 OK for: unrs-resolver@1.12.2 want: 1.12.2
1328 silly placeDep ROOT @unrs/resolver-binding-linux-loong64-gnu@1.12.2 OK for: unrs-resolver@1.12.2 want: 1.12.2
1329 silly placeDep ROOT @unrs/resolver-binding-linux-loong64-musl@1.12.2 OK for: unrs-resolver@1.12.2 want: 1.12.2
1330 silly placeDep ROOT @unrs/resolver-binding-linux-ppc64-gnu@1.12.2 OK for: unrs-resolver@1.12.2 want: 1.12.2
1331 silly placeDep ROOT @unrs/resolver-binding-linux-riscv64-gnu@1.12.2 OK for: unrs-resolver@1.12.2 want: 1.12.2
1332 silly placeDep ROOT @unrs/resolver-binding-linux-riscv64-musl@1.12.2 OK for: unrs-resolver@1.12.2 want: 1.12.2
1333 silly placeDep ROOT @unrs/resolver-binding-linux-s390x-gnu@1.12.2 OK for: unrs-resolver@1.12.2 want: 1.12.2
1334 silly placeDep ROOT @unrs/resolver-binding-linux-x64-gnu@1.12.2 OK for: unrs-resolver@1.12.2 want: 1.12.2
1335 silly placeDep ROOT @unrs/resolver-binding-linux-x64-musl@1.12.2 OK for: unrs-resolver@1.12.2 want: 1.12.2
1336 silly placeDep ROOT @unrs/resolver-binding-openharmony-arm64@1.12.2 OK for: unrs-resolver@1.12.2 want: 1.12.2
1337 silly placeDep ROOT @unrs/resolver-binding-wasm32-wasi@1.12.2 OK for: unrs-resolver@1.12.2 want: 1.12.2
1338 silly placeDep ROOT @unrs/resolver-binding-win32-arm64-msvc@1.12.2 OK for: unrs-resolver@1.12.2 want: 1.12.2
1339 silly placeDep ROOT @unrs/resolver-binding-win32-ia32-msvc@1.12.2 OK for: unrs-resolver@1.12.2 want: 1.12.2
1340 silly placeDep ROOT @unrs/resolver-binding-win32-x64-msvc@1.12.2 OK for: unrs-resolver@1.12.2 want: 1.12.2
1341 silly placeDep ROOT napi-postinstall@0.3.4 OK for: unrs-resolver@1.12.2 want: ^0.3.4
1342 silly fetch manifest @napi-rs/wasm-runtime@^1.1.4
1343 silly packumentCache full:https://registry.npmjs.org/@napi-rs%2fwasm-runtime cache-miss
1344 silly fetch manifest @emnapi/core@1.10.0
1345 silly packumentCache full:https://registry.npmjs.org/@emnapi%2fcore cache-miss
1346 silly fetch manifest @emnapi/runtime@1.10.0
1347 silly packumentCache full:https://registry.npmjs.org/@emnapi%2fruntime cache-hit
1348 http fetch GET 200 https://registry.npmjs.org/@napi-rs%2fwasm-runtime 11ms (cache stale)
1349 silly packumentCache full:https://registry.npmjs.org/@napi-rs%2fwasm-runtime set size:76486 disposed:false
1350 http fetch GET 200 https://registry.npmjs.org/@emnapi%2fcore 14ms (cache stale)
1351 silly packumentCache full:https://registry.npmjs.org/@emnapi%2fcore set size:117071 disposed:false
1352 silly placeDep ROOT @emnapi/core@1.10.0 OK for: @unrs/resolver-binding-wasm32-wasi@1.12.2 want: 1.10.0
1353 silly placeDep node_modules/@unrs/resolver-binding-wasm32-wasi @emnapi/runtime@1.10.0 OK for: @unrs/resolver-binding-wasm32-wasi@1.12.2 want: 1.10.0
1354 silly placeDep ROOT @napi-rs/wasm-runtime@1.1.6 OK for: @unrs/resolver-binding-wasm32-wasi@1.12.2 want: ^1.1.4
1355 silly fetch manifest @emnapi/wasi-threads@1.2.1
1356 silly packumentCache full:https://registry.npmjs.org/@emnapi%2fwasi-threads cache-miss
1357 silly fetch manifest @tybys/wasm-util@^0.10.3
1358 silly packumentCache full:https://registry.npmjs.org/@tybys%2fwasm-util cache-miss
1359 http fetch GET 200 https://registry.npmjs.org/@tybys%2fwasm-util 11ms (cache stale)
1360 silly packumentCache full:https://registry.npmjs.org/@tybys%2fwasm-util set size:60108 disposed:false
1361 http fetch GET 200 https://registry.npmjs.org/@emnapi%2fwasi-threads 16ms (cache stale)
1362 silly packumentCache full:https://registry.npmjs.org/@emnapi%2fwasi-threads set size:28580 disposed:false
1363 silly placeDep ROOT @emnapi/wasi-threads@1.2.1 OK for: @emnapi/core@1.10.0 want: 1.2.1
1364 silly placeDep ROOT @tybys/wasm-util@0.10.3 OK for: @napi-rs/wasm-runtime@1.1.6 want: ^0.10.3
1365 silly placeDep node_modules/@typescript-eslint/typescript-estree brace-expansion@5.0.7 OK for: minimatch@10.2.5 want: ^5.0.5
1366 silly fetch manifest balanced-match@^4.0.2
1367 silly packumentCache full:https://registry.npmjs.org/balanced-match cache-hit
1368 silly placeDep node_modules/@typescript-eslint/typescript-estree balanced-match@4.0.4 OK for: brace-expansion@5.0.7 want: ^4.0.2
1369 silly placeDep node_modules/tailwindcss/node_modules/chokidar glob-parent@5.1.2 OK for: chokidar@3.6.0 want: ~5.1.2
1370 silly placeDep node_modules/tailwindcss readdirp@3.6.0 OK for: chokidar@3.6.0 want: ~3.6.0
1371 silly fetch manifest picomatch@^2.2.1
1372 silly packumentCache full:https://registry.npmjs.org/picomatch cache-hit
1373 silly placeDep node_modules/tailwindcss/node_modules/fast-glob glob-parent@5.1.2 OK for: fast-glob@3.3.3 want: ^5.1.2
1374 silly placeDep node_modules/tailwindcss picomatch@2.3.2 OK for: readdirp@3.6.0 want: ^2.2.1
1375 silly reify mark retired [
1375 silly reify   'C:\\Users\\Savad\\Documents\\Codex\\2026-07-08\\vo\\ai-text-audio-saas\\node_modules\\es-abstract'
1375 silly reify ]
1376 silly reify mark retired [
1376 silly reify   'C:\\Users\\Savad\\Documents\\Codex\\2026-07-08\\vo\\ai-text-audio-saas\\node_modules\\@babel\\types'
1376 silly reify ]
1377 silly reify mark retired [
1377 silly reify   'C:\\Users\\Savad\\Documents\\Codex\\2026-07-08\\vo\\ai-text-audio-saas\\node_modules\\@img\\sharp-win32-x64'
1377 silly reify ]
1378 silly reify mark retired [
1378 silly reify   'C:\\Users\\Savad\\Documents\\Codex\\2026-07-08\\vo\\ai-text-audio-saas\\node_modules\\acorn-jsx'
1378 silly reify ]
1379 silly reify mark retired [
1379 silly reify   'C:\\Users\\Savad\\Documents\\Codex\\2026-07-08\\vo\\ai-text-audio-saas\\node_modules\\array.prototype.findlast'
1379 silly reify ]
1380 silly reify mark retired [
1380 silly reify   'C:\\Users\\Savad\\Documents\\Codex\\2026-07-08\\vo\\ai-text-audio-saas\\node_modules\\array.prototype.tosorted'
1380 silly reify ]
1381 silly reify mark retired [
1381 silly reify   'C:\\Users\\Savad\\Documents\\Codex\\2026-07-08\\vo\\ai-text-audio-saas\\node_modules\\array.prototype.findlastindex'
1381 silly reify ]
1382 silly reify mark retired [
1382 silly reify   'C:\\Users\\Savad\\Documents\\Codex\\2026-07-08\\vo\\ai-text-audio-saas\\node_modules\\ast-types-flow'
1382 silly reify ]
1383 silly reify mark retired [
1383 silly reify   'C:\\Users\\Savad\\Documents\\Codex\\2026-07-08\\vo\\ai-text-audio-saas\\node_modules\\better-auth\\node_modules\\kysely'
1383 silly reify ]
1384 silly reify mark retired [
1384 silly reify   'C:\\Users\\Savad\\Documents\\Codex\\2026-07-08\\vo\\ai-text-audio-saas\\node_modules\\balanced-match'
1384 silly reify ]
1385 silly reify mark retired [
1385 silly reify   'C:\\Users\\Savad\\Documents\\Codex\\2026-07-08\\vo\\ai-text-audio-saas\\node_modules\\axe-core'
1385 silly reify ]
1386 silly reify mark retired [
1386 silly reify   'C:\\Users\\Savad\\Documents\\Codex\\2026-07-08\\vo\\ai-text-audio-saas\\node_modules\\brace-expansion'
1386 silly reify ]
1387 silly reify mark retired [
1387 silly reify   'C:\\Users\\Savad\\Documents\\Codex\\2026-07-08\\vo\\ai-text-audio-saas\\node_modules\\acorn',
1387 silly reify   'C:\\Users\\Savad\\Documents\\Codex\\2026-07-08\\vo\\ai-text-audio-saas\\node_modules\\.bin\\acorn',
1387 silly reify   'C:\\Users\\Savad\\Documents\\Codex\\2026-07-08\\vo\\ai-text-audio-saas\\node_modules\\.bin\\acorn.cmd',
1387 silly reify   'C:\\Users\\Savad\\Documents\\Codex\\2026-07-08\\vo\\ai-text-audio-saas\\node_modules\\.bin\\acorn.ps1'
1387 silly reify ]
1388 silly reify mark retired [
1388 silly reify   'C:\\Users\\Savad\\Documents\\Codex\\2026-07-08\\vo\\ai-text-audio-saas\\node_modules\\autoprefixer',
1388 silly reify   'C:\\Users\\Savad\\Documents\\Codex\\2026-07-08\\vo\\ai-text-audio-saas\\node_modules\\.bin\\autoprefixer',
1388 silly reify   'C:\\Users\\Savad\\Documents\\Codex\\2026-07-08\\vo\\ai-text-audio-saas\\node_modules\\.bin\\autoprefixer.cmd',
1388 silly reify   'C:\\Users\\Savad\\Documents\\Codex\\2026-07-08\\vo\\ai-text-audio-saas\\node_modules\\.bin\\autoprefixer.ps1'
1388 silly reify ]
1389 silly reify mark retired [
1389 silly reify   'C:\\Users\\Savad\\Documents\\Codex\\2026-07-08\\vo\\ai-text-audio-saas\\node_modules\\baseline-browser-mapping',
1389 silly reify   'C:\\Users\\Savad\\Documents\\Codex\\2026-07-08\\vo\\ai-text-audio-saas\\node_modules\\.bin\\baseline-browser-mapping',
1389 silly reify   'C:\\Users\\Savad\\Documents\\Codex\\2026-07-08\\vo\\ai-text-audio-saas\\node_modules\\.bin\\baseline-browser-mapping.cmd',
1389 silly reify   'C:\\Users\\Savad\\Documents\\Codex\\2026-07-08\\vo\\ai-text-audio-saas\\node_modules\\.bin\\baseline-browser-mapping.ps1'
1389 silly reify ]
1390 silly reify mark retired [
1390 silly reify   'C:\\Users\\Savad\\Documents\\Codex\\2026-07-08\\vo\\ai-text-audio-saas\\node_modules\\browserslist',
1390 silly reify   'C:\\Users\\Savad\\Documents\\Codex\\2026-07-08\\vo\\ai-text-audio-saas\\node_modules\\.bin\\browserslist',
1390 silly reify   'C:\\Users\\Savad\\Documents\\Codex\\2026-07-08\\vo\\ai-text-audio-saas\\node_modules\\.bin\\browserslist.cmd',
1390 silly reify   'C:\\Users\\Savad\\Documents\\Codex\\2026-07-08\\vo\\ai-text-audio-saas\\node_modules\\.bin\\browserslist.ps1'
1390 silly reify ]
1391 silly reify mark retired [
1391 silly reify   'C:\\Users\\Savad\\Documents\\Codex\\2026-07-08\\vo\\ai-text-audio-saas\\node_modules\\convert-source-map'
1391 silly reify ]
1392 silly reify mark retired [
1392 silly reify   'C:\\Users\\Savad\\Documents\\Codex\\2026-07-08\\vo\\ai-text-audio-saas\\node_modules\\clsx'
1392 silly reify ]
1393 silly reify mark retired [
1393 silly reify   'C:\\Users\\Savad\\Documents\\Codex\\2026-07-08\\vo\\ai-text-audio-saas\\node_modules\\damerau-levenshtein'
1393 silly reify ]
1394 silly reify mark retired [
1394 silly reify   'C:\\Users\\Savad\\Documents\\Codex\\2026-07-08\\vo\\ai-text-audio-saas\\node_modules\\class-variance-authority'
1394 silly reify ]
1395 silly reify mark retired [
1395 silly reify   'C:\\Users\\Savad\\Documents\\Codex\\2026-07-08\\vo\\ai-text-audio-saas\\node_modules\\cssesc',
1395 silly reify   'C:\\Users\\Savad\\Documents\\Codex\\2026-07-08\\vo\\ai-text-audio-saas\\node_modules\\.bin\\cssesc',
1395 silly reify   'C:\\Users\\Savad\\Documents\\Codex\\2026-07-08\\vo\\ai-text-audio-saas\\node_modules\\.bin\\cssesc.cmd',
1395 silly reify   'C:\\Users\\Savad\\Documents\\Codex\\2026-07-08\\vo\\ai-text-audio-saas\\node_modules\\.bin\\cssesc.ps1'
1395 silly reify ]
1396 silly reify mark retired [
1396 silly reify   'C:\\Users\\Savad\\Documents\\Codex\\2026-07-08\\vo\\ai-text-audio-saas\\node_modules\\emoji-regex'
1396 silly reify ]
1397 silly reify mark retired [
1397 silly reify   'C:\\Users\\Savad\\Documents\\Codex\\2026-07-08\\vo\\ai-text-audio-saas\\node_modules\\es-iterator-helpers'
1397 silly reify ]
1398 silly reify mark retired [
1398 silly reify   'C:\\Users\\Savad\\Documents\\Codex\\2026-07-08\\vo\\ai-text-audio-saas\\node_modules\\esbuild',
1398 silly reify   'C:\\Users\\Savad\\Documents\\Codex\\2026-07-08\\vo\\ai-text-audio-saas\\node_modules\\.bin\\esbuild',
1398 silly reify   'C:\\Users\\Savad\\Documents\\Codex\\2026-07-08\\vo\\ai-text-audio-saas\\node_modules\\.bin\\esbuild.cmd',
1398 silly reify   'C:\\Users\\Savad\\Documents\\Codex\\2026-07-08\\vo\\ai-text-audio-saas\\node_modules\\.bin\\esbuild.ps1'
1398 silly reify ]
1399 silly reify mark retired [
1399 silly reify   'C:\\Users\\Savad\\Documents\\Codex\\2026-07-08\\vo\\ai-text-audio-saas\\node_modules\\eslint-import-resolver-typescript'
1399 silly reify ]
1400 silly reify mark retired [
1400 silly reify   'C:\\Users\\Savad\\Documents\\Codex\\2026-07-08\\vo\\ai-text-audio-saas\\node_modules\\eslint-config-next'
1400 silly reify ]
1401 silly reify mark retired [
1401 silly reify   'C:\\Users\\Savad\\Documents\\Codex\\2026-07-08\\vo\\ai-text-audio-saas\\node_modules\\eslint-module-utils'
1401 silly reify ]
1402 silly reify mark retired [
1402 silly reify   'C:\\Users\\Savad\\Documents\\Codex\\2026-07-08\\vo\\ai-text-audio-saas\\node_modules\\eslint-plugin-import'
1402 silly reify ]
1403 silly reify mark retired [
1403 silly reify   'C:\\Users\\Savad\\Documents\\Codex\\2026-07-08\\vo\\ai-text-audio-saas\\node_modules\\eslint-plugin-jsx-a11y'
1403 silly reify ]
1404 silly reify mark retired [
1404 silly reify   'C:\\Users\\Savad\\Documents\\Codex\\2026-07-08\\vo\\ai-text-audio-saas\\node_modules\\eslint-plugin-react-hooks\\node_modules\\@babel\\types'
1404 silly reify ]
1405 silly reify mark retired [
1405 silly reify   'C:\\Users\\Savad\\Documents\\Codex\\2026-07-08\\vo\\ai-text-audio-saas\\node_modules\\eslint-plugin-react-hooks\\node_modules\\@babel\\core'
1405 silly reify ]
1406 silly reify mark retired [
1406 silly reify   'C:\\Users\\Savad\\Documents\\Codex\\2026-07-08\\vo\\ai-text-audio-saas\\node_modules\\eslint-plugin-react-hooks\\node_modules\\@babel\\helpers'
1406 silly reify ]
1407 silly reify mark retired [
1407 silly reify   'C:\\Users\\Savad\\Documents\\Codex\\2026-07-08\\vo\\ai-text-audio-saas\\node_modules\\eslint-visitor-keys'
1407 silly reify ]
1408 silly reify mark retired [
1408 silly reify   'C:\\Users\\Savad\\Documents\\Codex\\2026-07-08\\vo\\ai-text-audio-saas\\node_modules\\eslint-scope'
1408 silly reify ]
1409 silly reify mark retired [
1409 silly reify   'C:\\Users\\Savad\\Documents\\Codex\\2026-07-08\\vo\\ai-text-audio-saas\\node_modules\\esrecurse'
1409 silly reify ]
1410 silly reify mark retired [
1410 silly reify   'C:\\Users\\Savad\\Documents\\Codex\\2026-07-08\\vo\\ai-text-audio-saas\\node_modules\\espree'
1410 silly reify ]
1411 silly reify mark retired [
1411 silly reify   'C:\\Users\\Savad\\Documents\\Codex\\2026-07-08\\vo\\ai-text-audio-saas\\node_modules\\eslint-plugin-react'
1411 silly reify ]
1412 silly reify mark retired [
1412 silly reify   'C:\\Users\\Savad\\Documents\\Codex\\2026-07-08\\vo\\ai-text-audio-saas\\node_modules\\gensync'
1412 silly reify ]
1413 silly reify mark retired [
1413 silly reify   'C:\\Users\\Savad\\Documents\\Codex\\2026-07-08\\vo\\ai-text-audio-saas\\node_modules\\get-tsconfig'
1413 silly reify ]
1414 silly reify mark retired [
1414 silly reify   'C:\\Users\\Savad\\Documents\\Codex\\2026-07-08\\vo\\ai-text-audio-saas\\node_modules\\is-bun-module'
1414 silly reify ]
1415 silly reify mark retired [
1415 silly reify   'C:\\Users\\Savad\\Documents\\Codex\\2026-07-08\\vo\\ai-text-audio-saas\\node_modules\\giget',
1415 silly reify   'C:\\Users\\Savad\\Documents\\Codex\\2026-07-08\\vo\\ai-text-audio-saas\\node_modules\\.bin\\giget',
1415 silly reify   'C:\\Users\\Savad\\Documents\\Codex\\2026-07-08\\vo\\ai-text-audio-saas\\node_modules\\.bin\\giget.cmd',
1415 silly reify   'C:\\Users\\Savad\\Documents\\Codex\\2026-07-08\\vo\\ai-text-audio-saas\\node_modules\\.bin\\giget.ps1'
1415 silly reify ]
1416 silly reify mark retired [
1416 silly reify   'C:\\Users\\Savad\\Documents\\Codex\\2026-07-08\\vo\\ai-text-audio-saas\\node_modules\\iterator.prototype'
1416 silly reify ]
1417 silly reify mark retired [
1417 silly reify   'C:\\Users\\Savad\\Documents\\Codex\\2026-07-08\\vo\\ai-text-audio-saas\\node_modules\\js-tokens'
1417 silly reify ]
1418 silly reify mark retired [
1418 silly reify   'C:\\Users\\Savad\\Documents\\Codex\\2026-07-08\\vo\\ai-text-audio-saas\\node_modules\\jsesc',
1418 silly reify   'C:\\Users\\Savad\\Documents\\Codex\\2026-07-08\\vo\\ai-text-audio-saas\\node_modules\\.bin\\jsesc',
1418 silly reify   'C:\\Users\\Savad\\Documents\\Codex\\2026-07-08\\vo\\ai-text-audio-saas\\node_modules\\.bin\\jsesc.cmd',
1418 silly reify   'C:\\Users\\Savad\\Documents\\Codex\\2026-07-08\\vo\\ai-text-audio-saas\\node_modules\\.bin\\jsesc.ps1'
1418 silly reify ]
1419 silly reify mark retired [
1419 silly reify   'C:\\Users\\Savad\\Documents\\Codex\\2026-07-08\\vo\\ai-text-audio-saas\\node_modules\\jiti',
1419 silly reify   'C:\\Users\\Savad\\Documents\\Codex\\2026-07-08\\vo\\ai-text-audio-saas\\node_modules\\.bin\\jiti',
1419 silly reify   'C:\\Users\\Savad\\Documents\\Codex\\2026-07-08\\vo\\ai-text-audio-saas\\node_modules\\.bin\\jiti.cmd',
1419 silly reify   'C:\\Users\\Savad\\Documents\\Codex\\2026-07-08\\vo\\ai-text-audio-saas\\node_modules\\.bin\\jiti.ps1'
1419 silly reify ]
1420 silly reify mark retired [
1420 silly reify   'C:\\Users\\Savad\\Documents\\Codex\\2026-07-08\\vo\\ai-text-audio-saas\\node_modules\\language-subtag-registry'
1420 silly reify ]
1421 silly reify mark retired [
1421 silly reify   'C:\\Users\\Savad\\Documents\\Codex\\2026-07-08\\vo\\ai-text-audio-saas\\node_modules\\language-tags'
1421 silly reify ]
1422 silly reify mark retired [
1422 silly reify   'C:\\Users\\Savad\\Documents\\Codex\\2026-07-08\\vo\\ai-text-audio-saas\\node_modules\\lru-cache'
1422 silly reify ]
1423 silly reify mark retired [
1423 silly reify   'C:\\Users\\Savad\\Documents\\Codex\\2026-07-08\\vo\\ai-text-audio-saas\\node_modules\\json5',
1423 silly reify   'C:\\Users\\Savad\\Documents\\Codex\\2026-07-08\\vo\\ai-text-audio-saas\\node_modules\\.bin\\json5',
1423 silly reify   'C:\\Users\\Savad\\Documents\\Codex\\2026-07-08\\vo\\ai-text-audio-saas\\node_modules\\.bin\\json5.cmd',
1423 silly reify   'C:\\Users\\Savad\\Documents\\Codex\\2026-07-08\\vo\\ai-text-audio-saas\\node_modules\\.bin\\json5.ps1'
1423 silly reify ]
1424 silly reify mark retired [
1424 silly reify   'C:\\Users\\Savad\\Documents\\Codex\\2026-07-08\\vo\\ai-text-audio-saas\\node_modules\\loose-envify',
1424 silly reify   'C:\\Users\\Savad\\Documents\\Codex\\2026-07-08\\vo\\ai-text-audio-saas\\node_modules\\.bin\\loose-envify',
1424 silly reify   'C:\\Users\\Savad\\Documents\\Codex\\2026-07-08\\vo\\ai-text-audio-saas\\node_modules\\.bin\\loose-envify.cmd',
1424 silly reify   'C:\\Users\\Savad\\Documents\\Codex\\2026-07-08\\vo\\ai-text-audio-saas\\node_modules\\.bin\\loose-envify.ps1'
1424 silly reify ]
1425 silly reify mark retired [
1425 silly reify   'C:\\Users\\Savad\\Documents\\Codex\\2026-07-08\\vo\\ai-text-audio-saas\\node_modules\\minimatch'
1425 silly reify ]
1426 silly reify mark retired [
1426 silly reify   'C:\\Users\\Savad\\Documents\\Codex\\2026-07-08\\vo\\ai-text-audio-saas\\node_modules\\minimist'
1426 silly reify ]
1427 silly reify mark retired [
1427 silly reify   'C:\\Users\\Savad\\Documents\\Codex\\2026-07-08\\vo\\ai-text-audio-saas\\node_modules\\lucide-react'
1427 silly reify ]
1428 silly reify mark retired [
1428 silly reify   'C:\\Users\\Savad\\Documents\\Codex\\2026-07-08\\vo\\ai-text-audio-saas\\node_modules\\nanoid',
1428 silly reify   'C:\\Users\\Savad\\Documents\\Codex\\2026-07-08\\vo\\ai-text-audio-saas\\node_modules\\.bin\\nanoid',
1428 silly reify   'C:\\Users\\Savad\\Documents\\Codex\\2026-07-08\\vo\\ai-text-audio-saas\\node_modules\\.bin\\nanoid.cmd',
1428 silly reify   'C:\\Users\\Savad\\Documents\\Codex\\2026-07-08\\vo\\ai-text-audio-saas\\node_modules\\.bin\\nanoid.ps1'
1428 silly reify ]
1429 silly reify mark retired [
1429 silly reify   'C:\\Users\\Savad\\Documents\\Codex\\2026-07-08\\vo\\ai-text-audio-saas\\node_modules\\napi-postinstall',
1429 silly reify   'C:\\Users\\Savad\\Documents\\Codex\\2026-07-08\\vo\\ai-text-audio-saas\\node_modules\\.bin\\napi-postinstall',
1429 silly reify   'C:\\Users\\Savad\\Documents\\Codex\\2026-07-08\\vo\\ai-text-audio-saas\\node_modules\\.bin\\napi-postinstall.cmd',
1429 silly reify   'C:\\Users\\Savad\\Documents\\Codex\\2026-07-08\\vo\\ai-text-audio-saas\\node_modules\\.bin\\napi-postinstall.ps1'
1429 silly reify ]
1430 silly reify mark retired [
1430 silly reify   'C:\\Users\\Savad\\Documents\\Codex\\2026-07-08\\vo\\ai-text-audio-saas\\node_modules\\next-themes'
1430 silly reify ]
1431 silly reify mark retired [
1431 silly reify   'C:\\Users\\Savad\\Documents\\Codex\\2026-07-08\\vo\\ai-text-audio-saas\\node_modules\\object.groupby'
1431 silly reify ]
1432 silly reify mark retired [
1432 silly reify   'C:\\Users\\Savad\\Documents\\Codex\\2026-07-08\\vo\\ai-text-audio-saas\\node_modules\\picomatch'
1432 silly reify ]
1433 silly reify mark retired [
1433 silly reify   'C:\\Users\\Savad\\Documents\\Codex\\2026-07-08\\vo\\ai-text-audio-saas\\node_modules\\postcss-import\\node_modules\\resolve',
1433 silly reify   'C:\\Users\\Savad\\Documents\\Codex\\2026-07-08\\vo\\ai-text-audio-saas\\node_modules\\postcss-import\\node_modules\\.bin\\resolve',
1433 silly reify   'C:\\Users\\Savad\\Documents\\Codex\\2026-07-08\\vo\\ai-text-audio-saas\\node_modules\\postcss-import\\node_modules\\.bin\\resolve.cmd',
1433 silly reify   'C:\\Users\\Savad\\Documents\\Codex\\2026-07-08\\vo\\ai-text-audio-saas\\node_modules\\postcss-import\\node_modules\\.bin\\resolve.ps1'
1433 silly reify ]
1434 silly reify mark retired [
1434 silly reify   'C:\\Users\\Savad\\Documents\\Codex\\2026-07-08\\vo\\ai-text-audio-saas\\node_modules\\postcss'
1434 silly reify ]
1435 silly reify mark retired [
1435 silly reify   'C:\\Users\\Savad\\Documents\\Codex\\2026-07-08\\vo\\ai-text-audio-saas\\node_modules\\prop-types'
1435 silly reify ]
1436 silly reify mark retired [
1436 silly reify   'C:\\Users\\Savad\\Documents\\Codex\\2026-07-08\\vo\\ai-text-audio-saas\\node_modules\\prisma',
1436 silly reify   'C:\\Users\\Savad\\Documents\\Codex\\2026-07-08\\vo\\ai-text-audio-saas\\node_modules\\.bin\\prisma',
1436 silly reify   'C:\\Users\\Savad\\Documents\\Codex\\2026-07-08\\vo\\ai-text-audio-saas\\node_modules\\.bin\\prisma.cmd',
1436 silly reify   'C:\\Users\\Savad\\Documents\\Codex\\2026-07-08\\vo\\ai-text-audio-saas\\node_modules\\.bin\\prisma.ps1'
1436 silly reify ]
1437 silly reify mark retired [
1437 silly reify   'C:\\Users\\Savad\\Documents\\Codex\\2026-07-08\\vo\\ai-text-audio-saas\\node_modules\\react-is'
1437 silly reify ]
1438 silly reify mark retired [
1438 silly reify   'C:\\Users\\Savad\\Documents\\Codex\\2026-07-08\\vo\\ai-text-audio-saas\\node_modules\\react'
1438 silly reify ]
1439 silly reify mark retired [
1439 silly reify   'C:\\Users\\Savad\\Documents\\Codex\\2026-07-08\\vo\\ai-text-audio-saas\\node_modules\\react-dom'
1439 silly reify ]
1440 silly reify mark retired [
1440 silly reify   'C:\\Users\\Savad\\Documents\\Codex\\2026-07-08\\vo\\ai-text-audio-saas\\node_modules\\resolve-pkg-maps'
1440 silly reify ]
1441 silly reify mark retired [
1441 silly reify   'C:\\Users\\Savad\\Documents\\Codex\\2026-07-08\\vo\\ai-text-audio-saas\\node_modules\\resolve',
1441 silly reify   'C:\\Users\\Savad\\Documents\\Codex\\2026-07-08\\vo\\ai-text-audio-saas\\node_modules\\.bin\\resolve',
1441 silly reify   'C:\\Users\\Savad\\Documents\\Codex\\2026-07-08\\vo\\ai-text-audio-saas\\node_modules\\.bin\\resolve.cmd',
1441 silly reify   'C:\\Users\\Savad\\Documents\\Codex\\2026-07-08\\vo\\ai-text-audio-saas\\node_modules\\.bin\\resolve.ps1'
1441 silly reify ]
1442 silly reify mark retired [
1442 silly reify   'C:\\Users\\Savad\\Documents\\Codex\\2026-07-08\\vo\\ai-text-audio-saas\\node_modules\\sharp\\node_modules\\semver',
1442 silly reify   'C:\\Users\\Savad\\Documents\\Codex\\2026-07-08\\vo\\ai-text-audio-saas\\node_modules\\sharp\\node_modules\\.bin\\semver',
1442 silly reify   'C:\\Users\\Savad\\Documents\\Codex\\2026-07-08\\vo\\ai-text-audio-saas\\node_modules\\sharp\\node_modules\\.bin\\semver.cmd',
1442 silly reify   'C:\\Users\\Savad\\Documents\\Codex\\2026-07-08\\vo\\ai-text-audio-saas\\node_modules\\sharp\\node_modules\\.bin\\semver.ps1'
1442 silly reify ]
1443 silly reify mark retired [
1443 silly reify   'C:\\Users\\Savad\\Documents\\Codex\\2026-07-08\\vo\\ai-text-audio-saas\\node_modules\\semver',
1443 silly reify   'C:\\Users\\Savad\\Documents\\Codex\\2026-07-08\\vo\\ai-text-audio-saas\\node_modules\\.bin\\semver',
1443 silly reify   'C:\\Users\\Savad\\Documents\\Codex\\2026-07-08\\vo\\ai-text-audio-saas\\node_modules\\.bin\\semver.cmd',
1443 silly reify   'C:\\Users\\Savad\\Documents\\Codex\\2026-07-08\\vo\\ai-text-audio-saas\\node_modules\\.bin\\semver.ps1'
1443 silly reify ]
1444 silly reify mark retired [
1444 silly reify   'C:\\Users\\Savad\\Documents\\Codex\\2026-07-08\\vo\\ai-text-audio-saas\\node_modules\\stable-hash'
1444 silly reify ]
1445 silly reify mark retired [
1445 silly reify   'C:\\Users\\Savad\\Documents\\Codex\\2026-07-08\\vo\\ai-text-audio-saas\\node_modules\\string.prototype.includes'
1445 silly reify ]
1446 silly reify mark retired [
1446 silly reify   'C:\\Users\\Savad\\Documents\\Codex\\2026-07-08\\vo\\ai-text-audio-saas\\node_modules\\string.prototype.matchall'
1446 silly reify ]
1447 silly reify mark retired [
1447 silly reify   'C:\\Users\\Savad\\Documents\\Codex\\2026-07-08\\vo\\ai-text-audio-saas\\node_modules\\string.prototype.repeat'
1447 silly reify ]
1448 silly reify mark retired [
1448 silly reify   'C:\\Users\\Savad\\Documents\\Codex\\2026-07-08\\vo\\ai-text-audio-saas\\node_modules\\strip-bom'
1448 silly reify ]
1449 silly reify mark retired [
1449 silly reify   'C:\\Users\\Savad\\Documents\\Codex\\2026-07-08\\vo\\ai-text-audio-saas\\node_modules\\sonner'
1449 silly reify ]
1450 silly reify mark retired [
1450 silly reify   'C:\\Users\\Savad\\Documents\\Codex\\2026-07-08\\vo\\ai-text-audio-saas\\node_modules\\sucrase',
1450 silly reify   'C:\\Users\\Savad\\Documents\\Codex\\2026-07-08\\vo\\ai-text-audio-saas\\node_modules\\.bin\\sucrase',
1450 silly reify   'C:\\Users\\Savad\\Documents\\Codex\\2026-07-08\\vo\\ai-text-audio-saas\\node_modules\\.bin\\sucrase.cmd',
1450 silly reify   'C:\\Users\\Savad\\Documents\\Codex\\2026-07-08\\vo\\ai-text-audio-saas\\node_modules\\.bin\\sucrase.ps1',
1450 silly reify   'C:\\Users\\Savad\\Documents\\Codex\\2026-07-08\\vo\\ai-text-audio-saas\\node_modules\\.bin\\sucrase-node',
1450 silly reify   'C:\\Users\\Savad\\Documents\\Codex\\2026-07-08\\vo\\ai-text-audio-saas\\node_modules\\.bin\\sucrase-node.cmd',
1450 silly reify   'C:\\Users\\Savad\\Documents\\Codex\\2026-07-08\\vo\\ai-text-audio-saas\\node_modules\\.bin\\sucrase-node.ps1'
1450 silly reify ]
1451 silly reify mark retired [
1451 silly reify   'C:\\Users\\Savad\\Documents\\Codex\\2026-07-08\\vo\\ai-text-audio-saas\\node_modules\\superjson'
1451 silly reify ]
1452 silly reify mark retired [
1452 silly reify   'C:\\Users\\Savad\\Documents\\Codex\\2026-07-08\\vo\\ai-text-audio-saas\\node_modules\\tailwind-merge'
1452 silly reify ]
1453 silly reify mark retired [
1453 silly reify   'C:\\Users\\Savad\\Documents\\Codex\\2026-07-08\\vo\\ai-text-audio-saas\\node_modules\\tinyglobby\\node_modules\\picomatch'
1453 silly reify ]
1454 silly reify mark retired [
1454 silly reify   'C:\\Users\\Savad\\Documents\\Codex\\2026-07-08\\vo\\ai-text-audio-saas\\node_modules\\ts-api-utils'
1454 silly reify ]
1455 silly reify mark retired [
1455 silly reify   'C:\\Users\\Savad\\Documents\\Codex\\2026-07-08\\vo\\ai-text-audio-saas\\node_modules\\tsconfig-paths'
1455 silly reify ]
1456 silly reify mark retired [
1456 silly reify   'C:\\Users\\Savad\\Documents\\Codex\\2026-07-08\\vo\\ai-text-audio-saas\\node_modules\\tsx',
1456 silly reify   'C:\\Users\\Savad\\Documents\\Codex\\2026-07-08\\vo\\ai-text-audio-saas\\node_modules\\.bin\\tsx',
1456 silly reify   'C:\\Users\\Savad\\Documents\\Codex\\2026-07-08\\vo\\ai-text-audio-saas\\node_modules\\.bin\\tsx.cmd',
1456 silly reify   'C:\\Users\\Savad\\Documents\\Codex\\2026-07-08\\vo\\ai-text-audio-saas\\node_modules\\.bin\\tsx.ps1'
1456 silly reify ]
1457 silly reify mark retired [
1457 silly reify   'C:\\Users\\Savad\\Documents\\Codex\\2026-07-08\\vo\\ai-text-audio-saas\\node_modules\\typescript-eslint'
1457 silly reify ]
1458 silly reify mark retired [
1458 silly reify   'C:\\Users\\Savad\\Documents\\Codex\\2026-07-08\\vo\\ai-text-audio-saas\\node_modules\\eslint',
1458 silly reify   'C:\\Users\\Savad\\Documents\\Codex\\2026-07-08\\vo\\ai-text-audio-saas\\node_modules\\.bin\\eslint',
1458 silly reify   'C:\\Users\\Savad\\Documents\\Codex\\2026-07-08\\vo\\ai-text-audio-saas\\node_modules\\.bin\\eslint.cmd',
1458 silly reify   'C:\\Users\\Savad\\Documents\\Codex\\2026-07-08\\vo\\ai-text-audio-saas\\node_modules\\.bin\\eslint.ps1'
1458 silly reify ]
1459 silly reify mark retired [
1459 silly reify   'C:\\Users\\Savad\\Documents\\Codex\\2026-07-08\\vo\\ai-text-audio-saas\\node_modules\\unrs-resolver'
1459 silly reify ]
1460 silly reify mark retired [
1460 silly reify   'C:\\Users\\Savad\\Documents\\Codex\\2026-07-08\\vo\\ai-text-audio-saas\\node_modules\\update-browserslist-db',
1460 silly reify   'C:\\Users\\Savad\\Documents\\Codex\\2026-07-08\\vo\\ai-text-audio-saas\\node_modules\\.bin\\update-browserslist-db',
1460 silly reify   'C:\\Users\\Savad\\Documents\\Codex\\2026-07-08\\vo\\ai-text-audio-saas\\node_modules\\.bin\\update-browserslist-db.cmd',
1460 silly reify   'C:\\Users\\Savad\\Documents\\Codex\\2026-07-08\\vo\\ai-text-audio-saas\\node_modules\\.bin\\update-browserslist-db.ps1'
1460 silly reify ]
1461 silly reify mark retired [
1461 silly reify   'C:\\Users\\Savad\\Documents\\Codex\\2026-07-08\\vo\\ai-text-audio-saas\\node_modules\\which',
1461 silly reify   'C:\\Users\\Savad\\Documents\\Codex\\2026-07-08\\vo\\ai-text-audio-saas\\node_modules\\.bin\\node-which',
1461 silly reify   'C:\\Users\\Savad\\Documents\\Codex\\2026-07-08\\vo\\ai-text-audio-saas\\node_modules\\.bin\\node-which.cmd',
1461 silly reify   'C:\\Users\\Savad\\Documents\\Codex\\2026-07-08\\vo\\ai-text-audio-saas\\node_modules\\.bin\\node-which.ps1'
1461 silly reify ]
1462 silly reify mark retired [
1462 silly reify   'C:\\Users\\Savad\\Documents\\Codex\\2026-07-08\\vo\\ai-text-audio-saas\\node_modules\\yallist'
1462 silly reify ]
1463 silly reify mark retired [
1463 silly reify   'C:\\Users\\Savad\\Documents\\Codex\\2026-07-08\\vo\\ai-text-audio-saas\\node_modules\\zod'
1463 silly reify ]
1464 silly reify mark retired [
1464 silly reify   'C:\\Users\\Savad\\Documents\\Codex\\2026-07-08\\vo\\ai-text-audio-saas\\node_modules\\@babel\\code-frame'
1464 silly reify ]
1465 silly reify mark retired [
1465 silly reify   'C:\\Users\\Savad\\Documents\\Codex\\2026-07-08\\vo\\ai-text-audio-saas\\node_modules\\@babel\\compat-data'
1465 silly reify ]
1466 silly reify mark retired [
1466 silly reify   'C:\\Users\\Savad\\Documents\\Codex\\2026-07-08\\vo\\ai-text-audio-saas\\node_modules\\@babel\\generator'
1466 silly reify ]
1467 silly reify mark retired [
1467 silly reify   'C:\\Users\\Savad\\Documents\\Codex\\2026-07-08\\vo\\ai-text-audio-saas\\node_modules\\@babel\\helper-compilation-targets'
1467 silly reify ]
1468 silly reify mark retired [
1468 silly reify   'C:\\Users\\Savad\\Documents\\Codex\\2026-07-08\\vo\\ai-text-audio-saas\\node_modules\\@babel\\helper-module-imports'
1468 silly reify ]
1469 silly reify mark retired [
1469 silly reify   'C:\\Users\\Savad\\Documents\\Codex\\2026-07-08\\vo\\ai-text-audio-saas\\node_modules\\@babel\\helper-globals'
1469 silly reify ]
1470 silly reify mark retired [
1470 silly reify   'C:\\Users\\Savad\\Documents\\Codex\\2026-07-08\\vo\\ai-text-audio-saas\\node_modules\\@babel\\helper-module-transforms'
1470 silly reify ]
1471 silly reify mark retired [
1471 silly reify   'C:\\Users\\Savad\\Documents\\Codex\\2026-07-08\\vo\\ai-text-audio-saas\\node_modules\\@babel\\helper-validator-option'
1471 silly reify ]
1472 silly reify mark retired [
1472 silly reify   'C:\\Users\\Savad\\Documents\\Codex\\2026-07-08\\vo\\ai-text-audio-saas\\node_modules\\typescript',
1472 silly reify   'C:\\Users\\Savad\\Documents\\Codex\\2026-07-08\\vo\\ai-text-audio-saas\\node_modules\\.bin\\tsc',
1472 silly reify   'C:\\Users\\Savad\\Documents\\Codex\\2026-07-08\\vo\\ai-text-audio-saas\\node_modules\\.bin\\tsc.cmd',
1472 silly reify   'C:\\Users\\Savad\\Documents\\Codex\\2026-07-08\\vo\\ai-text-audio-saas\\node_modules\\.bin\\tsc.ps1'
1472 silly reify ]
1473 silly reify mark retired [
1473 silly reify   'C:\\Users\\Savad\\Documents\\Codex\\2026-07-08\\vo\\ai-text-audio-saas\\node_modules\\@babel\\template'
1473 silly reify ]
1474 silly reify mark retired [
1474 silly reify   'C:\\Users\\Savad\\Documents\\Codex\\2026-07-08\\vo\\ai-text-audio-saas\\node_modules\\@babel\\traverse'
1474 silly reify ]
1475 silly reify mark retired [
1475 silly reify   'C:\\Users\\Savad\\Documents\\Codex\\2026-07-08\\vo\\ai-text-audio-saas\\node_modules\\@babel\\parser',
1475 silly reify   'C:\\Users\\Savad\\Documents\\Codex\\2026-07-08\\vo\\ai-text-audio-saas\\node_modules\\.bin\\parser',
1475 silly reify   'C:\\Users\\Savad\\Documents\\Codex\\2026-07-08\\vo\\ai-text-audio-saas\\node_modules\\.bin\\parser.cmd',
1475 silly reify   'C:\\Users\\Savad\\Documents\\Codex\\2026-07-08\\vo\\ai-text-audio-saas\\node_modules\\.bin\\parser.ps1'
1475 silly reify ]
1476 silly reify mark retired [
1476 silly reify   'C:\\Users\\Savad\\Documents\\Codex\\2026-07-08\\vo\\ai-text-audio-saas\\node_modules\\@better-auth-ui\\core'
1476 silly reify ]
1477 silly reify mark retired [
1477 silly reify   'C:\\Users\\Savad\\Documents\\Codex\\2026-07-08\\vo\\ai-text-audio-saas\\node_modules\\@better-auth\\prisma-adapter'
1477 silly reify ]
1478 silly reify mark retired [
1478 silly reify   'C:\\Users\\Savad\\Documents\\Codex\\2026-07-08\\vo\\ai-text-audio-saas\\node_modules\\@better-auth-ui\\react'
1478 silly reify ]
1479 silly reify mark retired [
1479 silly reify   'C:\\Users\\Savad\\Documents\\Codex\\2026-07-08\\vo\\ai-text-audio-saas\\node_modules\\@eslint\\config-helpers'
1479 silly reify ]
1480 silly reify mark retired [
1480 silly reify   'C:\\Users\\Savad\\Documents\\Codex\\2026-07-08\\vo\\ai-text-audio-saas\\node_modules\\@eslint\\config-array'
1480 silly reify ]
1481 silly reify mark retired [
1481 silly reify   'C:\\Users\\Savad\\Documents\\Codex\\2026-07-08\\vo\\ai-text-audio-saas\\node_modules\\@eslint\\core'
1481 silly reify ]
1482 silly reify mark retired [
1482 silly reify   'C:\\Users\\Savad\\Documents\\Codex\\2026-07-08\\vo\\ai-text-audio-saas\\node_modules\\@eslint\\object-schema'
1482 silly reify ]
1483 silly reify mark retired [
1483 silly reify   'C:\\Users\\Savad\\Documents\\Codex\\2026-07-08\\vo\\ai-text-audio-saas\\node_modules\\@eslint\\plugin-kit'
1483 silly reify ]
1484 silly reify mark retired [
1484 silly reify   'C:\\Users\\Savad\\Documents\\Codex\\2026-07-08\\vo\\ai-text-audio-saas\\node_modules\\@electric-sql\\pglite-socket',
1484 silly reify   'C:\\Users\\Savad\\Documents\\Codex\\2026-07-08\\vo\\ai-text-audio-saas\\node_modules\\.bin\\pglite-server',
1484 silly reify   'C:\\Users\\Savad\\Documents\\Codex\\2026-07-08\\vo\\ai-text-audio-saas\\node_modules\\.bin\\pglite-server.cmd',
1484 silly reify   'C:\\Users\\Savad\\Documents\\Codex\\2026-07-08\\vo\\ai-text-audio-saas\\node_modules\\.bin\\pglite-server.ps1'
1484 silly reify ]
1485 silly reify mark retired [
1485 silly reify   'C:\\Users\\Savad\\Documents\\Codex\\2026-07-08\\vo\\ai-text-audio-saas\\node_modules\\@jridgewell\\remapping'
1485 silly reify ]
1486 silly reify mark retired [
1486 silly reify   'C:\\Users\\Savad\\Documents\\Codex\\2026-07-08\\vo\\ai-text-audio-saas\\node_modules\\@nolyfill\\is-core-module'
1486 silly reify ]
1487 silly reify mark retired [
1487 silly reify   'C:\\Users\\Savad\\Documents\\Codex\\2026-07-08\\vo\\ai-text-audio-saas\\node_modules\\@prisma\\dev\\node_modules\\@electric-sql\\pglite'
1487 silly reify ]
1488 silly reify mark retired [
1488 silly reify   'C:\\Users\\Savad\\Documents\\Codex\\2026-07-08\\vo\\ai-text-audio-saas\\node_modules\\@prisma\\dev\\node_modules\\hono'
1488 silly reify ]
1489 silly reify mark retired [
1489 silly reify   'C:\\Users\\Savad\\Documents\\Codex\\2026-07-08\\vo\\ai-text-audio-saas\\node_modules\\tailwindcss',
1489 silly reify   'C:\\Users\\Savad\\Documents\\Codex\\2026-07-08\\vo\\ai-text-audio-saas\\node_modules\\.bin\\tailwind',
1489 silly reify   'C:\\Users\\Savad\\Documents\\Codex\\2026-07-08\\vo\\ai-text-audio-saas\\node_modules\\.bin\\tailwind.cmd',
1489 silly reify   'C:\\Users\\Savad\\Documents\\Codex\\2026-07-08\\vo\\ai-text-audio-saas\\node_modules\\.bin\\tailwind.ps1',
1489 silly reify   'C:\\Users\\Savad\\Documents\\Codex\\2026-07-08\\vo\\ai-text-audio-saas\\node_modules\\.bin\\tailwindcss',
1489 silly reify   'C:\\Users\\Savad\\Documents\\Codex\\2026-07-08\\vo\\ai-text-audio-saas\\node_modules\\.bin\\tailwindcss.cmd',
1489 silly reify   'C:\\Users\\Savad\\Documents\\Codex\\2026-07-08\\vo\\ai-text-audio-saas\\node_modules\\.bin\\tailwindcss.ps1'
1489 silly reify ]
1490 silly reify mark retired [
1490 silly reify   'C:\\Users\\Savad\\Documents\\Codex\\2026-07-08\\vo\\ai-text-audio-saas\\node_modules\\@rtsao\\scc'
1490 silly reify ]
1491 silly reify mark retired [
1491 silly reify   'C:\\Users\\Savad\\Documents\\Codex\\2026-07-08\\vo\\ai-text-audio-saas\\node_modules\\next',
1491 silly reify   'C:\\Users\\Savad\\Documents\\Codex\\2026-07-08\\vo\\ai-text-audio-saas\\node_modules\\.bin\\next',
1491 silly reify   'C:\\Users\\Savad\\Documents\\Codex\\2026-07-08\\vo\\ai-text-audio-saas\\node_modules\\.bin\\next.cmd',
1491 silly reify   'C:\\Users\\Savad\\Documents\\Codex\\2026-07-08\\vo\\ai-text-audio-saas\\node_modules\\.bin\\next.ps1'
1491 silly reify ]
1492 silly reify mark retired [
1492 silly reify   'C:\\Users\\Savad\\Documents\\Codex\\2026-07-08\\vo\\ai-text-audio-saas\\node_modules\\@prisma\\client'
1492 silly reify ]
1493 silly reify mark retired [
1493 silly reify   'C:\\Users\\Savad\\Documents\\Codex\\2026-07-08\\vo\\ai-text-audio-saas\\node_modules\\@trpc\\client',
1493 silly reify   'C:\\Users\\Savad\\Documents\\Codex\\2026-07-08\\vo\\ai-text-audio-saas\\node_modules\\.bin\\intent',
1493 silly reify   'C:\\Users\\Savad\\Documents\\Codex\\2026-07-08\\vo\\ai-text-audio-saas\\node_modules\\.bin\\intent.cmd',
1493 silly reify   'C:\\Users\\Savad\\Documents\\Codex\\2026-07-08\\vo\\ai-text-audio-saas\\node_modules\\.bin\\intent.ps1'
1493 silly reify ]
1494 silly reify mark retired [
1494 silly reify   'C:\\Users\\Savad\\Documents\\Codex\\2026-07-08\\vo\\ai-text-audio-saas\\node_modules\\@trpc\\server',
1494 silly reify   'C:\\Users\\Savad\\Documents\\Codex\\2026-07-08\\vo\\ai-text-audio-saas\\node_modules\\.bin\\intent',
1494 silly reify   'C:\\Users\\Savad\\Documents\\Codex\\2026-07-08\\vo\\ai-text-audio-saas\\node_modules\\.bin\\intent.cmd',
1494 silly reify   'C:\\Users\\Savad\\Documents\\Codex\\2026-07-08\\vo\\ai-text-audio-saas\\node_modules\\.bin\\intent.ps1'
1494 silly reify ]
1495 silly reify mark retired [
1495 silly reify   'C:\\Users\\Savad\\Documents\\Codex\\2026-07-08\\vo\\ai-text-audio-saas\\node_modules\\@types\\esrecurse'
1495 silly reify ]
1496 silly reify mark retired [
1496 silly reify   'C:\\Users\\Savad\\Documents\\Codex\\2026-07-08\\vo\\ai-text-audio-saas\\node_modules\\@types\\estree'
1496 silly reify ]
1497 silly reify mark retired [
1497 silly reify   'C:\\Users\\Savad\\Documents\\Codex\\2026-07-08\\vo\\ai-text-audio-saas\\node_modules\\@types\\node'
1497 silly reify ]
1498 silly reify mark retired [
1498 silly reify   'C:\\Users\\Savad\\Documents\\Codex\\2026-07-08\\vo\\ai-text-audio-saas\\node_modules\\@types\\json-schema'
1498 silly reify ]
1499 silly reify mark retired [
1499 silly reify   'C:\\Users\\Savad\\Documents\\Codex\\2026-07-08\\vo\\ai-text-audio-saas\\node_modules\\@types\\json5'
1499 silly reify ]
1500 silly reify mark retired [
1500 silly reify   'C:\\Users\\Savad\\Documents\\Codex\\2026-07-08\\vo\\ai-text-audio-saas\\node_modules\\@types\\react'
1500 silly reify ]
1501 silly reify mark retired [
1501 silly reify   'C:\\Users\\Savad\\Documents\\Codex\\2026-07-08\\vo\\ai-text-audio-saas\\node_modules\\@types\\react-dom'
1501 silly reify ]
1502 silly reify mark retired [
1502 silly reify   'C:\\Users\\Savad\\Documents\\Codex\\2026-07-08\\vo\\ai-text-audio-saas\\node_modules\\@typescript-eslint\\parser'
1502 silly reify ]
1503 silly reify mark retired [
1503 silly reify   'C:\\Users\\Savad\\Documents\\Codex\\2026-07-08\\vo\\ai-text-audio-saas\\node_modules\\@typescript-eslint\\project-service'
1503 silly reify ]
1504 silly reify mark retired [
1504 silly reify   'C:\\Users\\Savad\\Documents\\Codex\\2026-07-08\\vo\\ai-text-audio-saas\\node_modules\\@typescript-eslint\\tsconfig-utils'
1504 silly reify ]
1505 silly reify mark retired [
1505 silly reify   'C:\\Users\\Savad\\Documents\\Codex\\2026-07-08\\vo\\ai-text-audio-saas\\node_modules\\@typescript-eslint\\type-utils'
1505 silly reify ]
1506 silly reify mark retired [
1506 silly reify   'C:\\Users\\Savad\\Documents\\Codex\\2026-07-08\\vo\\ai-text-audio-saas\\node_modules\\@typescript-eslint\\types'
1506 silly reify ]
1507 silly reify mark retired [
1507 silly reify   'C:\\Users\\Savad\\Documents\\Codex\\2026-07-08\\vo\\ai-text-audio-saas\\node_modules\\@typescript-eslint\\typescript-estree'
1507 silly reify ]
1508 silly reify mark retired [
1508 silly reify   'C:\\Users\\Savad\\Documents\\Codex\\2026-07-08\\vo\\ai-text-audio-saas\\node_modules\\@typescript-eslint\\utils'
1508 silly reify ]
1509 silly reify mark retired [
1509 silly reify   'C:\\Users\\Savad\\Documents\\Codex\\2026-07-08\\vo\\ai-text-audio-saas\\node_modules\\@typescript-eslint\\visitor-keys'
1509 silly reify ]
1510 silly reify mark retired [
1510 silly reify   'C:\\Users\\Savad\\Documents\\Codex\\2026-07-08\\vo\\ai-text-audio-saas\\node_modules\\@unrs\\resolver-binding-win32-x64-msvc'
1510 silly reify ]
1511 silly reify mark retired [
1511 silly reify   'C:\\Users\\Savad\\Documents\\Codex\\2026-07-08\\vo\\ai-text-audio-saas\\node_modules\\@typescript\\typescript-win32-x64'
1511 silly reify ]
1512 silly reify mark retired [
1512 silly reify   'C:\\Users\\Savad\\Documents\\Codex\\2026-07-08\\vo\\ai-text-audio-saas\\node_modules\\@tanstack\\react-query'
1512 silly reify ]
1513 silly reify mark retired [
1513 silly reify   'C:\\Users\\Savad\\Documents\\Codex\\2026-07-08\\vo\\ai-text-audio-saas\\node_modules\\@trpc\\react-query'
1513 silly reify ]
1514 silly reify moves {
1514 silly reify   'C:\\Users\\Savad\\Documents\\Codex\\2026-07-08\\vo\\ai-text-audio-saas\\node_modules\\es-abstract': 'C:\\Users\\Savad\\Documents\\Codex\\2026-07-08\\vo\\ai-text-audio-saas\\node_modules\\.es-abstract-4bfZaO1T',
1514 silly reify   'C:\\Users\\Savad\\Documents\\Codex\\2026-07-08\\vo\\ai-text-audio-saas\\node_modules\\@babel\\types': 'C:\\Users\\Savad\\Documents\\Codex\\2026-07-08\\vo\\ai-text-audio-saas\\node_modules\\@babel\\.types-oXtnj0fh',
1514 silly reify   'C:\\Users\\Savad\\Documents\\Codex\\2026-07-08\\vo\\ai-text-audio-saas\\node_modules\\@img\\sharp-win32-x64': 'C:\\Users\\Savad\\Documents\\Codex\\2026-07-08\\vo\\ai-text-audio-saas\\node_modules\\@img\\.sharp-win32-x64-PprgY10g',
1514 silly reify   'C:\\Users\\Savad\\Documents\\Codex\\2026-07-08\\vo\\ai-text-audio-saas\\node_modules\\acorn-jsx': 'C:\\Users\\Savad\\Documents\\Codex\\2026-07-08\\vo\\ai-text-audio-saas\\node_modules\\.acorn-jsx-ZuJglQUw',
1514 silly reify   'C:\\Users\\Savad\\Documents\\Codex\\2026-07-08\\vo\\ai-text-audio-saas\\node_modules\\array.prototype.findlast': 'C:\\Users\\Savad\\Documents\\Codex\\2026-07-08\\vo\\ai-text-audio-saas\\node_modules\\.array.prototype.findlast-lkLZtmWx',
1514 silly reify   'C:\\Users\\Savad\\Documents\\Codex\\2026-07-08\\vo\\ai-text-audio-saas\\node_modules\\array.prototype.tosorted': 'C:\\Users\\Savad\\Documents\\Codex\\2026-07-08\\vo\\ai-text-audio-saas\\node_modules\\.array.prototype.tosorted-WhR3N9dO',
1514 silly reify   'C:\\Users\\Savad\\Documents\\Codex\\2026-07-08\\vo\\ai-text-audio-saas\\node_modules\\array.prototype.findlastindex': 'C:\\Users\\Savad\\Documents\\Codex\\2026-07-08\\vo\\ai-text-audio-saas\\node_modules\\.array.prototype.findlastindex-qJp3Uq3e',
1514 silly reify   'C:\\Users\\Savad\\Documents\\Codex\\2026-07-08\\vo\\ai-text-audio-saas\\node_modules\\ast-types-flow': 'C:\\Users\\Savad\\Documents\\Codex\\2026-07-08\\vo\\ai-text-audio-saas\\node_modules\\.ast-types-flow-6qATv3dc',
1514 silly reify   'C:\\Users\\Savad\\Documents\\Codex\\2026-07-08\\vo\\ai-text-audio-saas\\node_modules\\better-auth\\node_modules\\kysely': 'C:\\Users\\Savad\\Documents\\Codex\\2026-07-08\\vo\\ai-text-audio-saas\\node_modules\\better-auth\\node_modules\\.kysely-3tVlU074',
1514 silly reify   'C:\\Users\\Savad\\Documents\\Codex\\2026-07-08\\vo\\ai-text-audio-saas\\node_modules\\balanced-match': 'C:\\Users\\Savad\\Documents\\Codex\\2026-07-08\\vo\\ai-text-audio-saas\\node_modules\\.balanced-match-lAzxDm5b',
1514 silly reify   'C:\\Users\\Savad\\Documents\\Codex\\2026-07-08\\vo\\ai-text-audio-saas\\node_modules\\axe-core': 'C:\\Users\\Savad\\Documents\\Codex\\2026-07-08\\vo\\ai-text-audio-saas\\node_modules\\.axe-core-btnLubA7',
1514 silly reify   'C:\\Users\\Savad\\Documents\\Codex\\2026-07-08\\vo\\ai-text-audio-saas\\node_modules\\brace-expansion': 'C:\\Users\\Savad\\Documents\\Codex\\2026-07-08\\vo\\ai-text-audio-saas\\node_modules\\.brace-expansion-kbsIJ6Ok',
1514 silly reify   'C:\\Users\\Savad\\Documents\\Codex\\2026-07-08\\vo\\ai-text-audio-saas\\node_modules\\acorn': 'C:\\Users\\Savad\\Documents\\Codex\\2026-07-08\\vo\\ai-text-audio-saas\\node_modules\\.acorn-tMu4fKYp',
1514 silly reify   'C:\\Users\\Savad\\Documents\\Codex\\2026-07-08\\vo\\ai-text-audio-saas\\node_modules\\.bin\\acorn': 'C:\\Users\\Savad\\Documents\\Codex\\2026-07-08\\vo\\ai-text-audio-saas\\node_modules\\.bin\\.acorn-lBmlLRvV',
1514 silly reify   'C:\\Users\\Savad\\Documents\\Codex\\2026-07-08\\vo\\ai-text-audio-saas\\node_modules\\.bin\\acorn.cmd': 'C:\\Users\\Savad\\Documents\\Codex\\2026-07-08\\vo\\ai-text-audio-saas\\node_modules\\.bin\\.acorn.cmd-MWdFxskO',
1514 silly reify   'C:\\Users\\Savad\\Documents\\Codex\\2026-07-08\\vo\\ai-text-audio-saas\\node_modules\\.bin\\acorn.ps1': 'C:\\Users\\Savad\\Documents\\Codex\\2026-07-08\\vo\\ai-text-audio-saas\\node_modules\\.bin\\.acorn.ps1-oy7lYGjD',
1514 silly reify   'C:\\Users\\Savad\\Documents\\Codex\\2026-07-08\\vo\\ai-text-audio-saas\\node_modules\\autoprefixer': 'C:\\Users\\Savad\\Documents\\Codex\\2026-07-08\\vo\\ai-text-audio-saas\\node_modules\\.autoprefixer-4ISqj4Xi',
1514 silly reify   'C:\\Users\\Savad\\Documents\\Codex\\2026-07-08\\vo\\ai-text-audio-saas\\node_modules\\.bin\\autoprefixer': 'C:\\Users\\Savad\\Documents\\Codex\\2026-07-08\\vo\\ai-text-audio-saas\\node_modules\\.bin\\.autoprefixer-ABc8c3Yt',
1514 silly reify   'C:\\Users\\Savad\\Documents\\Codex\\2026-07-08\\vo\\ai-text-audio-saas\\node_modules\\.bin\\autoprefixer.cmd': 'C:\\Users\\Savad\\Documents\\Codex\\2026-07-08\\vo\\ai-text-audio-saas\\node_modules\\.bin\\.autoprefixer.cmd-sM45ccXY',
1514 silly reify   'C:\\Users\\Savad\\Documents\\Codex\\2026-07-08\\vo\\ai-text-audio-saas\\node_modules\\.bin\\autoprefixer.ps1': 'C:\\Users\\Savad\\Documents\\Codex\\2026-07-08\\vo\\ai-text-audio-saas\\node_modules\\.bin\\.autoprefixer.ps1-g5Cj3st1',
1514 silly reify   'C:\\Users\\Savad\\Documents\\Codex\\2026-07-08\\vo\\ai-text-audio-saas\\node_modules\\baseline-browser-mapping': 'C:\\Users\\Savad\\Documents\\Codex\\2026-07-08\\vo\\ai-text-audio-saas\\node_modules\\.baseline-browser-mapping-WrfuJsvx',
1514 silly reify   'C:\\Users\\Savad\\Documents\\Codex\\2026-07-08\\vo\\ai-text-audio-saas\\node_modules\\.bin\\baseline-browser-mapping': 'C:\\Users\\Savad\\Documents\\Codex\\2026-07-08\\vo\\ai-text-audio-saas\\node_modules\\.bin\\.baseline-browser-mapping-rN3F94R1',
1514 silly reify   'C:\\Users\\Savad\\Documents\\Codex\\2026-07-08\\vo\\ai-text-audio-saas\\node_modules\\.bin\\baseline-browser-mapping.cmd': 'C:\\Users\\Savad\\Documents\\Codex\\2026-07-08\\vo\\ai-text-audio-saas\\node_modules\\.bin\\.baseline-browser-mapping.cmd-rZtiWUnh',
1514 silly reify   'C:\\Users\\Savad\\Documents\\Codex\\2026-07-08\\vo\\ai-text-audio-saas\\node_modules\\.bin\\baseline-browser-mapping.ps1': 'C:\\Users\\Savad\\Documents\\Codex\\2026-07-08\\vo\\ai-text-audio-saas\\node_modules\\.bin\\.baseline-browser-mapping.ps1-50Bz71Bj',
1514 silly reify   'C:\\Users\\Savad\\Documents\\Codex\\2026-07-08\\vo\\ai-text-audio-saas\\node_modules\\browserslist': 'C:\\Users\\Savad\\Documents\\Codex\\2026-07-08\\vo\\ai-text-audio-saas\\node_modules\\.browserslist-xMPPFc3U',
1514 silly reify   'C:\\Users\\Savad\\Documents\\Codex\\2026-07-08\\vo\\ai-text-audio-saas\\node_modules\\.bin\\browserslist': 'C:\\Users\\Savad\\Documents\\Codex\\2026-07-08\\vo\\ai-text-audio-saas\\node_modules\\.bin\\.browserslist-vaRvX61S',
1514 silly reify   'C:\\Users\\Savad\\Documents\\Codex\\2026-07-08\\vo\\ai-text-audio-saas\\node_modules\\.bin\\browserslist.cmd': 'C:\\Users\\Savad\\Documents\\Codex\\2026-07-08\\vo\\ai-text-audio-saas\\node_modules\\.bin\\.browserslist.cmd-qhFEOj8L',
1514 silly reify   'C:\\Users\\Savad\\Documents\\Codex\\2026-07-08\\vo\\ai-text-audio-saas\\node_modules\\.bin\\browserslist.ps1': 'C:\\Users\\Savad\\Documents\\Codex\\2026-07-08\\vo\\ai-text-audio-saas\\node_modules\\.bin\\.browserslist.ps1-KEvZL2kG',
1514 silly reify   'C:\\Users\\Savad\\Documents\\Codex\\2026-07-08\\vo\\ai-text-audio-saas\\node_modules\\convert-source-map': 'C:\\Users\\Savad\\Documents\\Codex\\2026-07-08\\vo\\ai-text-audio-saas\\node_modules\\.convert-source-map-Z1V8txvw',
1514 silly reify   'C:\\Users\\Savad\\Documents\\Codex\\2026-07-08\\vo\\ai-text-audio-saas\\node_modules\\clsx': 'C:\\Users\\Savad\\Documents\\Codex\\2026-07-08\\vo\\ai-text-audio-saas\\node_modules\\.clsx-6nGUM8lp',
1514 silly reify   'C:\\Users\\Savad\\Documents\\Codex\\2026-07-08\\vo\\ai-text-audio-saas\\node_modules\\damerau-levenshtein': 'C:\\Users\\Savad\\Documents\\Codex\\2026-07-08\\vo\\ai-text-audio-saas\\node_modules\\.damerau-levenshtein-4StNuTwh',
1514 silly reify   'C:\\Users\\Savad\\Documents\\Codex\\2026-07-08\\vo\\ai-text-audio-saas\\node_modules\\class-variance-authority': 'C:\\Users\\Savad\\Documents\\Codex\\2026-07-08\\vo\\ai-text-audio-saas\\node_modules\\.class-variance-authority-8aPke4QV',
1514 silly reify   'C:\\Users\\Savad\\Documents\\Codex\\2026-07-08\\vo\\ai-text-audio-saas\\node_modules\\cssesc': 'C:\\Users\\Savad\\Documents\\Codex\\2026-07-08\\vo\\ai-text-audio-saas\\node_modules\\.cssesc-R3tXANLj',
1514 silly reify   'C:\\Users\\Savad\\Documents\\Codex\\2026-07-08\\vo\\ai-text-audio-saas\\node_modules\\.bin\\cssesc': 'C:\\Users\\Savad\\Documents\\Codex\\2026-07-08\\vo\\ai-text-audio-saas\\node_modules\\.bin\\.cssesc-onsFZqpM',
1514 silly reify   'C:\\Users\\Savad\\Documents\\Codex\\2026-07-08\\vo\\ai-text-audio-saas\\node_modules\\.bin\\cssesc.cmd': 'C:\\Users\\Savad\\Documents\\Codex\\2026-07-08\\vo\\ai-text-audio-saas\\node_modules\\.bin\\.cssesc.cmd-azROAv8r',
1514 silly reify   'C:\\Users\\Savad\\Documents\\Codex\\2026-07-08\\vo\\ai-text-audio-saas\\node_modules\\.bin\\cssesc.ps1': 'C:\\Users\\Savad\\Documents\\Codex\\2026-07-08\\vo\\ai-text-audio-saas\\node_modules\\.bin\\.cssesc.ps1-XPlO1rxy',
1514 silly reify   'C:\\Users\\Savad\\Documents\\Codex\\2026-07-08\\vo\\ai-text-audio-saas\\node_modules\\emoji-regex': 'C:\\Users\\Savad\\Documents\\Codex\\2026-07-08\\vo\\ai-text-audio-saas\\node_modules\\.emoji-regex-35aiQquI',
1514 silly reify   'C:\\Users\\Savad\\Documents\\Codex\\2026-07-08\\vo\\ai-text-audio-saas\\node_modules\\es-iterator-helpers': 'C:\\Users\\Savad\\Documents\\Codex\\2026-07-08\\vo\\ai-text-audio-saas\\node_modules\\.es-iterator-helpers-atbHtKUG',
1514 silly reify   'C:\\Users\\Savad\\Documents\\Codex\\2026-07-08\\vo\\ai-text-audio-saas\\node_modules\\esbuild': 'C:\\Users\\Savad\\Documents\\Codex\\2026-07-08\\vo\\ai-text-audio-saas\\node_modules\\.esbuild-IYwzu2jj',
1514 silly reify   'C:\\Users\\Savad\\Documents\\Codex\\2026-07-08\\vo\\ai-text-audio-saas\\node_modules\\.bin\\esbuild': 'C:\\Users\\Savad\\Documents\\Codex\\2026-07-08\\vo\\ai-text-audio-saas\\node_modules\\.bin\\.esbuild-mPj3ul4q',
1514 silly reify   'C:\\Users\\Savad\\Documents\\Codex\\2026-07-08\\vo\\ai-text-audio-saas\\node_modules\\.bin\\esbuild.cmd': 'C:\\Users\\Savad\\Documents\\Codex\\2026-07-08\\vo\\ai-text-audio-saas\\node_modules\\.bin\\.esbuild.cmd-08qmfEWY',
1514 silly reify   'C:\\Users\\Savad\\Documents\\Codex\\2026-07-08\\vo\\ai-text-audio-saas\\node_modules\\.bin\\esbuild.ps1': 'C:\\Users\\Savad\\Documents\\Codex\\2026-07-08\\vo\\ai-text-audio-saas\\node_modules\\.bin\\.esbuild.ps1-lWzclzzu',
1514 silly reify   'C:\\Users\\Savad\\Documents\\Codex\\2026-07-08\\vo\\ai-text-audio-saas\\node_modules\\eslint-import-resolver-typescript': 'C:\\Users\\Savad\\Documents\\Codex\\2026-07-08\\vo\\ai-text-audio-saas\\node_modules\\.eslint-import-resolver-typescript-m6uCTLGS',
1514 silly reify   'C:\\Users\\Savad\\Documents\\Codex\\2026-07-08\\vo\\ai-text-audio-saas\\node_modules\\eslint-config-next': 'C:\\Users\\Savad\\Documents\\Codex\\2026-07-08\\vo\\ai-text-audio-saas\\node_modules\\.eslint-config-next-vu99Rbi9',
1514 silly reify   'C:\\Users\\Savad\\Documents\\Codex\\2026-07-08\\vo\\ai-text-audio-saas\\node_modules\\eslint-module-utils': 'C:\\Users\\Savad\\Documents\\Codex\\2026-07-08\\vo\\ai-text-audio-saas\\node_modules\\.eslint-module-utils-Z7AXNauy',
1514 silly reify   'C:\\Users\\Savad\\Documents\\Codex\\2026-07-08\\vo\\ai-text-audio-saas\\node_modules\\eslint-plugin-import': 'C:\\Users\\Savad\\Documents\\Codex\\2026-07-08\\vo\\ai-text-audio-saas\\node_modules\\.eslint-plugin-import-hnRLxNtW',
1514 silly reify   'C:\\Users\\Savad\\Documents\\Codex\\2026-07-08\\vo\\ai-text-audio-saas\\node_modules\\eslint-plugin-jsx-a11y': 'C:\\Users\\Savad\\Documents\\Codex\\2026-07-08\\vo\\ai-text-audio-saas\\node_modules\\.eslint-plugin-jsx-a11y-c7cGCFeO',
1514 silly reify   'C:\\Users\\Savad\\Documents\\Codex\\2026-07-08\\vo\\ai-text-audio-saas\\node_modules\\eslint-plugin-react-hooks\\node_modules\\@babel\\types': 'C:\\Users\\Savad\\Documents\\Codex\\2026-07-08\\vo\\ai-text-audio-saas\\node_modules\\eslint-plugin-react-hooks\\node_modules\\@babel\\.types-Zxi6TPJ6',
1514 silly reify   'C:\\Users\\Savad\\Documents\\Codex\\2026-07-08\\vo\\ai-text-audio-saas\\node_modules\\eslint-plugin-react-hooks\\node_modules\\@babel\\core': 'C:\\Users\\Savad\\Documents\\Codex\\2026-07-08\\vo\\ai-text-audio-saas\\node_modules\\eslint-plugin-react-hooks\\node_modules\\@babel\\.core-wcbv1b76',
1514 silly reify   'C:\\Users\\Savad\\Documents\\Codex\\2026-07-08\\vo\\ai-text-audio-saas\\node_modules\\eslint-plugin-react-hooks\\node_modules\\@babel\\helpers': 'C:\\Users\\Savad\\Documents\\Codex\\2026-07-08\\vo\\ai-text-audio-saas\\node_modules\\eslint-plugin-react-hooks\\node_modules\\@babel\\.helpers-etYqAkty',
1514 silly reify   'C:\\Users\\Savad\\Documents\\Codex\\2026-07-08\\vo\\ai-text-audio-saas\\node_modules\\eslint-visitor-keys': 'C:\\Users\\Savad\\Documents\\Codex\\2026-07-08\\vo\\ai-text-audio-saas\\node_modules\\.eslint-visitor-keys-b2sVdRDW',
1514 silly reify   'C:\\Users\\Savad\\Documents\\Codex\\2026-07-08\\vo\\ai-text-audio-saas\\node_modules\\eslint-scope': 'C:\\Users\\Savad\\Documents\\Codex\\2026-07-08\\vo\\ai-text-audio-saas\\node_modules\\.eslint-scope-RoA5ZMoC',
1514 silly reify   'C:\\Users\\Savad\\Documents\\Codex\\2026-07-08\\vo\\ai-text-audio-saas\\node_modules\\esrecurse': 'C:\\Users\\Savad\\Documents\\Codex\\2026-07-08\\vo\\ai-text-audio-saas\\node_modules\\.esrecurse-spVY2b4h',
1514 silly reify   'C:\\Users\\Savad\\Documents\\Codex\\2026-07-08\\vo\\ai-text-audio-saas\\node_modules\\espree': 'C:\\Users\\Savad\\Documents\\Codex\\2026-07-08\\vo\\ai-text-audio-saas\\node_modules\\.espree-RJWCGVx5',
1514 silly reify   'C:\\Users\\Savad\\Documents\\Codex\\2026-07-08\\vo\\ai-text-audio-saas\\node_modules\\eslint-plugin-react': 'C:\\Users\\Savad\\Documents\\Codex\\2026-07-08\\vo\\ai-text-audio-saas\\node_modules\\.eslint-plugin-react-EcwJib1p',
1514 silly reify   'C:\\Users\\Savad\\Documents\\Codex\\2026-07-08\\vo\\ai-text-audio-saas\\node_modules\\gensync': 'C:\\Users\\Savad\\Documents\\Codex\\2026-07-08\\vo\\ai-text-audio-saas\\node_modules\\.gensync-B1Whon72',
1514 silly reify   'C:\\Users\\Savad\\Documents\\Codex\\2026-07-08\\vo\\ai-text-audio-saas\\node_modules\\get-tsconfig': 'C:\\Users\\Savad\\Documents\\Codex\\2026-07-08\\vo\\ai-text-audio-saas\\node_modules\\.get-tsconfig-Yl9Z4kyp',
1514 silly reify   'C:\\Users\\Savad\\Documents\\Codex\\2026-07-08\\vo\\ai-text-audio-saas\\node_modules\\is-bun-module': 'C:\\Users\\Savad\\Documents\\Codex\\2026-07-08\\vo\\ai-text-audio-saas\\node_modules\\.is-bun-module-SYy8GJJA',
1514 silly reify   'C:\\Users\\Savad\\Documents\\Codex\\2026-07-08\\vo\\ai-text-audio-saas\\node_modules\\giget': 'C:\\Users\\Savad\\Documents\\Codex\\2026-07-08\\vo\\ai-text-audio-saas\\node_modules\\.giget-zaFj2Wsz',
1514 silly reify   'C:\\Users\\Savad\\Documents\\Codex\\2026-07-08\\vo\\ai-text-audio-saas\\node_modules\\.bin\\giget': 'C:\\Users\\Savad\\Documents\\Codex\\2026-07-08\\vo\\ai-text-audio-saas\\node_modules\\.bin\\.giget-ytX9mAOX',
1514 silly reify   'C:\\Users\\Savad\\Documents\\Codex\\2026-07-08\\vo\\ai-text-audio-saas\\node_modules\\.bin\\giget.cmd': 'C:\\Users\\Savad\\Documents\\Codex\\2026-07-08\\vo\\ai-text-audio-saas\\node_modules\\.bin\\.giget.cmd-VfMooCf2',
1514 silly reify   'C:\\Users\\Savad\\Documents\\Codex\\2026-07-08\\vo\\ai-text-audio-saas\\node_modules\\.bin\\giget.ps1': 'C:\\Users\\Savad\\Documents\\Codex\\2026-07-08\\vo\\ai-text-audio-saas\\node_modules\\.bin\\.giget.ps1-D3lpubVL',
1514 silly reify   'C:\\Users\\Savad\\Documents\\Codex\\2026-07-08\\vo\\ai-text-audio-saas\\node_modules\\iterator.prototype': 'C:\\Users\\Savad\\Documents\\Codex\\2026-07-08\\vo\\ai-text-audio-saas\\node_modules\\.iterator.prototype-voHKEnfA',
1514 silly reify   'C:\\Users\\Savad\\Documents\\Codex\\2026-07-08\\vo\\ai-text-audio-saas\\node_modules\\js-tokens': 'C:\\Users\\Savad\\Documents\\Codex\\2026-07-08\\vo\\ai-text-audio-saas\\node_modules\\.js-tokens-kgwxzpZ3',
1514 silly reify   'C:\\Users\\Savad\\Documents\\Codex\\2026-07-08\\vo\\ai-text-audio-saas\\node_modules\\jsesc': 'C:\\Users\\Savad\\Documents\\Codex\\2026-07-08\\vo\\ai-text-audio-saas\\node_modules\\.jsesc-UwkVTFQ9',
1514 silly reify   'C:\\Users\\Savad\\Documents\\Codex\\2026-07-08\\vo\\ai-text-audio-saas\\node_modules\\.bin\\jsesc': 'C:\\Users\\Savad\\Documents\\Codex\\2026-07-08\\vo\\ai-text-audio-saas\\node_modules\\.bin\\.jsesc-gyqJGGYJ',
1514 silly reify   'C:\\Users\\Savad\\Documents\\Codex\\2026-07-08\\vo\\ai-text-audio-saas\\node_modules\\.bin\\jsesc.cmd': 'C:\\Users\\Savad\\Documents\\Codex\\2026-07-08\\vo\\ai-text-audio-saas\\node_modules\\.bin\\.jsesc.cmd-q9IaOtQa',
1514 silly reify   'C:\\Users\\Savad\\Documents\\Codex\\2026-07-08\\vo\\ai-text-audio-saas\\node_modules\\.bin\\jsesc.ps1': 'C:\\Users\\Savad\\Documents\\Codex\\2026-07-08\\vo\\ai-text-audio-saas\\node_modules\\.bin\\.jsesc.ps1-X4p68yAI',
1514 silly reify   'C:\\Users\\Savad\\Documents\\Codex\\2026-07-08\\vo\\ai-text-audio-saas\\node_modules\\jiti': 'C:\\Users\\Savad\\Documents\\Codex\\2026-07-08\\vo\\ai-text-audio-saas\\node_modules\\.jiti-ajmQILA6',
1514 silly reify   'C:\\Users\\Savad\\Documents\\Codex\\2026-07-08\\vo\\ai-text-audio-saas\\node_modules\\.bin\\jiti': 'C:\\Users\\Savad\\Documents\\Codex\\2026-07-08\\vo\\ai-text-audio-saas\\node_modules\\.bin\\.jiti-qZbI4AQM',
1514 silly reify   'C:\\Users\\Savad\\Documents\\Codex\\2026-07-08\\vo\\ai-text-audio-saas\\node_modules\\.bin\\jiti.cmd': 'C:\\Users\\Savad\\Documents\\Codex\\2026-07-08\\vo\\ai-text-audio-saas\\node_modules\\.bin\\.jiti.cmd-ui7fFfV9',
1514 silly reify   'C:\\Users\\Savad\\Documents\\Codex\\2026-07-08\\vo\\ai-text-audio-saas\\node_modules\\.bin\\jiti.ps1': 'C:\\Users\\Savad\\Documents\\Codex\\2026-07-08\\vo\\ai-text-audio-saas\\node_modules\\.bin\\.jiti.ps1-tTWlWF4C',
1514 silly reify   'C:\\Users\\Savad\\Documents\\Codex\\2026-07-08\\vo\\ai-text-audio-saas\\node_modules\\language-subtag-registry': 'C:\\Users\\Savad\\Documents\\Codex\\2026-07-08\\vo\\ai-text-audio-saas\\node_modules\\.language-subtag-registry-DXcpQC5K',
1514 silly reify   'C:\\Users\\Savad\\Documents\\Codex\\2026-07-08\\vo\\ai-text-audio-saas\\node_modules\\language-tags': 'C:\\Users\\Savad\\Documents\\Codex\\2026-07-08\\vo\\ai-text-audio-saas\\node_modules\\.language-tags-ZA54aOkw',
1514 silly reify   'C:\\Users\\Savad\\Documents\\Codex\\2026-07-08\\vo\\ai-text-audio-saas\\node_modules\\lru-cache': 'C:\\Users\\Savad\\Documents\\Codex\\2026-07-08\\vo\\ai-text-audio-saas\\node_modules\\.lru-cache-Hmg78Pd6',
1514 silly reify   'C:\\Users\\Savad\\Documents\\Codex\\2026-07-08\\vo\\ai-text-audio-saas\\node_modules\\json5': 'C:\\Users\\Savad\\Documents\\Codex\\2026-07-08\\vo\\ai-text-audio-saas\\node_modules\\.json5-c0O8QpEO',
1514 silly reify   'C:\\Users\\Savad\\Documents\\Codex\\2026-07-08\\vo\\ai-text-audio-saas\\node_modules\\.bin\\json5': 'C:\\Users\\Savad\\Documents\\Codex\\2026-07-08\\vo\\ai-text-audio-saas\\node_modules\\.bin\\.json5-Va69HxcH',
1514 silly reify   'C:\\Users\\Savad\\Documents\\Codex\\2026-07-08\\vo\\ai-text-audio-saas\\node_modules\\.bin\\json5.cmd': 'C:\\Users\\Savad\\Documents\\Codex\\2026-07-08\\vo\\ai-text-audio-saas\\node_modules\\.bin\\.json5.cmd-GWWdWkDL',
1514 silly reify   'C:\\Users\\Savad\\Documents\\Codex\\2026-07-08\\vo\\ai-text-audio-saas\\node_modules\\.bin\\json5.ps1': 'C:\\Users\\Savad\\Documents\\Codex\\2026-07-08\\vo\\ai-text-audio-saas\\node_modules\\.bin\\.json5.ps1-chWy7TrE',
1514 silly reify   'C:\\Users\\Savad\\Documents\\Codex\\2026-07-08\\vo\\ai-text-audio-saas\\node_modules\\loose-envify': 'C:\\Users\\Savad\\Documents\\Codex\\2026-07-08\\vo\\ai-text-audio-saas\\node_modules\\.loose-envify-h2K5wy8i',
1514 silly reify   'C:\\Users\\Savad\\Documents\\Codex\\2026-07-08\\vo\\ai-text-audio-saas\\node_modules\\.bin\\loose-envify': 'C:\\Users\\Savad\\Documents\\Codex\\2026-07-08\\vo\\ai-text-audio-saas\\node_modules\\.bin\\.loose-envify-eVAJsU6d',
1514 silly reify   'C:\\Users\\Savad\\Documents\\Codex\\2026-07-08\\vo\\ai-text-audio-saas\\node_modules\\.bin\\loose-envify.cmd': 'C:\\Users\\Savad\\Documents\\Codex\\2026-07-08\\vo\\ai-text-audio-saas\\node_modules\\.bin\\.loose-envify.cmd-vHP8GloL',
1514 silly reify   'C:\\Users\\Savad\\Documents\\Codex\\2026-07-08\\vo\\ai-text-audio-saas\\node_modules\\.bin\\loose-envify.ps1': 'C:\\Users\\Savad\\Documents\\Codex\\2026-07-08\\vo\\ai-text-audio-saas\\node_modules\\.bin\\.loose-envify.ps1-OezIAKFM',
1514 silly reify   'C:\\Users\\Savad\\Documents\\Codex\\2026-07-08\\vo\\ai-text-audio-saas\\node_modules\\minimatch': 'C:\\Users\\Savad\\Documents\\Codex\\2026-07-08\\vo\\ai-text-audio-saas\\node_modules\\.minimatch-X3dsV43y',
1514 silly reify   'C:\\Users\\Savad\\Documents\\Codex\\2026-07-08\\vo\\ai-text-audio-saas\\node_modules\\minimist': 'C:\\Users\\Savad\\Documents\\Codex\\2026-07-08\\vo\\ai-text-audio-saas\\node_modules\\.minimist-n34IU8sU',
1514 silly reify   'C:\\Users\\Savad\\Documents\\Codex\\2026-07-08\\vo\\ai-text-audio-saas\\node_modules\\lucide-react': 'C:\\Users\\Savad\\Documents\\Codex\\2026-07-08\\vo\\ai-text-audio-saas\\node_modules\\.lucide-react-Te74ZEgA',
1514 silly reify   'C:\\Users\\Savad\\Documents\\Codex\\2026-07-08\\vo\\ai-text-audio-saas\\node_modules\\nanoid': 'C:\\Users\\Savad\\Documents\\Codex\\2026-07-08\\vo\\ai-text-audio-saas\\node_modules\\.nanoid-JkxHr29x',
1514 silly reify   'C:\\Users\\Savad\\Documents\\Codex\\2026-07-08\\vo\\ai-text-audio-saas\\node_modules\\.bin\\nanoid': 'C:\\Users\\Savad\\Documents\\Codex\\2026-07-08\\vo\\ai-text-audio-saas\\node_modules\\.bin\\.nanoid-rWctJFy0',
1514 silly reify   'C:\\Users\\Savad\\Documents\\Codex\\2026-07-08\\vo\\ai-text-audio-saas\\node_modules\\.bin\\nanoid.cmd': 'C:\\Users\\Savad\\Documents\\Codex\\2026-07-08\\vo\\ai-text-audio-saas\\node_modules\\.bin\\.nanoid.cmd-0ZMz2qhc',
1514 silly reify   'C:\\Users\\Savad\\Documents\\Codex\\2026-07-08\\vo\\ai-text-audio-saas\\node_modules\\.bin\\nanoid.ps1': 'C:\\Users\\Savad\\Documents\\Codex\\2026-07-08\\vo\\ai-text-audio-saas\\node_modules\\.bin\\.nanoid.ps1-2z4out72',
1514 silly reify   'C:\\Users\\Savad\\Documents\\Codex\\2026-07-08\\vo\\ai-text-audio-saas\\node_modules\\napi-postinstall': 'C:\\Users\\Savad\\Documents\\Codex\\2026-07-08\\vo\\ai-text-audio-saas\\node_modules\\.napi-postinstall-D11702D9',
1514 silly reify   'C:\\Users\\Savad\\Documents\\Codex\\2026-07-08\\vo\\ai-text-audio-saas\\node_modules\\.bin\\napi-postinstall': 'C:\\Users\\Savad\\Documents\\Codex\\2026-07-08\\vo\\ai-text-audio-saas\\node_modules\\.bin\\.napi-postinstall-B3Qx0w5t',
1514 silly reify   'C:\\Users\\Savad\\Documents\\Codex\\2026-07-08\\vo\\ai-text-audio-saas\\node_modules\\.bin\\napi-postinstall.cmd': 'C:\\Users\\Savad\\Documents\\Codex\\2026-07-08\\vo\\ai-text-audio-saas\\node_modules\\.bin\\.napi-postinstall.cmd-0WkO7s3g',
1514 silly reify   'C:\\Users\\Savad\\Documents\\Codex\\2026-07-08\\vo\\ai-text-audio-saas\\node_modules\\.bin\\napi-postinstall.ps1': 'C:\\Users\\Savad\\Documents\\Codex\\2026-07-08\\vo\\ai-text-audio-saas\\node_modules\\.bin\\.napi-postinstall.ps1-QLPpaEY7',
1514 silly reify   'C:\\Users\\Savad\\Documents\\Codex\\2026-07-08\\vo\\ai-text-audio-saas\\node_modules\\next-themes': 'C:\\Users\\Savad\\Documents\\Codex\\2026-07-08\\vo\\ai-text-audio-saas\\node_modules\\.next-themes-RK68A82F',
1514 silly reify   'C:\\Users\\Savad\\Documents\\Codex\\2026-07-08\\vo\\ai-text-audio-saas\\node_modules\\object.groupby': 'C:\\Users\\Savad\\Documents\\Codex\\2026-07-08\\vo\\ai-text-audio-saas\\node_modules\\.object.groupby-7QvRkA1r',
1514 silly reify   'C:\\Users\\Savad\\Documents\\Codex\\2026-07-08\\vo\\ai-text-audio-saas\\node_modules\\picomatch': 'C:\\Users\\Savad\\Documents\\Codex\\2026-07-08\\vo\\ai-text-audio-saas\\node_modules\\.picomatch-rTzRdXpT',
1514 silly reify   'C:\\Users\\Savad\\Documents\\Codex\\2026-07-08\\vo\\ai-text-audio-saas\\node_modules\\postcss-import\\node_modules\\resolve': 'C:\\Users\\Savad\\Documents\\Codex\\2026-07-08\\vo\\ai-text-audio-saas\\node_modules\\postcss-import\\node_modules\\.resolve-ozmjs0o2',
1514 silly reify   'C:\\Users\\Savad\\Documents\\Codex\\2026-07-08\\vo\\ai-text-audio-saas\\node_modules\\postcss-import\\node_modules\\.bin\\resolve': 'C:\\Users\\Savad\\Documents\\Codex\\2026-07-08\\vo\\ai-text-audio-saas\\node_modules\\postcss-import\\node_modules\\.bin\\.resolve-t4CowCFr',
1514 silly reify   'C:\\Users\\Savad\\Documents\\Codex\\2026-07-08\\vo\\ai-text-audio-saas\\node_modules\\postcss-import\\node_modules\\.bin\\resolve.cmd': 'C:\\Users\\Savad\\Documents\\Codex\\2026-07-08\\vo\\ai-text-audio-saas\\node_modules\\postcss-import\\node_modules\\.bin\\.resolve.cmd-FDHrgRip',
1514 silly reify   'C:\\Users\\Savad\\Documents\\Codex\\2026-07-08\\vo\\ai-text-audio-saas\\node_modules\\postcss-import\\node_modules\\.bin\\resolve.ps1': 'C:\\Users\\Savad\\Documents\\Codex\\2026-07-08\\vo\\ai-text-audio-saas\\node_modules\\postcss-import\\node_modules\\.bin\\.resolve.ps1-lO7yVfOP',
1514 silly reify   'C:\\Users\\Savad\\Documents\\Codex\\2026-07-08\\vo\\ai-text-audio-saas\\node_modules\\postcss': 'C:\\Users\\Savad\\Documents\\Codex\\2026-07-08\\vo\\ai-text-audio-saas\\node_modules\\.postcss-DKDIQIEU',
1514 silly reify   'C:\\Users\\Savad\\Documents\\Codex\\2026-07-08\\vo\\ai-text-audio-saas\\node_modules\\prop-types': 'C:\\Users\\Savad\\Documents\\Codex\\2026-07-08\\vo\\ai-text-audio-saas\\node_modules\\.prop-types-kES3QSeL',
1514 silly reify   'C:\\Users\\Savad\\Documents\\Codex\\2026-07-08\\vo\\ai-text-audio-saas\\node_modules\\prisma': 'C:\\Users\\Savad\\Documents\\Codex\\2026-07-08\\vo\\ai-text-audio-saas\\node_modules\\.prisma-Jgi9XrEf',
1514 silly reify   'C:\\Users\\Savad\\Documents\\Codex\\2026-07-08\\vo\\ai-text-audio-saas\\node_modules\\.bin\\prisma': 'C:\\Users\\Savad\\Documents\\Codex\\2026-07-08\\vo\\ai-text-audio-saas\\node_modules\\.bin\\.prisma-2Xs2x7ob',
1514 silly reify   'C:\\Users\\Savad\\Documents\\Codex\\2026-07-08\\vo\\ai-text-audio-saas\\node_modules\\.bin\\prisma.cmd': 'C:\\Users\\Savad\\Documents\\Codex\\2026-07-08\\vo\\ai-text-audio-saas\\node_modules\\.bin\\.prisma.cmd-OqVcU5Qx',
1514 silly reify   'C:\\Users\\Savad\\Documents\\Codex\\2026-07-08\\vo\\ai-text-audio-saas\\node_modules\\.bin\\prisma.ps1': 'C:\\Users\\Savad\\Documents\\Codex\\2026-07-08\\vo\\ai-text-audio-saas\\node_modules\\.bin\\.prisma.ps1-Pzv9DHQi',
1514 silly reify   'C:\\Users\\Savad\\Documents\\Codex\\2026-07-08\\vo\\ai-text-audio-saas\\node_modules\\react-is': 'C:\\Users\\Savad\\Documents\\Codex\\2026-07-08\\vo\\ai-text-audio-saas\\node_modules\\.react-is-BIOT7LuR',
1514 silly reify   'C:\\Users\\Savad\\Documents\\Codex\\2026-07-08\\vo\\ai-text-audio-saas\\node_modules\\react': 'C:\\Users\\Savad\\Documents\\Codex\\2026-07-08\\vo\\ai-text-audio-saas\\node_modules\\.react-Hs1mYy0f',
1514 silly reify   'C:\\Users\\Savad\\Documents\\Codex\\2026-07-08\\vo\\ai-text-audio-saas\\node_modules\\react-dom': 'C:\\Users\\Savad\\Documents\\Codex\\2026-07-08\\vo\\ai-text-audio-saas\\node_modules\\.react-dom-SbyhF6N4',
1514 silly reify   'C:\\Users\\Savad\\Documents\\Codex\\2026-07-08\\vo\\ai-text-audio-saas\\node_modules\\resolve-pkg-maps': 'C:\\Users\\Savad\\Documents\\Codex\\2026-07-08\\vo\\ai-text-audio-saas\\node_modules\\.resolve-pkg-maps-WIDvVrBt',
1514 silly reify   'C:\\Users\\Savad\\Documents\\Codex\\2026-07-08\\vo\\ai-text-audio-saas\\node_modules\\resolve': 'C:\\Users\\Savad\\Documents\\Codex\\2026-07-08\\vo\\ai-text-audio-saas\\node_modules\\.resolve-klvbgB5E',
1514 silly reify   'C:\\Users\\Savad\\Documents\\Codex\\2026-07-08\\vo\\ai-text-audio-saas\\node_modules\\.bin\\resolve': 'C:\\Users\\Savad\\Documents\\Codex\\2026-07-08\\vo\\ai-text-audio-saas\\node_modules\\.bin\\.resolve-Z8JmRuX6',
1514 silly reify   'C:\\Users\\Savad\\Documents\\Codex\\2026-07-08\\vo\\ai-text-audio-saas\\node_modules\\.bin\\resolve.cmd': 'C:\\Users\\Savad\\Documents\\Codex\\2026-07-08\\vo\\ai-text-audio-saas\\node_modules\\.bin\\.resolve.cmd-LeF1Anlf',
1514 silly reify   'C:\\Users\\Savad\\Documents\\Codex\\2026-07-08\\vo\\ai-text-audio-saas\\node_modules\\.bin\\resolve.ps1': 'C:\\Users\\Savad\\Documents\\Codex\\2026-07-08\\vo\\ai-text-audio-saas\\node_modules\\.bin\\.resolve.ps1-ogJHoCd9',
1514 silly reify   'C:\\Users\\Savad\\Documents\\Codex\\2026-07-08\\vo\\ai-text-audio-saas\\node_modules\\sharp\\node_modules\\semver': 'C:\\Users\\Savad\\Documents\\Codex\\2026-07-08\\vo\\ai-text-audio-saas\\node_modules\\sharp\\node_modules\\.semver-5SrNW95s',
1514 silly reify   'C:\\Users\\Savad\\Documents\\Codex\\2026-07-08\\vo\\ai-text-audio-saas\\node_modules\\sharp\\node_modules\\.bin\\semver': 'C:\\Users\\Savad\\Documents\\Codex\\2026-07-08\\vo\\ai-text-audio-saas\\node_modules\\sharp\\node_modules\\.bin\\.semver-03Q2POha',
1514 silly reify   'C:\\Users\\Savad\\Documents\\Codex\\2026-07-08\\vo\\ai-text-audio-saas\\node_modules\\sharp\\node_modules\\.bin\\semver.cmd': 'C:\\Users\\Savad\\Documents\\Codex\\2026-07-08\\vo\\ai-text-audio-saas\\node_modules\\sharp\\node_modules\\.bin\\.semver.cmd-qFHrlmvO',
1514 silly reify   'C:\\Users\\Savad\\Documents\\Codex\\2026-07-08\\vo\\ai-text-audio-saas\\node_modules\\sharp\\node_modules\\.bin\\semver.ps1': 'C:\\Users\\Savad\\Documents\\Codex\\2026-07-08\\vo\\ai-text-audio-saas\\node_modules\\sharp\\node_modules\\.bin\\.semver.ps1-RV7mvfOT',
1514 silly reify   'C:\\Users\\Savad\\Documents\\Codex\\2026-07-08\\vo\\ai-text-audio-saas\\node_modules\\semver': 'C:\\Users\\Savad\\Documents\\Codex\\2026-07-08\\vo\\ai-text-audio-saas\\node_modules\\.semver-tdmynjsj',
1514 silly reify   'C:\\Users\\Savad\\Documents\\Codex\\2026-07-08\\vo\\ai-text-audio-saas\\node_modules\\.bin\\semver': 'C:\\Users\\Savad\\Documents\\Codex\\2026-07-08\\vo\\ai-text-audio-saas\\node_modules\\.bin\\.semver-n9niaQeL',
1514 silly reify   'C:\\Users\\Savad\\Documents\\Codex\\2026-07-08\\vo\\ai-text-audio-saas\\node_modules\\.bin\\semver.cmd': 'C:\\Users\\Savad\\Documents\\Codex\\2026-07-08\\vo\\ai-text-audio-saas\\node_modules\\.bin\\.semver.cmd-YKtmrlxX',
1514 silly reify   'C:\\Users\\Savad\\Documents\\Codex\\2026-07-08\\vo\\ai-text-audio-saas\\node_modules\\.bin\\semver.ps1': 'C:\\Users\\Savad\\Documents\\Codex\\2026-07-08\\vo\\ai-text-audio-saas\\node_modules\\.bin\\.semver.ps1-MLheLiVs',
1514 silly reify   'C:\\Users\\Savad\\Documents\\Codex\\2026-07-08\\vo\\ai-text-audio-saas\\node_modules\\stable-hash': 'C:\\Users\\Savad\\Documents\\Codex\\2026-07-08\\vo\\ai-text-audio-saas\\node_modules\\.stable-hash-V17GRS7T',
1514 silly reify   'C:\\Users\\Savad\\Documents\\Codex\\2026-07-08\\vo\\ai-text-audio-saas\\node_modules\\string.prototype.includes': 'C:\\Users\\Savad\\Documents\\Codex\\2026-07-08\\vo\\ai-text-audio-saas\\node_modules\\.string.prototype.includes-9U9dtobA',
1514 silly reify   'C:\\Users\\Savad\\Documents\\Codex\\2026-07-08\\vo\\ai-text-audio-saas\\node_modules\\string.prototype.matchall': 'C:\\Users\\Savad\\Documents\\Codex\\2026-07-08\\vo\\ai-text-audio-saas\\node_modules\\.string.prototype.matchall-hug47pQt',
1514 silly reify   'C:\\Users\\Savad\\Documents\\Codex\\2026-07-08\\vo\\ai-text-audio-saas\\node_modules\\string.prototype.repeat': 'C:\\Users\\Savad\\Documents\\Codex\\2026-07-08\\vo\\ai-text-audio-saas\\node_modules\\.string.prototype.repeat-92oyqLM5',
1514 silly reify   'C:\\Users\\Savad\\Documents\\Codex\\2026-07-08\\vo\\ai-text-audio-saas\\node_modules\\strip-bom': 'C:\\Users\\Savad\\Documents\\Codex\\2026-07-08\\vo\\ai-text-audio-saas\\node_modules\\.strip-bom-x3xfQIMC',
1514 silly reify   'C:\\Users\\Savad\\Documents\\Codex\\2026-07-08\\vo\\ai-text-audio-saas\\node_modules\\sonner': 'C:\\Users\\Savad\\Documents\\Codex\\2026-07-08\\vo\\ai-text-audio-saas\\node_modules\\.sonner-64aJu92B',
1514 silly reify   'C:\\Users\\Savad\\Documents\\Codex\\2026-07-08\\vo\\ai-text-audio-saas\\node_modules\\sucrase': 'C:\\Users\\Savad\\Documents\\Codex\\2026-07-08\\vo\\ai-text-audio-saas\\node_modules\\.sucrase-xwZ8lrhV',
1514 silly reify   'C:\\Users\\Savad\\Documents\\Codex\\2026-07-08\\vo\\ai-text-audio-saas\\node_modules\\.bin\\sucrase': 'C:\\Users\\Savad\\Documents\\Codex\\2026-07-08\\vo\\ai-text-audio-saas\\node_modules\\.bin\\.sucrase-hmjieOvU',
1514 silly reify   'C:\\Users\\Savad\\Documents\\Codex\\2026-07-08\\vo\\ai-text-audio-saas\\node_modules\\.bin\\sucrase.cmd': 'C:\\Users\\Savad\\Documents\\Codex\\2026-07-08\\vo\\ai-text-audio-saas\\node_modules\\.bin\\.sucrase.cmd-jjoCFAQk',
1514 silly reify   'C:\\Users\\Savad\\Documents\\Codex\\2026-07-08\\vo\\ai-text-audio-saas\\node_modules\\.bin\\sucrase.ps1': 'C:\\Users\\Savad\\Documents\\Codex\\2026-07-08\\vo\\ai-text-audio-saas\\node_modules\\.bin\\.sucrase.ps1-kPxuWKsV',
1514 silly reify   'C:\\Users\\Savad\\Documents\\Codex\\2026-07-08\\vo\\ai-text-audio-saas\\node_modules\\.bin\\sucrase-node': 'C:\\Users\\Savad\\Documents\\Codex\\2026-07-08\\vo\\ai-text-audio-saas\\node_modules\\.bin\\.sucrase-node-vA00JtTj',
1514 silly reify   'C:\\Users\\Savad\\Documents\\Codex\\2026-07-08\\vo\\ai-text-audio-saas\\node_modules\\.bin\\sucrase-node.cmd': 'C:\\Users\\Savad\\Documents\\Codex\\2026-07-08\\vo\\ai-text-audio-saas\\node_modules\\.bin\\.sucrase-node.cmd-53gtpdcB',
1514 silly reify   'C:\\Users\\Savad\\Documents\\Codex\\2026-07-08\\vo\\ai-text-audio-saas\\node_modules\\.bin\\sucrase-node.ps1': 'C:\\Users\\Savad\\Documents\\Codex\\2026-07-08\\vo\\ai-text-audio-saas\\node_modules\\.bin\\.sucrase-node.ps1-UDZzKVMb',
1514 silly reify   'C:\\Users\\Savad\\Documents\\Codex\\2026-07-08\\vo\\ai-text-audio-saas\\node_modules\\superjson': 'C:\\Users\\Savad\\Documents\\Codex\\2026-07-08\\vo\\ai-text-audio-saas\\node_modules\\.superjson-moZ1rbTu',
1514 silly reify   'C:\\Users\\Savad\\Documents\\Codex\\2026-07-08\\vo\\ai-text-audio-saas\\node_modules\\tailwind-merge': 'C:\\Users\\Savad\\Documents\\Codex\\2026-07-08\\vo\\ai-text-audio-saas\\node_modules\\.tailwind-merge-SPolheI9',
1514 silly reify   'C:\\Users\\Savad\\Documents\\Codex\\2026-07-08\\vo\\ai-text-audio-saas\\node_modules\\tinyglobby\\node_modules\\picomatch': 'C:\\Users\\Savad\\Documents\\Codex\\2026-07-08\\vo\\ai-text-audio-saas\\node_modules\\tinyglobby\\node_modules\\.picomatch-0WFnmsGT',
1514 silly reify   'C:\\Users\\Savad\\Documents\\Codex\\2026-07-08\\vo\\ai-text-audio-saas\\node_modules\\ts-api-utils': 'C:\\Users\\Savad\\Documents\\Codex\\2026-07-08\\vo\\ai-text-audio-saas\\node_modules\\.ts-api-utils-S3pzoQz6',
1514 silly reify   'C:\\Users\\Savad\\Documents\\Codex\\2026-07-08\\vo\\ai-text-audio-saas\\node_modules\\tsconfig-paths': 'C:\\Users\\Savad\\Documents\\Codex\\2026-07-08\\vo\\ai-text-audio-saas\\node_modules\\.tsconfig-paths-yBl6zqVr',
1514 silly reify   'C:\\Users\\Savad\\Documents\\Codex\\2026-07-08\\vo\\ai-text-audio-saas\\node_modules\\tsx': 'C:\\Users\\Savad\\Documents\\Codex\\2026-07-08\\vo\\ai-text-audio-saas\\node_modules\\.tsx-GmU4ChRw',
1514 silly reify   'C:\\Users\\Savad\\Documents\\Codex\\2026-07-08\\vo\\ai-text-audio-saas\\node_modules\\.bin\\tsx': 'C:\\Users\\Savad\\Documents\\Codex\\2026-07-08\\vo\\ai-text-audio-saas\\node_modules\\.bin\\.tsx-gajEmIlL',
1514 silly reify   'C:\\Users\\Savad\\Documents\\Codex\\2026-07-08\\vo\\ai-text-audio-saas\\node_modules\\.bin\\tsx.cmd': 'C:\\Users\\Savad\\Documents\\Codex\\2026-07-08\\vo\\ai-text-audio-saas\\node_modules\\.bin\\.tsx.cmd-KWmaEogB',
1514 silly reify   'C:\\Users\\Savad\\Documents\\Codex\\2026-07-08\\vo\\ai-text-audio-saas\\node_modules\\.bin\\tsx.ps1': 'C:\\Users\\Savad\\Documents\\Codex\\2026-07-08\\vo\\ai-text-audio-saas\\node_modules\\.bin\\.tsx.ps1-BP8qDC0g',
1514 silly reify   'C:\\Users\\Savad\\Documents\\Codex\\2026-07-08\\vo\\ai-text-audio-saas\\node_modules\\typescript-eslint': 'C:\\Users\\Savad\\Documents\\Codex\\2026-07-08\\vo\\ai-text-audio-saas\\node_modules\\.typescript-eslint-3XfGLhl2',
1514 silly reify   'C:\\Users\\Savad\\Documents\\Codex\\2026-07-08\\vo\\ai-text-audio-saas\\node_modules\\eslint': 'C:\\Users\\Savad\\Documents\\Codex\\2026-07-08\\vo\\ai-text-audio-saas\\node_modules\\.eslint-XrjzgVUZ',
1514 silly reify   'C:\\Users\\Savad\\Documents\\Codex\\2026-07-08\\vo\\ai-text-audio-saas\\node_modules\\.bin\\eslint': 'C:\\Users\\Savad\\Documents\\Codex\\2026-07-08\\vo\\ai-text-audio-saas\\node_modules\\.bin\\.eslint-kGiwp0xa',
1514 silly reify   'C:\\Users\\Savad\\Documents\\Codex\\2026-07-08\\vo\\ai-text-audio-saas\\node_modules\\.bin\\eslint.cmd': 'C:\\Users\\Savad\\Documents\\Codex\\2026-07-08\\vo\\ai-text-audio-saas\\node_modules\\.bin\\.eslint.cmd-tBVHRV6U',
1514 silly reify   'C:\\Users\\Savad\\Documents\\Codex\\2026-07-08\\vo\\ai-text-audio-saas\\node_modules\\.bin\\eslint.ps1': 'C:\\Users\\Savad\\Documents\\Codex\\2026-07-08\\vo\\ai-text-audio-saas\\node_modules\\.bin\\.eslint.ps1-0bnpdFaq',
1514 silly reify   'C:\\Users\\Savad\\Documents\\Codex\\2026-07-08\\vo\\ai-text-audio-saas\\node_modules\\unrs-resolver': 'C:\\Users\\Savad\\Documents\\Codex\\2026-07-08\\vo\\ai-text-audio-saas\\node_modules\\.unrs-resolver-a6fjANHX',
1514 silly reify   'C:\\Users\\Savad\\Documents\\Codex\\2026-07-08\\vo\\ai-text-audio-saas\\node_modules\\update-browserslist-db': 'C:\\Users\\Savad\\Documents\\Codex\\2026-07-08\\vo\\ai-text-audio-saas\\node_modules\\.update-browserslist-db-701NwThq',
1514 silly reify   'C:\\Users\\Savad\\Documents\\Codex\\2026-07-08\\vo\\ai-text-audio-saas\\node_modules\\.bin\\update-browserslist-db': 'C:\\Users\\Savad\\Documents\\Codex\\2026-07-08\\vo\\ai-text-audio-saas\\node_modules\\.bin\\.update-browserslist-db-q5Q3Itos',
1514 silly reify   'C:\\Users\\Savad\\Documents\\Codex\\2026-07-08\\vo\\ai-text-audio-saas\\node_modules\\.bin\\update-browserslist-db.cmd': 'C:\\Users\\Savad\\Documents\\Codex\\2026-07-08\\vo\\ai-text-audio-saas\\node_modules\\.bin\\.update-browserslist-db.cmd-qzHaccG4',
1514 silly reify   'C:\\Users\\Savad\\Documents\\Codex\\2026-07-08\\vo\\ai-text-audio-saas\\node_modules\\.bin\\update-browserslist-db.ps1': 'C:\\Users\\Savad\\Documents\\Codex\\2026-07-08\\vo\\ai-text-audio-saas\\node_modules\\.bin\\.update-browserslist-db.ps1-twNbMHZW',
1514 silly reify   'C:\\Users\\Savad\\Documents\\Codex\\2026-07-08\\vo\\ai-text-audio-saas\\node_modules\\which': 'C:\\Users\\Savad\\Documents\\Codex\\2026-07-08\\vo\\ai-text-audio-saas\\node_modules\\.which-7sO26UnA',
1514 silly reify   'C:\\Users\\Savad\\Documents\\Codex\\2026-07-08\\vo\\ai-text-audio-saas\\node_modules\\.bin\\node-which': 'C:\\Users\\Savad\\Documents\\Codex\\2026-07-08\\vo\\ai-text-audio-saas\\node_modules\\.bin\\.node-which-81hK4XFx',
1514 silly reify   'C:\\Users\\Savad\\Documents\\Codex\\2026-07-08\\vo\\ai-text-audio-saas\\node_modules\\.bin\\node-which.cmd': 'C:\\Users\\Savad\\Documents\\Codex\\2026-07-08\\vo\\ai-text-audio-saas\\node_modules\\.bin\\.node-which.cmd-epHUMWps',
1514 silly reify   'C:\\Users\\Savad\\Documents\\Codex\\2026-07-08\\vo\\ai-text-audio-saas\\node_modules\\.bin\\node-which.ps1': 'C:\\Users\\Savad\\Documents\\Codex\\2026-07-08\\vo\\ai-text-audio-saas\\node_modules\\.bin\\.node-which.ps1-o7ZwRhOf',
1514 silly reify   'C:\\Users\\Savad\\Documents\\Codex\\2026-07-08\\vo\\ai-text-audio-saas\\node_modules\\yallist': 'C:\\Users\\Savad\\Documents\\Codex\\2026-07-08\\vo\\ai-text-audio-saas\\node_modules\\.yallist-FcMPEQrP',
1514 silly reify   'C:\\Users\\Savad\\Documents\\Codex\\2026-07-08\\vo\\ai-text-audio-saas\\node_modules\\zod': 'C:\\Users\\Savad\\Documents\\Codex\\2026-07-08\\vo\\ai-text-audio-saas\\node_modules\\.zod-dA4vj9fG',
1514 silly reify   'C:\\Users\\Savad\\Documents\\Codex\\2026-07-08\\vo\\ai-text-audio-saas\\node_modules\\@babel\\code-frame': 'C:\\Users\\Savad\\Documents\\Codex\\2026-07-08\\vo\\ai-text-audio-saas\\node_modules\\@babel\\.code-frame-HKu3ojdU',
1514 silly reify   'C:\\Users\\Savad\\Documents\\Codex\\2026-07-08\\vo\\ai-text-audio-saas\\node_modules\\@babel\\compat-data': 'C:\\Users\\Savad\\Documents\\Codex\\2026-07-08\\vo\\ai-text-audio-saas\\node_modules\\@babel\\.compat-data-ba7IofgN',
1514 silly reify   'C:\\Users\\Savad\\Documents\\Codex\\2026-07-08\\vo\\ai-text-audio-saas\\node_modules\\@babel\\generator': 'C:\\Users\\Savad\\Documents\\Codex\\2026-07-08\\vo\\ai-text-audio-saas\\node_modules\\@babel\\.generator-B9ils0ek',
1514 silly reify   'C:\\Users\\Savad\\Documents\\Codex\\2026-07-08\\vo\\ai-text-audio-saas\\node_modules\\@babel\\helper-compilation-targets': 'C:\\Users\\Savad\\Documents\\Codex\\2026-07-08\\vo\\ai-text-audio-saas\\node_modules\\@babel\\.helper-compilation-targets-oxyTrWTM',
1514 silly reify   'C:\\Users\\Savad\\Documents\\Codex\\2026-07-08\\vo\\ai-text-audio-saas\\node_modules\\@babel\\helper-module-imports': 'C:\\Users\\Savad\\Documents\\Codex\\2026-07-08\\vo\\ai-text-audio-saas\\node_modules\\@babel\\.helper-module-imports-eU3uajAv',
1514 silly reify   'C:\\Users\\Savad\\Documents\\Codex\\2026-07-08\\vo\\ai-text-audio-saas\\node_modules\\@babel\\helper-globals': 'C:\\Users\\Savad\\Documents\\Codex\\2026-07-08\\vo\\ai-text-audio-saas\\node_modules\\@babel\\.helper-globals-T6hI2rzk',
1514 silly reify   'C:\\Users\\Savad\\Documents\\Codex\\2026-07-08\\vo\\ai-text-audio-saas\\node_modules\\@babel\\helper-module-transforms': 'C:\\Users\\Savad\\Documents\\Codex\\2026-07-08\\vo\\ai-text-audio-saas\\node_modules\\@babel\\.helper-module-transforms-Avq534BW',
1514 silly reify   'C:\\Users\\Savad\\Documents\\Codex\\2026-07-08\\vo\\ai-text-audio-saas\\node_modules\\@babel\\helper-validator-option': 'C:\\Users\\Savad\\Documents\\Codex\\2026-07-08\\vo\\ai-text-audio-saas\\node_modules\\@babel\\.helper-validator-option-UZzhSF51',
1514 silly reify   'C:\\Users\\Savad\\Documents\\Codex\\2026-07-08\\vo\\ai-text-audio-saas\\node_modules\\typescript': 'C:\\Users\\Savad\\Documents\\Codex\\2026-07-08\\vo\\ai-text-audio-saas\\node_modules\\.typescript-eZFKLiNd',
1514 silly reify   'C:\\Users\\Savad\\Documents\\Codex\\2026-07-08\\vo\\ai-text-audio-saas\\node_modules\\.bin\\tsc': 'C:\\Users\\Savad\\Documents\\Codex\\2026-07-08\\vo\\ai-text-audio-saas\\node_modules\\.bin\\.tsc-6CMGaInQ',
1514 silly reify   'C:\\Users\\Savad\\Documents\\Codex\\2026-07-08\\vo\\ai-text-audio-saas\\node_modules\\.bin\\tsc.cmd': 'C:\\Users\\Savad\\Documents\\Codex\\2026-07-08\\vo\\ai-text-audio-saas\\node_modules\\.bin\\.tsc.cmd-Y9jI16qT',
1514 silly reify   'C:\\Users\\Savad\\Documents\\Codex\\2026-07-08\\vo\\ai-text-audio-saas\\node_modules\\.bin\\tsc.ps1': 'C:\\Users\\Savad\\Documents\\Codex\\2026-07-08\\vo\\ai-text-audio-saas\\node_modules\\.bin\\.tsc.ps1-VZzpwOmx',
1514 silly reify   'C:\\Users\\Savad\\Documents\\Codex\\2026-07-08\\vo\\ai-text-audio-saas\\node_modules\\@babel\\template': 'C:\\Users\\Savad\\Documents\\Codex\\2026-07-08\\vo\\ai-text-audio-saas\\node_modules\\@babel\\.template-3lKcMVpA',
1514 silly reify   'C:\\Users\\Savad\\Documents\\Codex\\2026-07-08\\vo\\ai-text-audio-saas\\node_modules\\@babel\\traverse': 'C:\\Users\\Savad\\Documents\\Codex\\2026-07-08\\vo\\ai-text-audio-saas\\node_modules\\@babel\\.traverse-uogbWRMZ',
1514 silly reify   'C:\\Users\\Savad\\Documents\\Codex\\2026-07-08\\vo\\ai-text-audio-saas\\node_modules\\@babel\\parser': 'C:\\Users\\Savad\\Documents\\Codex\\2026-07-08\\vo\\ai-text-audio-saas\\node_modules\\@babel\\.parser-1CscMRnT',
1514 silly reify   'C:\\Users\\Savad\\Documents\\Codex\\2026-07-08\\vo\\ai-text-audio-saas\\node_modules\\.bin\\parser': 'C:\\Users\\Savad\\Documents\\Codex\\2026-07-08\\vo\\ai-text-audio-saas\\node_modules\\.bin\\.parser-iEldYhNS',
1514 silly reify   'C:\\Users\\Savad\\Documents\\Codex\\2026-07-08\\vo\\ai-text-audio-saas\\node_modules\\.bin\\parser.cmd': 'C:\\Users\\Savad\\Documents\\Codex\\2026-07-08\\vo\\ai-text-audio-saas\\node_modules\\.bin\\.parser.cmd-1BSsXTvv',
1514 silly reify   'C:\\Users\\Savad\\Documents\\Codex\\2026-07-08\\vo\\ai-text-audio-saas\\node_modules\\.bin\\parser.ps1': 'C:\\Users\\Savad\\Documents\\Codex\\2026-07-08\\vo\\ai-text-audio-saas\\node_modules\\.bin\\.parser.ps1-EYn2kAFB',
1514 silly reify   'C:\\Users\\Savad\\Documents\\Codex\\2026-07-08\\vo\\ai-text-audio-saas\\node_modules\\@better-auth-ui\\core': 'C:\\Users\\Savad\\Documents\\Codex\\2026-07-08\\vo\\ai-text-audio-saas\\node_modules\\@better-auth-ui\\.core-9XC8YF1g',
1514 silly reify   'C:\\Users\\Savad\\Documents\\Codex\\2026-07-08\\vo\\ai-text-audio-saas\\node_modules\\@better-auth\\prisma-adapter': 'C:\\Users\\Savad\\Documents\\Codex\\2026-07-08\\vo\\ai-text-audio-saas\\node_modules\\@better-auth\\.prisma-adapter-I6zJKhoR',
1514 silly reify   'C:\\Users\\Savad\\Documents\\Codex\\2026-07-08\\vo\\ai-text-audio-saas\\node_modules\\@better-auth-ui\\react': 'C:\\Users\\Savad\\Documents\\Codex\\2026-07-08\\vo\\ai-text-audio-saas\\node_modules\\@better-auth-ui\\.react-aWRWgRlo',
1514 silly reify   'C:\\Users\\Savad\\Documents\\Codex\\2026-07-08\\vo\\ai-text-audio-saas\\node_modules\\@eslint\\config-helpers': 'C:\\Users\\Savad\\Documents\\Codex\\2026-07-08\\vo\\ai-text-audio-saas\\node_modules\\@eslint\\.config-helpers-2875SrR4',
1514 silly reify   'C:\\Users\\Savad\\Documents\\Codex\\2026-07-08\\vo\\ai-text-audio-saas\\node_modules\\@eslint\\config-array': 'C:\\Users\\Savad\\Documents\\Codex\\2026-07-08\\vo\\ai-text-audio-saas\\node_modules\\@eslint\\.config-array-H2mcApMy',
1514 silly reify   'C:\\Users\\Savad\\Documents\\Codex\\2026-07-08\\vo\\ai-text-audio-saas\\node_modules\\@eslint\\core': 'C:\\Users\\Savad\\Documents\\Codex\\2026-07-08\\vo\\ai-text-audio-saas\\node_modules\\@eslint\\.core-p39Nc3lE',
1514 silly reify   'C:\\Users\\Savad\\Documents\\Codex\\2026-07-08\\vo\\ai-text-audio-saas\\node_modules\\@eslint\\object-schema': 'C:\\Users\\Savad\\Documents\\Codex\\2026-07-08\\vo\\ai-text-audio-saas\\node_modules\\@eslint\\.object-schema-b38YGpVf',
1514 silly reify   'C:\\Users\\Savad\\Documents\\Codex\\2026-07-08\\vo\\ai-text-audio-saas\\node_modules\\@eslint\\plugin-kit': 'C:\\Users\\Savad\\Documents\\Codex\\2026-07-08\\vo\\ai-text-audio-saas\\node_modules\\@eslint\\.plugin-kit-SH66U9O2',
1514 silly reify   'C:\\Users\\Savad\\Documents\\Codex\\2026-07-08\\vo\\ai-text-audio-saas\\node_modules\\@electric-sql\\pglite-socket': 'C:\\Users\\Savad\\Documents\\Codex\\2026-07-08\\vo\\ai-text-audio-saas\\node_modules\\@electric-sql\\.pglite-socket-1aoEjm5f',
1514 silly reify   'C:\\Users\\Savad\\Documents\\Codex\\2026-07-08\\vo\\ai-text-audio-saas\\node_modules\\.bin\\pglite-server': 'C:\\Users\\Savad\\Documents\\Codex\\2026-07-08\\vo\\ai-text-audio-saas\\node_modules\\.bin\\.pglite-server-PrxfyrWy',
1514 silly reify   'C:\\Users\\Savad\\Documents\\Codex\\2026-07-08\\vo\\ai-text-audio-saas\\node_modules\\.bin\\pglite-server.cmd': 'C:\\Users\\Savad\\Documents\\Codex\\2026-07-08\\vo\\ai-text-audio-saas\\node_modules\\.bin\\.pglite-server.cmd-63l5r5Nn',
1514 silly reify   'C:\\Users\\Savad\\Documents\\Codex\\2026-07-08\\vo\\ai-text-audio-saas\\node_modules\\.bin\\pglite-server.ps1': 'C:\\Users\\Savad\\Documents\\Codex\\2026-07-08\\vo\\ai-text-audio-saas\\node_modules\\.bin\\.pglite-server.ps1-JdVkdTXl',
1514 silly reify   'C:\\Users\\Savad\\Documents\\Codex\\2026-07-08\\vo\\ai-text-audio-saas\\node_modules\\@jridgewell\\remapping': 'C:\\Users\\Savad\\Documents\\Codex\\2026-07-08\\vo\\ai-text-audio-saas\\node_modules\\@jridgewell\\.remapping-0IJWT0va',
1514 silly reify   'C:\\Users\\Savad\\Documents\\Codex\\2026-07-08\\vo\\ai-text-audio-saas\\node_modules\\@nolyfill\\is-core-module': 'C:\\Users\\Savad\\Documents\\Codex\\2026-07-08\\vo\\ai-text-audio-saas\\node_modules\\@nolyfill\\.is-core-module-YHQKPQ9r',
1514 silly reify   'C:\\Users\\Savad\\Documents\\Codex\\2026-07-08\\vo\\ai-text-audio-saas\\node_modules\\@prisma\\dev\\node_modules\\@electric-sql\\pglite': 'C:\\Users\\Savad\\Documents\\Codex\\2026-07-08\\vo\\ai-text-audio-saas\\node_modules\\@prisma\\dev\\node_modules\\@electric-sql\\.pglite-G5qVkssl',
1514 silly reify   'C:\\Users\\Savad\\Documents\\Codex\\2026-07-08\\vo\\ai-text-audio-saas\\node_modules\\@prisma\\dev\\node_modules\\hono': 'C:\\Users\\Savad\\Documents\\Codex\\2026-07-08\\vo\\ai-text-audio-saas\\node_modules\\@prisma\\dev\\node_modules\\.hono-qbMxSv2i',
1514 silly reify   'C:\\Users\\Savad\\Documents\\Codex\\2026-07-08\\vo\\ai-text-audio-saas\\node_modules\\tailwindcss': 'C:\\Users\\Savad\\Documents\\Codex\\2026-07-08\\vo\\ai-text-audio-saas\\node_modules\\.tailwindcss-rBb1OwQh',
1514 silly reify   'C:\\Users\\Savad\\Documents\\Codex\\2026-07-08\\vo\\ai-text-audio-saas\\node_modules\\.bin\\tailwind': 'C:\\Users\\Savad\\Documents\\Codex\\2026-07-08\\vo\\ai-text-audio-saas\\node_modules\\.bin\\.tailwind-d9rId0Bd',
1514 silly reify   'C:\\Users\\Savad\\Documents\\Codex\\2026-07-08\\vo\\ai-text-audio-saas\\node_modules\\.bin\\tailwind.cmd': 'C:\\Users\\Savad\\Documents\\Codex\\2026-07-08\\vo\\ai-text-audio-saas\\node_modules\\.bin\\.tailwind.cmd-3kK959dV',
1514 silly reify   'C:\\Users\\Savad\\Documents\\Codex\\2026-07-08\\vo\\ai-text-audio-saas\\node_modules\\.bin\\tailwind.ps1': 'C:\\Users\\Savad\\Documents\\Codex\\2026-07-08\\vo\\ai-text-audio-saas\\node_modules\\.bin\\.tailwind.ps1-mzjYcWs6',
1514 silly reify   'C:\\Users\\Savad\\Documents\\Codex\\2026-07-08\\vo\\ai-text-audio-saas\\node_modules\\.bin\\tailwindcss': 'C:\\Users\\Savad\\Documents\\Codex\\2026-07-08\\vo\\ai-text-audio-saas\\node_modules\\.bin\\.tailwindcss-MO6KUV70',
1514 silly reify   'C:\\Users\\Savad\\Documents\\Codex\\2026-07-08\\vo\\ai-text-audio-saas\\node_modules\\.bin\\tailwindcss.cmd': 'C:\\Users\\Savad\\Documents\\Codex\\2026-07-08\\vo\\ai-text-audio-saas\\node_modules\\.bin\\.tailwindcss.cmd-qfPlhMbc',
1514 silly reify   'C:\\Users\\Savad\\Documents\\Codex\\2026-07-08\\vo\\ai-text-audio-saas\\node_modules\\.bin\\tailwindcss.ps1': 'C:\\Users\\Savad\\Documents\\Codex\\2026-07-08\\vo\\ai-text-audio-saas\\node_modules\\.bin\\.tailwindcss.ps1-j4pEGk70',
1514 silly reify   'C:\\Users\\Savad\\Documents\\Codex\\2026-07-08\\vo\\ai-text-audio-saas\\node_modules\\@rtsao\\scc': 'C:\\Users\\Savad\\Documents\\Codex\\2026-07-08\\vo\\ai-text-audio-saas\\node_modules\\@rtsao\\.scc-2U2qAskD',
1514 silly reify   'C:\\Users\\Savad\\Documents\\Codex\\2026-07-08\\vo\\ai-text-audio-saas\\node_modules\\next': 'C:\\Users\\Savad\\Documents\\Codex\\2026-07-08\\vo\\ai-text-audio-saas\\node_modules\\.next-qIUlaQ5C',
1514 silly reify   'C:\\Users\\Savad\\Documents\\Codex\\2026-07-08\\vo\\ai-text-audio-saas\\node_modules\\.bin\\next': 'C:\\Users\\Savad\\Documents\\Codex\\2026-07-08\\vo\\ai-text-audio-saas\\node_modules\\.bin\\.next-9hqjqJWG',
1514 silly reify   'C:\\Users\\Savad\\Documents\\Codex\\2026-07-08\\vo\\ai-text-audio-saas\\node_modules\\.bin\\next.cmd': 'C:\\Users\\Savad\\Documents\\Codex\\2026-07-08\\vo\\ai-text-audio-saas\\node_modules\\.bin\\.next.cmd-qq0l1Zfh',
1514 silly reify   'C:\\Users\\Savad\\Documents\\Codex\\2026-07-08\\vo\\ai-text-audio-saas\\node_modules\\.bin\\next.ps1': 'C:\\Users\\Savad\\Documents\\Codex\\2026-07-08\\vo\\ai-text-audio-saas\\node_modules\\.bin\\.next.ps1-mDL5UrZ8',
1514 silly reify   'C:\\Users\\Savad\\Documents\\Codex\\2026-07-08\\vo\\ai-text-audio-saas\\node_modules\\@prisma\\client': 'C:\\Users\\Savad\\Documents\\Codex\\2026-07-08\\vo\\ai-text-audio-saas\\node_modules\\@prisma\\.client-PPTHAcLl',
1514 silly reify   'C:\\Users\\Savad\\Documents\\Codex\\2026-07-08\\vo\\ai-text-audio-saas\\node_modules\\@trpc\\client': 'C:\\Users\\Savad\\Documents\\Codex\\2026-07-08\\vo\\ai-text-audio-saas\\node_modules\\@trpc\\.client-jhungpPC',
1514 silly reify   'C:\\Users\\Savad\\Documents\\Codex\\2026-07-08\\vo\\ai-text-audio-saas\\node_modules\\.bin\\intent': 'C:\\Users\\Savad\\Documents\\Codex\\2026-07-08\\vo\\ai-text-audio-saas\\node_modules\\.bin\\.intent-X9eC8f3Y',
1514 silly reify   'C:\\Users\\Savad\\Documents\\Codex\\2026-07-08\\vo\\ai-text-audio-saas\\node_modules\\.bin\\intent.cmd': 'C:\\Users\\Savad\\Documents\\Codex\\2026-07-08\\vo\\ai-text-audio-saas\\node_modules\\.bin\\.intent.cmd-XQTpBwRG',
1514 silly reify   'C:\\Users\\Savad\\Documents\\Codex\\2026-07-08\\vo\\ai-text-audio-saas\\node_modules\\.bin\\intent.ps1': 'C:\\Users\\Savad\\Documents\\Codex\\2026-07-08\\vo\\ai-text-audio-saas\\node_modules\\.bin\\.intent.ps1-fkP53BXk',
1514 silly reify   'C:\\Users\\Savad\\Documents\\Codex\\2026-07-08\\vo\\ai-text-audio-saas\\node_modules\\@trpc\\server': 'C:\\Users\\Savad\\Documents\\Codex\\2026-07-08\\vo\\ai-text-audio-saas\\node_modules\\@trpc\\.server-b4HvD62R',
1514 silly reify   'C:\\Users\\Savad\\Documents\\Codex\\2026-07-08\\vo\\ai-text-audio-saas\\node_modules\\@types\\esrecurse': 'C:\\Users\\Savad\\Documents\\Codex\\2026-07-08\\vo\\ai-text-audio-saas\\node_modules\\@types\\.esrecurse-gALlPrGE',
1514 silly reify   'C:\\Users\\Savad\\Documents\\Codex\\2026-07-08\\vo\\ai-text-audio-saas\\node_modules\\@types\\estree': 'C:\\Users\\Savad\\Documents\\Codex\\2026-07-08\\vo\\ai-text-audio-saas\\node_modules\\@types\\.estree-wVCcDCdv',
1514 silly reify   'C:\\Users\\Savad\\Documents\\Codex\\2026-07-08\\vo\\ai-text-audio-saas\\node_modules\\@types\\node': 'C:\\Users\\Savad\\Documents\\Codex\\2026-07-08\\vo\\ai-text-audio-saas\\node_modules\\@types\\.node-GdlpE45s',
1514 silly reify   'C:\\Users\\Savad\\Documents\\Codex\\2026-07-08\\vo\\ai-text-audio-saas\\node_modules\\@types\\json-schema': 'C:\\Users\\Savad\\Documents\\Codex\\2026-07-08\\vo\\ai-text-audio-saas\\node_modules\\@types\\.json-schema-YAHTbTc8',
1514 silly reify   'C:\\Users\\Savad\\Documents\\Codex\\2026-07-08\\vo\\ai-text-audio-saas\\node_modules\\@types\\json5': 'C:\\Users\\Savad\\Documents\\Codex\\2026-07-08\\vo\\ai-text-audio-saas\\node_modules\\@types\\.json5-FLtf3XLB',
1514 silly reify   'C:\\Users\\Savad\\Documents\\Codex\\2026-07-08\\vo\\ai-text-audio-saas\\node_modules\\@types\\react': 'C:\\Users\\Savad\\Documents\\Codex\\2026-07-08\\vo\\ai-text-audio-saas\\node_modules\\@types\\.react-ahTUnxxM',
1514 silly reify   'C:\\Users\\Savad\\Documents\\Codex\\2026-07-08\\vo\\ai-text-audio-saas\\node_modules\\@types\\react-dom': 'C:\\Users\\Savad\\Documents\\Codex\\2026-07-08\\vo\\ai-text-audio-saas\\node_modules\\@types\\.react-dom-ANaKrCMU',
1514 silly reify   'C:\\Users\\Savad\\Documents\\Codex\\2026-07-08\\vo\\ai-text-audio-saas\\node_modules\\@typescript-eslint\\parser': 'C:\\Users\\Savad\\Documents\\Codex\\2026-07-08\\vo\\ai-text-audio-saas\\node_modules\\@typescript-eslint\\.parser-3eqtpmy3',
1514 silly reify   'C:\\Users\\Savad\\Documents\\Codex\\2026-07-08\\vo\\ai-text-audio-saas\\node_modules\\@typescript-eslint\\project-service': 'C:\\Users\\Savad\\Documents\\Codex\\2026-07-08\\vo\\ai-text-audio-saas\\node_modules\\@typescript-eslint\\.project-service-hO1GfVuQ',
1514 silly reify   'C:\\Users\\Savad\\Documents\\Codex\\2026-07-08\\vo\\ai-text-audio-saas\\node_modules\\@typescript-eslint\\tsconfig-utils': 'C:\\Users\\Savad\\Documents\\Codex\\2026-07-08\\vo\\ai-text-audio-saas\\node_modules\\@typescript-eslint\\.tsconfig-utils-cXRHULNg',
1514 silly reify   'C:\\Users\\Savad\\Documents\\Codex\\2026-07-08\\vo\\ai-text-audio-saas\\node_modules\\@typescript-eslint\\type-utils': 'C:\\Users\\Savad\\Documents\\Codex\\2026-07-08\\vo\\ai-text-audio-saas\\node_modules\\@typescript-eslint\\.type-utils-jVj56kGP',
1514 silly reify   'C:\\Users\\Savad\\Documents\\Codex\\2026-07-08\\vo\\ai-text-audio-saas\\node_modules\\@typescript-eslint\\types': 'C:\\Users\\Savad\\Documents\\Codex\\2026-07-08\\vo\\ai-text-audio-saas\\node_modules\\@typescript-eslint\\.types-vUJaqpLS',
1514 silly reify   'C:\\Users\\Savad\\Documents\\Codex\\2026-07-08\\vo\\ai-text-audio-saas\\node_modules\\@typescript-eslint\\typescript-estree': 'C:\\Users\\Savad\\Documents\\Codex\\2026-07-08\\vo\\ai-text-audio-saas\\node_modules\\@typescript-eslint\\.typescript-estree-x0Zt6XNO',
1514 silly reify   'C:\\Users\\Savad\\Documents\\Codex\\2026-07-08\\vo\\ai-text-audio-saas\\node_modules\\@typescript-eslint\\utils': 'C:\\Users\\Savad\\Documents\\Codex\\2026-07-08\\vo\\ai-text-audio-saas\\node_modules\\@typescript-eslint\\.utils-Y2HeUEWM',
1514 silly reify   'C:\\Users\\Savad\\Documents\\Codex\\2026-07-08\\vo\\ai-text-audio-saas\\node_modules\\@typescript-eslint\\visitor-keys': 'C:\\Users\\Savad\\Documents\\Codex\\2026-07-08\\vo\\ai-text-audio-saas\\node_modules\\@typescript-eslint\\.visitor-keys-NDN5vNae',
1514 silly reify   'C:\\Users\\Savad\\Documents\\Codex\\2026-07-08\\vo\\ai-text-audio-saas\\node_modules\\@unrs\\resolver-binding-win32-x64-msvc': 'C:\\Users\\Savad\\Documents\\Codex\\2026-07-08\\vo\\ai-text-audio-saas\\node_modules\\@unrs\\.resolver-binding-win32-x64-msvc-QYyD2TWa',
1514 silly reify   'C:\\Users\\Savad\\Documents\\Codex\\2026-07-08\\vo\\ai-text-audio-saas\\node_modules\\@typescript\\typescript-win32-x64': 'C:\\Users\\Savad\\Documents\\Codex\\2026-07-08\\vo\\ai-text-audio-saas\\node_modules\\@typescript\\.typescript-win32-x64-NQ1iM8bO',
1514 silly reify   'C:\\Users\\Savad\\Documents\\Codex\\2026-07-08\\vo\\ai-text-audio-saas\\node_modules\\@tanstack\\react-query': 'C:\\Users\\Savad\\Documents\\Codex\\2026-07-08\\vo\\ai-text-audio-saas\\node_modules\\@tanstack\\.react-query-zkD338ZU',
1514 silly reify   'C:\\Users\\Savad\\Documents\\Codex\\2026-07-08\\vo\\ai-text-audio-saas\\node_modules\\@trpc\\react-query': 'C:\\Users\\Savad\\Documents\\Codex\\2026-07-08\\vo\\ai-text-audio-saas\\node_modules\\@trpc\\.react-query-HxXqMfEl'
1514 silly reify }
1515 silly audit bulk request {
1515 silly audit   'any-promise': [ '1.3.0' ],
1515 silly audit   ajv: [ '6.15.0', '8.20.0' ],
1515 silly audit   arg: [ '5.0.2' ],
1515 silly audit   anymatch: [ '3.1.3' ],
1515 silly audit   'array-buffer-byte-length': [ '1.0.2' ],
1515 silly audit   'array-includes': [ '3.1.9' ],
1515 silly audit   'es-abstract': [ '1.24.2' ],
1515 silly audit   'array.prototype.flat': [ '1.3.3' ],
1515 silly audit   'array.prototype.flatmap': [ '1.3.3' ],
1515 silly audit   'arraybuffer.prototype.slice': [ '1.0.4' ],
1515 silly audit   'async-function': [ '1.0.0' ],
1515 silly audit   'aws-ssl-profiles': [ '1.1.2' ],
1515 silly audit   'baseline-browser-mapping': [ '2.10.42' ],
1515 silly audit   'available-typed-arrays': [ '1.0.7' ],
1515 silly audit   'better-auth': [ '1.6.23' ],
1515 silly audit   kysely: [ '0.29.3' ],
1515 silly audit   'better-result': [ '2.9.2' ],
1515 silly audit   'binary-extensions': [ '2.3.0' ],
1515 silly audit   'better-call': [ '1.3.7' ],
1515 silly audit   braces: [ '3.0.3' ],
1515 silly audit   c12: [ '3.3.4' ],
1515 silly audit   browserslist: [ '4.28.5' ],
1515 silly audit   'call-bind': [ '1.0.9' ],
1515 silly audit   'call-bind-apply-helpers': [ '1.0.2' ],
1515 silly audit   'call-bound': [ '1.0.4' ],
1515 silly audit   'camelcase-css': [ '2.0.1' ],
1515 silly audit   'caniuse-lite': [ '1.0.30001803' ],
1515 silly audit   'chart.js': [ '4.5.1' ],
1515 silly audit   chokidar: [ '5.0.0', '3.6.0' ],
1515 silly audit   'client-only': [ '0.0.1' ],
1515 silly audit   commander: [ '4.1.1' ],
1515 silly audit   'concat-map': [ '0.0.1' ],
1515 silly audit   confbox: [ '0.2.4' ],
1515 silly audit   'copy-anything': [ '4.0.5' ],
1515 silly audit   'cross-spawn': [ '7.0.6' ],
1515 silly audit   cssesc: [ '3.0.0' ],
1515 silly audit   csstype: [ '3.2.3' ],
1515 silly audit   'data-view-buffer': [ '1.0.2' ],
1515 silly audit   'data-view-byte-length': [ '1.0.2' ],
1515 silly audit   'data-view-byte-offset': [ '1.0.1' ],
1515 silly audit   debug: [ '4.4.3', '3.2.7' ],
1515 silly audit   'deep-is': [ '0.1.4' ],
1515 silly audit   'deepmerge-ts': [ '7.1.5' ],
1515 silly audit   'define-data-property': [ '1.1.4' ],
1515 silly audit   'define-properties': [ '1.2.1' ],
1515 silly audit   defu: [ '6.1.7' ],
1515 silly audit   destr: [ '2.0.5' ],
1515 silly audit   denque: [ '2.1.0' ],
1515 silly audit   'detect-libc': [ '2.1.2' ],
1515 silly audit   didyoumean: [ '1.2.2' ],
1515 silly audit   dlv: [ '1.1.3' ],
1515 silly audit   dotenv: [ '17.4.2' ],
1515 silly audit   doctrine: [ '2.1.0' ],
1515 silly audit   'dunder-proto': [ '1.0.1' ],
1515 silly audit   'electron-to-chromium': [ '1.5.389' ],
1515 silly audit   'env-paths': [ '3.0.0' ],
1515 silly audit   empathic: [ '2.0.0' ],
1515 silly audit   'es-abstract-get': [ '1.0.0' ],
1515 silly audit   'es-define-property': [ '1.0.1' ],
1515 silly audit   'es-errors': [ '1.3.0' ],
1515 silly audit   'es-object-atoms': [ '1.1.2' ],
1515 silly audit   'es-set-tostringtag': [ '2.1.0' ],
1515 silly audit   'es-shim-unscopables': [ '1.1.0' ],
1515 silly audit   'es-to-primitive': [ '1.3.4' ],
1515 silly audit   esbuild: [ '0.28.1' ],
1515 silly audit   'escape-string-regexp': [ '4.0.0' ],
1515 silly audit   escalade: [ '3.2.0' ],
1515 silly audit   'eslint-import-resolver-node': [ '0.3.10' ],
1515 silly audit   'eslint-plugin-react-hooks': [ '7.1.1' ],
1515 silly audit   '@babel/types': [ '7.29.7' ],
1515 silly audit   'eslint-visitor-keys': [ '3.4.3', '4.2.1', '5.0.1' ],
1515 silly audit   esquery: [ '1.7.0' ],
1515 silly audit   estraverse: [ '5.3.0' ],
1515 silly audit   esutils: [ '2.0.3' ],
1515 silly audit   exsolve: [ '1.1.0' ],
1515 silly audit   'fast-glob': [ '3.3.1', '3.3.3' ],
1515 silly audit   'glob-parent': [ '5.1.2', '6.0.2' ],
1515 silly audit   'fast-deep-equal': [ '3.1.3' ],
1515 silly audit   'fast-json-stable-stringify': [ '2.1.0' ],
1515 silly audit   'fast-levenshtein': [ '2.0.6' ],
1515 silly audit   'fast-uri': [ '3.1.3' ],
1515 silly audit   fastq: [ '1.20.1' ],
1515 silly audit   fdir: [ '6.5.0' ],
1515 silly audit   'file-entry-cache': [ '8.0.0' ],
1515 silly audit   'fill-range': [ '7.1.1' ],
1515 silly audit   'flat-cache': [ '4.0.1' ],
1515 silly audit   'find-up': [ '5.0.0' ],
1515 silly audit   flatted: [ '3.4.2' ],
1515 silly audit   'for-each': [ '0.3.5' ],
1515 silly audit   'foreground-child': [ '3.3.1' ],
1515 silly audit   'fraction.js': [ '5.3.4' ],
1515 silly audit   'function-bind': [ '1.1.2' ],
1515 silly audit   'function.prototype.name': [ '1.2.0' ],
1515 silly audit   'functions-have-names': [ '1.2.3' ],
1515 silly audit   'generate-function': [ '2.3.1' ],
1515 silly audit   'generator-function': [ '2.0.1' ],
1515 silly audit   'get-port-please': [ '3.2.0' ],
1515 silly audit   'get-proto': [ '1.0.1' ],
1515 silly audit   'get-intrinsic': [ '1.3.0' ],
1515 silly audit   'get-symbol-description': [ '1.1.0' ],
1515 silly audit   giget: [ '3.3.0' ],
1515 silly audit   globals: [ '16.4.0', '14.0.0' ],
1515 silly audit   gopd: [ '1.2.0' ],
1515 silly audit   globalthis: [ '1.0.4' ],
1515 silly audit   'graceful-fs': [ '4.2.11' ],
1515 silly audit   grammex: [ '3.1.12' ],
1515 silly audit   graphmatch: [ '1.1.1' ],
1515 silly audit   'has-bigints': [ '1.1.0' ],
1515 silly audit   'has-property-descriptors': [ '1.0.2' ],
1515 silly audit   'has-proto': [ '1.2.0' ],
1515 silly audit   'has-symbols': [ '1.1.0' ],
1515 silly audit   'has-tostringtag': [ '1.0.2' ],
1515 silly audit   'hermes-estree': [ '0.25.1' ],
1515 silly audit   hasown: [ '2.0.4' ],
1515 silly audit   'hermes-parser': [ '0.25.1' ],
1515 silly audit   'http-status-codes': [ '2.3.0' ],
1515 silly audit   'iconv-lite': [ '0.7.3' ],
1515 silly audit   ignore: [ '5.3.2', '7.0.5' ],
1515 silly audit   'internal-slot': [ '1.1.0' ],
1515 silly audit   imurmurhash: [ '0.1.4' ],
1515 silly audit   'is-async-function': [ '2.1.1' ],
1515 silly audit   'is-array-buffer': [ '3.0.5' ],
1515 silly audit   'is-bigint': [ '1.1.0' ],
1515 silly audit   'is-binary-path': [ '2.1.0' ],
1515 silly audit   'is-boolean-object': [ '1.2.2' ],
1515 silly audit   semver: [ '6.3.1', '7.8.5' ],
1515 silly audit   'is-callable': [ '1.2.7' ],
1515 silly audit   'is-core-module': [ '2.16.2' ],
1515 silly audit   'is-data-view': [ '1.0.2' ],
1515 silly audit   'is-date-object': [ '1.1.0' ],
1515 silly audit   'is-document.all': [ '1.0.0' ],
1515 silly audit   'is-extglob': [ '2.1.1' ],
1515 silly audit   'is-finalizationregistry': [ '1.1.1' ],
1515 silly audit   'is-generator-function': [ '1.1.2' ],
1515 silly audit   'is-glob': [ '4.0.3' ],
1515 silly audit   'is-negative-zero': [ '2.0.3' ],
1515 silly audit   'is-map': [ '2.0.3' ],
1515 silly audit   'is-number': [ '7.0.0' ],
1515 silly audit   'is-number-object': [ '1.1.1' ],
1515 silly audit   'is-property': [ '1.0.2' ],
1515 silly audit   'is-set': [ '2.0.3' ],
1515 silly audit   'is-regex': [ '1.2.1' ],
1515 silly audit   'is-shared-array-buffer': [ '1.0.4' ],
1515 silly audit   'is-string': [ '1.1.1' ],
1515 silly audit   'is-typed-array': [ '1.1.15' ],
1515 silly audit   'is-symbol': [ '1.1.1' ],
1515 silly audit   'is-weakmap': [ '2.0.2' ],
1515 silly audit   'is-weakref': [ '1.1.1' ],
1515 silly audit   isarray: [ '2.0.5' ],
1515 silly audit   'is-what': [ '5.5.0' ],
1515 silly audit   'is-weakset': [ '2.0.4' ],
1515 silly audit   jiti: [ '2.7.0', '1.21.7' ],
1515 silly audit   isexe: [ '2.0.0' ],
1515 silly audit   jose: [ '6.2.3' ],
1515 silly audit   'json-buffer': [ '3.0.1' ],
1515 silly audit   'json-schema-traverse': [ '0.4.1', '1.0.0' ],
1515 silly audit   'json-stable-stringify-without-jsonify': [ '1.0.1' ],
1515 silly audit   'jsx-ast-utils': [ '3.3.5' ],
1515 silly audit   keyv: [ '4.5.4' ],
1515 silly audit   levn: [ '0.4.1' ],
1515 silly audit   lilconfig: [ '3.1.3' ],
1515 silly audit   'lines-and-columns': [ '1.2.4' ],
1515 silly audit   'locate-path': [ '6.0.0' ],
1515 silly audit   long: [ '5.3.2' ],
1515 silly audit   'lru.min': [ '1.1.4' ],
1515 silly audit   'math-intrinsics': [ '1.1.0' ],
1515 silly audit   merge2: [ '1.4.1' ],
1515 silly audit   micromatch: [ '4.0.8' ],
1515 silly audit   ms: [ '2.1.3' ],
1515 silly audit   mysql2: [ '3.15.3' ],
1515 silly audit   mz: [ '2.7.0' ],
1515 silly audit   nanoid: [ '3.3.15' ],
1515 silly audit   'named-placeholders': [ '1.1.6' ],
1515 silly audit   nanostores: [ '1.4.0' ],
1515 silly audit   'natural-compare': [ '1.4.0' ],
1515 silly audit   'node-releases': [ '2.0.50' ],
1515 silly audit   'node-exports-info': [ '1.6.2' ],
1515 silly audit   'normalize-path': [ '3.0.0' ],
1515 silly audit   'object-hash': [ '3.0.0' ],
1515 silly audit   'object-assign': [ '4.1.1' ],
1515 silly audit   'object-inspect': [ '1.13.4' ],
1515 silly audit   'object-keys': [ '1.1.1' ],
1515 silly audit   'object.assign': [ '4.1.7' ],
1515 silly audit   'object.entries': [ '1.1.9' ],
1515 silly audit   'object.fromentries': [ '2.0.8' ],
1515 silly audit   'object.values': [ '1.2.1' ],
1515 silly audit   ohash: [ '2.0.11' ],
1515 silly audit   optionator: [ '0.9.4' ],
1515 silly audit   'own-keys': [ '1.0.1' ],
1515 silly audit   'p-locate': [ '5.0.0' ],
1515 silly audit   'p-limit': [ '3.1.0' ],
1515 silly audit   'path-exists': [ '4.0.0' ],
1515 silly audit   'path-key': [ '3.1.1' ],
1515 silly audit   'path-parse': [ '1.0.7' ],
1515 silly audit   pathe: [ '2.0.3' ],
1515 silly audit   'perfect-debounce': [ '2.1.0' ],
1515 silly audit   picomatch: [ '4.0.5', '2.3.2' ],
1515 silly audit   picocolors: [ '1.1.1' ],
1515 silly audit   pify: [ '2.3.0' ],
1515 silly audit   pirates: [ '4.0.7' ],
1515 silly audit   'pkg-types': [ '2.3.1' ],
1515 silly audit   'possible-typed-array-names': [ '1.1.0' ],
1515 silly audit   'postcss-import': [ '15.1.0' ],
1515 silly audit   resolve: [ '1.22.12', '2.0.0-next.7' ],
1515 silly audit   'postcss-js': [ '4.1.0' ],
1515 silly audit   'postcss-nested': [ '6.2.0' ],
1515 silly audit   'postcss-load-config': [ '6.0.1' ],
1515 silly audit   'postcss-selector-parser': [ '6.1.4' ],
1515 silly audit   'postcss-value-parser': [ '4.2.0' ],
1515 silly audit   'prelude-ls': [ '1.2.1' ],
1515 silly audit   'proper-lockfile': [ '4.1.2' ],
1515 silly audit   'signal-exit': [ '3.0.7', '4.1.0' ],
1515 silly audit   punycode: [ '2.3.1' ],
1515 silly audit   'pure-rand': [ '6.1.0' ],
1515 silly audit   postgres: [ '3.4.7' ],
1515 silly audit   'queue-microtask': [ '1.2.3' ],
1515 silly audit   rc9: [ '3.0.1' ],
1515 silly audit   'read-cache': [ '1.0.0' ],
1515 silly audit   readdirp: [ '5.0.0', '3.6.0' ],
1515 silly audit   'reflect.getprototypeof': [ '1.0.10' ],
1515 silly audit   'regexp.prototype.flags': [ '1.5.4' ],
1515 silly audit   'require-from-string': [ '2.0.2' ],
1515 silly audit   retry: [ '0.12.0' ],
1515 silly audit   reusify: [ '1.1.0' ],
1515 silly audit   rou3: [ '0.7.12' ],
1515 silly audit   'safe-array-concat': [ '1.1.4' ],
1515 silly audit   'run-parallel': [ '1.2.0' ],
1515 silly audit   'safe-push-apply': [ '1.0.0' ],
1515 silly audit   'safe-regex-test': [ '1.1.0' ],
1515 silly audit   'safer-buffer': [ '2.1.2' ],
1515 silly audit   scheduler: [ '0.27.0' ],
1515 silly audit   'seq-queue': [ '0.0.5' ],
1515 silly audit   'set-cookie-parser': [ '3.1.1' ],
1515 silly audit   'set-function-length': [ '1.2.2' ],
1515 silly audit   'set-function-name': [ '2.0.2' ],
1515 silly audit   'set-proto': [ '1.0.0' ],
1515 silly audit   sharp: [ '0.34.5' ],
1515 silly audit   'shebang-command': [ '2.0.0' ],
1515 silly audit   'shebang-regex': [ '3.0.0' ],
1515 silly audit   'side-channel': [ '1.1.1' ],
1515 silly audit   'side-channel-list': [ '1.0.1' ],
1515 silly audit   'side-channel-weakmap': [ '1.0.2' ],
1515 silly audit   'side-channel-map': [ '1.0.1' ],
1515 silly audit   'source-map-js': [ '1.2.1' ],
1515 silly audit   sqlstring: [ '2.3.3' ],
1515 silly audit   'std-env': [ '3.10.0' ],
1515 silly audit   'stop-iteration-iterator': [ '1.1.0' ],
1515 silly audit   'string.prototype.trim': [ '1.2.11' ],
1515 silly audit   'string.prototype.trimend': [ '1.0.10' ],
1515 silly audit   'string.prototype.trimstart': [ '1.0.8' ],
1515 silly audit   'styled-jsx': [ '5.1.6' ],
1515 silly audit   sucrase: [ '3.35.1' ],
1515 silly audit   'supports-preserve-symlinks-flag': [ '1.0.0' ],
1515 silly audit   thenify: [ '3.3.1' ],
1515 silly audit   'thenify-all': [ '1.6.0' ],
1515 silly audit   tinyglobby: [ '0.2.17' ],
1515 silly audit   'to-regex-range': [ '5.0.1' ],
1515 silly audit   tailwindcss: [ '3.4.19' ],
1515 silly audit   'ts-interface-checker': [ '0.1.13' ],
1515 silly audit   tslib: [ '2.8.1' ],
1515 silly audit   'type-check': [ '0.4.0' ],
1515 silly audit   'typed-array-buffer': [ '1.0.3' ],
1515 silly audit   'typed-array-byte-offset': [ '1.0.4' ],
1515 silly audit   'typed-array-byte-length': [ '1.0.3' ],
1515 silly audit   'typed-array-length': [ '1.0.8' ],
1515 silly audit   'unbox-primitive': [ '1.1.0' ],
1515 silly audit   'undici-types': [ '8.3.0' ],
1515 silly audit   'update-browserslist-db': [ '1.2.3' ],
1515 silly audit   'uri-js': [ '4.4.1' ],
1515 silly audit   'util-deprecate': [ '1.0.2' ],
1515 silly audit   which: [ '2.0.2' ],
1515 silly audit   valibot: [ '1.2.0' ],
1515 silly audit   'which-builtin-type': [ '1.2.1' ],
1515 silly audit   'which-boxed-primitive': [ '1.1.1' ],
1515 silly audit   'which-collection': [ '1.0.2' ],
1515 silly audit   'which-typed-array': [ '1.1.22' ],
1515 silly audit   'word-wrap': [ '1.2.5' ],
1515 silly audit   'yocto-queue': [ '0.1.0' ],
1515 silly audit   zeptomatch: [ '2.1.0' ],
1515 silly audit   'zod-validation-error': [ '4.0.2' ],
1515 silly audit   '@alloc/quick-lru': [ '5.2.0' ],
1515 silly audit   '@babel/helper-string-parser': [ '7.29.7' ],
1515 silly audit   '@babel/helper-validator-identifier': [ '7.29.7' ],
1515 silly audit   '@better-auth/core': [ '1.6.23' ],
1515 silly audit   '@better-auth/drizzle-adapter': [ '1.6.23' ],
1515 silly audit   '@better-auth/kysely-adapter': [ '1.6.23' ],
1515 silly audit   '@better-auth/memory-adapter': [ '1.6.23' ],
1515 silly audit   '@better-auth/mongo-adapter': [ '1.6.23' ],
1515 silly audit   '@babel/parser': [ '7.29.7' ],
1515 silly audit   '@better-auth/telemetry': [ '1.6.23' ],
1515 silly audit   '@better-auth/utils': [ '0.4.2' ],
1515 silly audit   '@better-fetch/fetch': [ '1.3.1' ],
1515 silly audit   '@electric-sql/pglite-tools': [ '0.3.1' ],
1515 silly audit   '@esbuild/win32-x64': [ '0.28.1' ],
1515 silly audit   '@eslint-community/eslint-utils': [ '4.9.1' ],
1515 silly audit   '@hono/node-server': [ '1.19.11' ],
1515 silly audit   '@eslint-community/regexpp': [ '4.12.2' ],
1515 silly audit   '@humanfs/core': [ '0.19.2' ],
1515 silly audit   '@humanfs/node': [ '0.16.8' ],
1515 silly audit   '@humanfs/types': [ '0.15.0' ],
1515 silly audit   '@humanwhocodes/retry': [ '0.4.3' ],
1515 silly audit   '@humanwhocodes/module-importer': [ '1.0.1' ],
1515 silly audit   '@img/colour': [ '1.1.0' ],
1515 silly audit   '@jridgewell/gen-mapping': [ '0.3.13' ],
1515 silly audit   '@electric-sql/pglite-socket': [ '0.1.1' ],
1515 silly audit   '@jridgewell/resolve-uri': [ '3.1.2' ],
1515 silly audit   '@jridgewell/sourcemap-codec': [ '1.5.5' ],
1515 silly audit   '@jridgewell/trace-mapping': [ '0.3.31' ],
1515 silly audit   '@kurkle/color': [ '0.3.4' ],
1515 silly audit   '@next/env': [ '16.2.10' ],
1515 silly audit   '@next/eslint-plugin-next': [ '16.2.10' ],
1515 silly audit   '@next/swc-win32-x64-msvc': [ '16.2.10' ],
1515 silly audit   '@noble/ciphers': [ '2.2.0' ],
1515 silly audit   '@noble/hashes': [ '2.2.0' ],
1515 silly audit   '@nodelib/fs.scandir': [ '2.1.5' ],
1515 silly audit   '@nodelib/fs.stat': [ '2.0.5' ],
1515 silly audit   '@nodelib/fs.walk': [ '1.2.8' ],
1515 silly audit   '@opentelemetry/semantic-conventions': [ '1.42.0' ],
1515 silly audit   '@prisma/config': [ '7.8.0' ],
1515 silly audit   effect: [ '3.20.0' ],
1515 silly audit   'fast-check': [ '3.23.2' ],
1515 silly audit   '@prisma/client-runtime-utils': [ '7.8.0' ],
1515 silly audit   '@prisma/debug': [ '7.8.0', '7.2.0' ],
1515 silly audit   '@prisma/dev': [ '0.24.3' ],
1515 silly audit   remeda: [ '2.33.4' ],
1515 silly audit   '@electric-sql/pglite': [ '0.4.1' ],
1515 silly audit   hono: [ '4.12.28' ],
1515 silly audit   '@prisma/engines': [ '7.8.0' ],
1515 silly audit   '@prisma/get-platform': [ '7.8.0', '7.2.0' ],
1515 silly audit   '@prisma/engines-version': [ '7.8.0-6.3c6e192761c0362d496ed980de936e2f3cebcd3a' ],
1515 silly audit   '@prisma/fetch-engine': [ '7.8.0' ],
1515 silly audit   '@prisma/query-plan-executor': [ '7.2.0' ],
1515 silly audit   '@prisma/streams-local': [ '0.1.2' ],
1515 silly audit   '@radix-ui/primitive': [ '1.1.3' ],
1515 silly audit   '@radix-ui/react-compose-refs': [ '1.1.2' ],
1515 silly audit   '@prisma/studio-core': [ '0.27.3' ],
1515 silly audit   '@radix-ui/react-primitive': [ '2.1.3' ],
1515 silly audit   '@radix-ui/react-slot': [ '1.2.3' ],
1515 silly audit   '@radix-ui/react-use-controllable-state': [ '1.2.2' ],
1515 silly audit   '@radix-ui/react-toggle': [ '1.1.10' ],
1515 silly audit   '@radix-ui/react-use-effect-event': [ '0.0.2' ],
1515 silly audit   '@radix-ui/react-use-layout-effect': [ '1.1.1' ],
1515 silly audit   '@standard-schema/spec': [ '1.1.0' ],
1515 silly audit   '@tanstack/query-core': [ '5.101.2' ],
1515 silly audit   '@swc/helpers': [ '0.5.15' ],
1515 silly audit   '@better-auth/prisma-adapter': [ '1.6.23' ],
1515 silly audit   '@prisma/client': [ '7.8.0' ],
1515 silly audit   '@tanstack/react-query': [ '5.101.2' ],
1515 silly audit   '@trpc/client': [ '11.18.0' ],
1515 silly audit   '@trpc/react-query': [ '11.18.0' ],
1515 silly audit   '@trpc/server': [ '11.18.0' ],
1515 silly audit   '@types/node': [ '26.1.1' ],
1515 silly audit   '@types/react': [ '19.2.17' ],
1515 silly audit   '@types/react-dom': [ '19.2.3' ],
1515 silly audit   autoprefixer: [ '10.5.2' ],
1515 silly audit   'class-variance-authority': [ '0.7.1' ],
1515 silly audit   clsx: [ '2.1.1' ],
1515 silly audit   'eslint-config-next': [ '16.2.10' ],
1515 silly audit   'lucide-react': [ '1.23.0' ],
1515 silly audit   next: [ '16.2.10' ],
1515 silly audit   'next-themes': [ '0.4.6' ],
1515 silly audit   postcss: [ '8.5.16', '8.4.31' ],
1515 silly audit   prisma: [ '7.8.0' ],
1515 silly audit   react: [ '19.2.7' ],
1515 silly audit   'react-dom': [ '19.2.7' ],
1515 silly audit   sonner: [ '2.0.7' ],
1515 silly audit   superjson: [ '2.2.6' ],
1515 silly audit   'tailwind-merge': [ '3.6.0' ],
1515 silly audit   tsx: [ '4.23.0' ],
1515 silly audit   zod: [ '4.4.3' ],
1515 silly audit   '@esbuild/aix-ppc64': [ '0.28.1' ],
1515 silly audit   '@esbuild/android-arm': [ '0.28.1' ],
1515 silly audit   '@esbuild/android-arm64': [ '0.28.1' ],
1515 silly audit   '@esbuild/android-x64': [ '0.28.1' ],
1515 silly audit   '@esbuild/darwin-arm64': [ '0.28.1' ],
1515 silly audit   '@esbuild/darwin-x64': [ '0.28.1' ],
1515 silly audit   '@esbuild/freebsd-arm64': [ '0.28.1' ],
1515 silly audit   '@esbuild/freebsd-x64': [ '0.28.1' ],
1515 silly audit   '@esbuild/linux-arm': [ '0.28.1' ],
1515 silly audit   '@esbuild/linux-arm64': [ '0.28.1' ],
1515 silly audit   '@esbuild/linux-ia32': [ '0.28.1' ],
1515 silly audit   '@esbuild/linux-loong64': [ '0.28.1' ],
1515 silly audit   '@esbuild/linux-mips64el': [ '0.28.1' ],
1515 silly audit   '@esbuild/linux-ppc64': [ '0.28.1' ],
1515 silly audit   '@esbuild/linux-riscv64': [ '0.28.1' ],
1515 silly audit   '@esbuild/linux-s390x': [ '0.28.1' ],
1515 silly audit   '@esbuild/linux-x64': [ '0.28.1' ],
1515 silly audit   '@esbuild/netbsd-arm64': [ '0.28.1' ],
1515 silly audit   '@esbuild/netbsd-x64': [ '0.28.1' ],
1515 silly audit   '@esbuild/openbsd-arm64': [ '0.28.1' ],
1515 silly audit   '@esbuild/openbsd-x64': [ '0.28.1' ],
1515 silly audit   '@esbuild/openharmony-arm64': [ '0.28.1' ],
1515 silly audit   '@esbuild/sunos-x64': [ '0.28.1' ],
1515 silly audit   '@esbuild/win32-arm64': [ '0.28.1' ],
1515 silly audit   '@esbuild/win32-ia32': [ '0.28.1' ],
1515 silly audit   'eslint-import-resolver-typescript': [ '3.10.1' ],
1515 silly audit   'eslint-plugin-import': [ '2.32.0' ],
1515 silly audit   eslint: [ '9.39.4' ],
1515 silly audit   'eslint-plugin-jsx-a11y': [ '6.10.2' ],
1515 silly audit   'eslint-plugin-react': [ '7.37.5' ],
1515 silly audit   'typescript-eslint': [ '8.63.0' ],
1515 silly audit   typescript: [ '6.0.3' ],
1515 silly audit   '@eslint/config-array': [ '0.21.2' ],
1515 silly audit   '@eslint/config-helpers': [ '0.4.2' ],
1515 silly audit   '@eslint/core': [ '0.17.0' ],
1515 silly audit   '@eslint/eslintrc': [ '3.3.5' ],
1515 silly audit   '@eslint/js': [ '9.39.4' ],
1515 silly audit   '@eslint/plugin-kit': [ '0.4.1' ],
1515 silly audit   '@types/estree': [ '1.0.9' ],
1515 silly audit   chalk: [ '4.1.2' ],
1515 silly audit   'eslint-scope': [ '8.4.0' ],
1515 silly audit   espree: [ '10.4.0' ],
1515 silly audit   'lodash.merge': [ '4.6.2' ],
1515 silly audit   minimatch: [ '3.1.5', '10.2.5' ],
1515 silly audit   '@eslint/object-schema': [ '2.1.7' ],
1515 silly audit   '@types/json-schema': [ '7.0.15' ],
1515 silly audit   'import-fresh': [ '3.3.1' ],
1515 silly audit   'js-yaml': [ '4.3.0' ],
1515 silly audit   'strip-json-comments': [ '3.1.1' ],
1515 silly audit   'ansi-styles': [ '4.3.0' ],
1515 silly audit   'supports-color': [ '7.2.0' ],
1515 silly audit   'color-convert': [ '2.0.1' ],
1515 silly audit   'color-name': [ '1.1.4' ],
1515 silly audit   '@nolyfill/is-core-module': [ '1.0.39' ],
1515 silly audit   'get-tsconfig': [ '4.14.0' ],
1515 silly audit   'is-bun-module': [ '2.0.0' ],
1515 silly audit   'stable-hash': [ '0.0.5' ],
1515 silly audit   'unrs-resolver': [ '1.12.2' ],
1515 silly audit   '@rtsao/scc': [ '1.1.0' ],
1515 silly audit   'array.prototype.findlastindex': [ '1.2.6' ],
1515 silly audit   'eslint-module-utils': [ '2.14.0' ],
1515 silly audit   'object.groupby': [ '1.0.3' ],
1515 silly audit   'tsconfig-paths': [ '3.15.0' ],
1515 silly audit   'aria-query': [ '5.3.2' ],
1515 silly audit   'ast-types-flow': [ '0.0.8' ],
1515 silly audit   'axe-core': [ '4.12.1' ],
1515 silly audit   'axobject-query': [ '4.1.0' ],
1515 silly audit   'damerau-levenshtein': [ '1.0.8' ],
1515 silly audit   'emoji-regex': [ '9.2.2' ],
1515 silly audit   'language-tags': [ '1.0.9' ],
1515 silly audit   'string.prototype.includes': [ '2.0.1' ],
1515 silly audit   'array.prototype.findlast': [ '1.2.5' ],
1515 silly audit   'array.prototype.tosorted': [ '1.1.4' ],
1515 silly audit   'es-iterator-helpers': [ '1.3.3' ],
1515 silly audit   'prop-types': [ '15.8.1' ],
1515 silly audit   'string.prototype.matchall': [ '4.0.12' ],
1515 silly audit   'string.prototype.repeat': [ '1.0.0' ],
1515 silly audit   'iterator.prototype': [ '1.1.5' ],
1515 silly audit   esrecurse: [ '4.3.0' ],
1515 silly audit   acorn: [ '8.17.0' ],
1515 silly audit   'acorn-jsx': [ '5.3.2' ],
1515 silly audit   'resolve-pkg-maps': [ '1.0.0' ],
1515 silly audit   'parent-module': [ '1.0.1' ],
1515 silly audit   'resolve-from': [ '4.0.0' ],
1515 silly audit   argparse: [ '2.0.1' ],
1515 silly audit   'language-subtag-registry': [ '0.3.23' ],
1515 silly audit   'brace-expansion': [ '1.1.16', '5.0.7' ],
1515 silly audit   'balanced-match': [ '1.0.2', '4.0.4' ],
1515 silly audit   '@next/swc-darwin-arm64': [ '16.2.10' ],
1515 silly audit   '@next/swc-darwin-x64': [ '16.2.10' ],
1515 silly audit   '@next/swc-linux-arm64-gnu': [ '16.2.10' ],
1515 silly audit   '@next/swc-linux-arm64-musl': [ '16.2.10' ],
1515 silly audit   '@next/swc-linux-x64-gnu': [ '16.2.10' ],
1515 silly audit   '@next/swc-linux-x64-musl': [ '16.2.10' ],
1515 silly audit   '@next/swc-win32-arm64-msvc': [ '16.2.10' ],
1515 silly audit   callsites: [ '3.1.0' ],
1515 silly audit   'loose-envify': [ '1.4.0' ],
1515 silly audit   'react-is': [ '16.13.1' ],
1515 silly audit   'js-tokens': [ '4.0.0' ],
1515 silly audit   '@img/sharp-darwin-arm64': [ '0.34.5' ],
1515 silly audit   '@img/sharp-darwin-x64': [ '0.34.5' ],
1515 silly audit   '@img/sharp-libvips-darwin-arm64': [ '1.2.4' ],
1515 silly audit   '@img/sharp-libvips-darwin-x64': [ '1.2.4' ],
1515 silly audit   '@img/sharp-libvips-linux-arm': [ '1.2.4' ],
1515 silly audit   '@img/sharp-libvips-linux-arm64': [ '1.2.4' ],
1515 silly audit   '@img/sharp-libvips-linux-ppc64': [ '1.2.4' ],
1515 silly audit   '@img/sharp-libvips-linux-riscv64': [ '1.2.4' ],
1515 silly audit   '@img/sharp-libvips-linux-s390x': [ '1.2.4' ],
1515 silly audit   '@img/sharp-libvips-linux-x64': [ '1.2.4' ],
1515 silly audit   '@img/sharp-libvips-linuxmusl-arm64': [ '1.2.4' ],
1515 silly audit   '@img/sharp-libvips-linuxmusl-x64': [ '1.2.4' ],
1515 silly audit   '@img/sharp-linux-arm': [ '0.34.5' ],
1515 silly audit   '@img/sharp-linux-arm64': [ '0.34.5' ],
1515 silly audit   '@img/sharp-linux-ppc64': [ '0.34.5' ],
1515 silly audit   '@img/sharp-linux-riscv64': [ '0.34.5' ],
1515 silly audit   '@img/sharp-linux-s390x': [ '0.34.5' ],
1515 silly audit   '@img/sharp-linux-x64': [ '0.34.5' ],
1515 silly audit   '@img/sharp-linuxmusl-arm64': [ '0.34.5' ],
1515 silly audit   '@img/sharp-linuxmusl-x64': [ '0.34.5' ],
1515 silly audit   '@img/sharp-wasm32': [ '0.34.5' ],
1515 silly audit   '@img/sharp-win32-arm64': [ '0.34.5' ],
1515 silly audit   '@img/sharp-win32-ia32': [ '0.34.5' ],
1515 silly audit   '@img/sharp-win32-x64': [ '0.34.5' ],
1515 silly audit   '@emnapi/runtime': [ '1.11.2', '1.10.0' ],
1515 silly audit   'has-flag': [ '4.0.0' ],
1515 silly audit   '@types/json5': [ '0.0.29' ],
1515 silly audit   json5: [ '1.0.2' ],
1515 silly audit   minimist: [ '1.2.8' ],
1515 silly audit   'strip-bom': [ '3.0.0' ],
1515 silly audit   fsevents: [ '2.3.3' ],
1515 silly audit   '@typescript-eslint/eslint-plugin': [ '8.63.0' ],
1515 silly audit   '@typescript-eslint/parser': [ '8.63.0' ],
1515 silly audit   '@typescript-eslint/typescript-estree': [ '8.63.0' ],
1515 silly audit   '@typescript-eslint/utils': [ '8.63.0' ],
1515 silly audit   '@typescript-eslint/scope-manager': [ '8.63.0' ],
1515 silly audit   '@typescript-eslint/type-utils': [ '8.63.0' ],
1515 silly audit   '@typescript-eslint/visitor-keys': [ '8.63.0' ],
1515 silly audit   'ts-api-utils': [ '2.5.0' ],
1515 silly audit   '@typescript-eslint/types': [ '8.63.0' ],
1515 silly audit   '@typescript-eslint/project-service': [ '8.63.0' ],
1515 silly audit   '@typescript-eslint/tsconfig-utils': [ '8.63.0' ],
1515 silly audit   '@unrs/resolver-binding-android-arm-eabi': [ '1.12.2' ],
1515 silly audit   '@unrs/resolver-binding-android-arm64': [ '1.12.2' ],
1515 silly audit   '@unrs/resolver-binding-darwin-arm64': [ '1.12.2' ],
1515 silly audit   '@unrs/resolver-binding-darwin-x64': [ '1.12.2' ],
1515 silly audit   '@unrs/resolver-binding-freebsd-x64': [ '1.12.2' ],
1515 silly audit   '@unrs/resolver-binding-linux-arm-gnueabihf': [ '1.12.2' ],
1515 silly audit   '@unrs/resolver-binding-linux-arm-musleabihf': [ '1.12.2' ],
1515 silly audit   '@unrs/resolver-binding-linux-arm64-gnu': [ '1.12.2' ],
1515 silly audit   '@unrs/resolver-binding-linux-arm64-musl': [ '1.12.2' ],
1515 silly audit   '@unrs/resolver-binding-linux-loong64-gnu': [ '1.12.2' ],
1515 silly audit   '@unrs/resolver-binding-linux-loong64-musl': [ '1.12.2' ],
1515 silly audit   '@unrs/resolver-binding-linux-ppc64-gnu': [ '1.12.2' ],
1515 silly audit   '@unrs/resolver-binding-linux-riscv64-gnu': [ '1.12.2' ],
1515 silly audit   '@unrs/resolver-binding-linux-riscv64-musl': [ '1.12.2' ],
1515 silly audit   '@unrs/resolver-binding-linux-s390x-gnu': [ '1.12.2' ],
1515 silly audit   '@unrs/resolver-binding-linux-x64-gnu': [ '1.12.2' ],
1515 silly audit   '@unrs/resolver-binding-linux-x64-musl': [ '1.12.2' ],
1515 silly audit   '@unrs/resolver-binding-openharmony-arm64': [ '1.12.2' ],
1515 silly audit   '@unrs/resolver-binding-wasm32-wasi': [ '1.12.2' ],
1515 silly audit   '@unrs/resolver-binding-win32-arm64-msvc': [ '1.12.2' ],
1515 silly audit   '@unrs/resolver-binding-win32-ia32-msvc': [ '1.12.2' ],
1515 silly audit   '@unrs/resolver-binding-win32-x64-msvc': [ '1.12.2' ],
1515 silly audit   'napi-postinstall': [ '0.3.4' ],
1515 silly audit   '@emnapi/core': [ '1.10.0' ],
1515 silly audit   '@napi-rs/wasm-runtime': [ '1.1.6' ],
1515 silly audit   '@emnapi/wasi-threads': [ '1.2.1' ],
1515 silly audit   '@tybys/wasm-util': [ '0.10.3' ]
1515 silly audit }
1516 http cache @typescript-eslint/utils@https://registry.npmjs.org/@typescript-eslint/utils/-/utils-8.63.0.tgz 0ms (cache hit)
1517 http cache typescript-eslint@https://registry.npmjs.org/typescript-eslint/-/typescript-eslint-8.63.0.tgz 0ms (cache hit)
1518 http cache tsconfig-paths@https://registry.npmjs.org/tsconfig-paths/-/tsconfig-paths-3.15.0.tgz 0ms (cache hit)
1519 http cache eslint-plugin-react@https://registry.npmjs.org/eslint-plugin-react/-/eslint-plugin-react-7.37.5.tgz 0ms (cache hit)
1520 http cache eslint-plugin-jsx-a11y@https://registry.npmjs.org/eslint-plugin-jsx-a11y/-/eslint-plugin-jsx-a11y-6.10.2.tgz 0ms (cache hit)
1521 http cache @typescript-eslint/scope-manager@https://registry.npmjs.org/@typescript-eslint/scope-manager/-/scope-manager-8.63.0.tgz 0ms (cache hit)
1522 http cache has-flag@https://registry.npmjs.org/has-flag/-/has-flag-4.0.0.tgz 0ms (cache hit)
1523 http cache @typescript-eslint/eslint-plugin@https://registry.npmjs.org/@typescript-eslint/eslint-plugin/-/eslint-plugin-8.63.0.tgz 0ms (cache hit)
1524 http cache callsites@https://registry.npmjs.org/callsites/-/callsites-3.1.0.tgz 0ms (cache hit)
1525 http cache argparse@https://registry.npmjs.org/argparse/-/argparse-2.0.1.tgz 0ms (cache hit)
1526 http cache resolve-from@https://registry.npmjs.org/resolve-from/-/resolve-from-4.0.0.tgz 0ms (cache hit)
1527 http cache parent-module@https://registry.npmjs.org/parent-module/-/parent-module-1.0.1.tgz 0ms (cache hit)
1528 http cache axobject-query@https://registry.npmjs.org/axobject-query/-/axobject-query-4.1.0.tgz 0ms (cache hit)
1529 http cache aria-query@https://registry.npmjs.org/aria-query/-/aria-query-5.3.2.tgz 0ms (cache hit)
1530 http cache color-name@https://registry.npmjs.org/color-name/-/color-name-1.1.4.tgz 0ms (cache hit)
1531 http cache color-convert@https://registry.npmjs.org/color-convert/-/color-convert-2.0.1.tgz 0ms (cache hit)
1532 http cache ansi-styles@https://registry.npmjs.org/ansi-styles/-/ansi-styles-4.3.0.tgz 0ms (cache hit)
1533 http cache supports-color@https://registry.npmjs.org/supports-color/-/supports-color-7.2.0.tgz 0ms (cache hit)
1534 http cache strip-json-comments@https://registry.npmjs.org/strip-json-comments/-/strip-json-comments-3.1.1.tgz 0ms (cache hit)
1535 http cache js-yaml@https://registry.npmjs.org/js-yaml/-/js-yaml-4.3.0.tgz 0ms (cache hit)
1536 http cache import-fresh@https://registry.npmjs.org/import-fresh/-/import-fresh-3.3.1.tgz 0ms (cache hit)
1537 http cache lodash.merge@https://registry.npmjs.org/lodash.merge/-/lodash.merge-4.6.2.tgz 0ms (cache hit)
1538 http cache chalk@https://registry.npmjs.org/chalk/-/chalk-4.1.2.tgz 0ms (cache hit)
1539 http cache @eslint/js@https://registry.npmjs.org/@eslint/js/-/js-9.39.4.tgz 0ms (cache hit)
1540 http cache @eslint/eslintrc@https://registry.npmjs.org/@eslint/eslintrc/-/eslintrc-3.3.5.tgz 0ms (cache hit)
1541 http cache @electric-sql/pglite@https://registry.npmjs.org/@electric-sql/pglite/-/pglite-0.4.1.tgz 0ms (cache hit)
1542 http cache @trpc/react-query@https://registry.npmjs.org/@trpc/react-query/-/react-query-11.18.0.tgz 0ms (cache hit)
1543 http cache hono@https://registry.npmjs.org/hono/-/hono-4.12.28.tgz 0ms (cache hit)
1544 http cache kysely@https://registry.npmjs.org/kysely/-/kysely-0.29.3.tgz 0ms (cache hit)
1545 http cache @tanstack/react-query@https://registry.npmjs.org/@tanstack/react-query/-/react-query-5.101.2.tgz 0ms (cache hit)
1546 http cache @unrs/resolver-binding-win32-x64-msvc@https://registry.npmjs.org/@unrs/resolver-binding-win32-x64-msvc/-/resolver-binding-win32-x64-msvc-1.12.2.tgz 0ms (cache hit)
1547 http cache @typescript-eslint/typescript-estree@https://registry.npmjs.org/@typescript-eslint/typescript-estree/-/typescript-estree-8.63.0.tgz 0ms (cache hit)
1548 http cache @typescript-eslint/types@https://registry.npmjs.org/@typescript-eslint/types/-/types-8.63.0.tgz 0ms (cache hit)
1549 http cache @typescript-eslint/visitor-keys@https://registry.npmjs.org/@typescript-eslint/visitor-keys/-/visitor-keys-8.63.0.tgz 0ms (cache hit)
1550 http cache @typescript-eslint/type-utils@https://registry.npmjs.org/@typescript-eslint/type-utils/-/type-utils-8.63.0.tgz 0ms (cache hit)
1551 http cache @types/react-dom@https://registry.npmjs.org/@types/react-dom/-/react-dom-19.2.3.tgz 0ms (cache hit)
1552 http cache @types/react@https://registry.npmjs.org/@types/react/-/react-19.2.17.tgz 0ms (cache hit)
1553 http cache @types/json5@https://registry.npmjs.org/@types/json5/-/json5-0.0.29.tgz 0ms (cache hit)
1554 http cache @types/json-schema@https://registry.npmjs.org/@types/json-schema/-/json-schema-7.0.15.tgz 0ms (cache hit)
1555 http cache @types/node@https://registry.npmjs.org/@types/node/-/node-26.1.1.tgz 0ms (cache hit)
1556 http cache @types/estree@https://registry.npmjs.org/@types/estree/-/estree-1.0.9.tgz 0ms (cache hit)
1557 http cache @trpc/server@https://registry.npmjs.org/@trpc/server/-/server-11.18.0.tgz 0ms (cache hit)
1558 http cache @trpc/client@https://registry.npmjs.org/@trpc/client/-/client-11.18.0.tgz 0ms (cache hit)
1559 http cache @prisma/client@https://registry.npmjs.org/@prisma/client/-/client-7.8.0.tgz 0ms (cache hit)
1560 http cache next@https://registry.npmjs.org/next/-/next-16.2.10.tgz 0ms (cache hit)
1561 http cache @rtsao/scc@https://registry.npmjs.org/@rtsao/scc/-/scc-1.1.0.tgz 0ms (cache hit)
1562 silly packumentCache corgi:https://registry.npmjs.org/tailwindcss cache-miss
1563 http cache @nolyfill/is-core-module@https://registry.npmjs.org/@nolyfill/is-core-module/-/is-core-module-1.0.39.tgz 0ms (cache hit)
1564 silly packumentCache corgi:https://registry.npmjs.org/@electric-sql%2fpglite-socket cache-miss
1565 http cache @eslint/plugin-kit@https://registry.npmjs.org/@eslint/plugin-kit/-/plugin-kit-0.4.1.tgz 0ms (cache hit)
1566 http cache @eslint/object-schema@https://registry.npmjs.org/@eslint/object-schema/-/object-schema-2.1.7.tgz 0ms (cache hit)
1567 http cache @eslint/core@https://registry.npmjs.org/@eslint/core/-/core-0.17.0.tgz 0ms (cache hit)
1568 http cache @eslint/config-array@https://registry.npmjs.org/@eslint/config-array/-/config-array-0.21.2.tgz 0ms (cache hit)
1569 http cache @eslint/config-helpers@https://registry.npmjs.org/@eslint/config-helpers/-/config-helpers-0.4.2.tgz 0ms (cache hit)
1570 http cache @better-auth/prisma-adapter@https://registry.npmjs.org/@better-auth/prisma-adapter/-/prisma-adapter-1.6.23.tgz 0ms (cache hit)
1571 silly packumentCache corgi:https://registry.npmjs.org/@babel%2fparser cache-miss
1572 http cache typescript@https://registry.npmjs.org/typescript/-/typescript-6.0.3.tgz 0ms (cache hit)
1573 http cache zod@https://registry.npmjs.org/zod/-/zod-4.4.3.tgz 0ms (cache hit)
1574 silly packumentCache corgi:https://registry.npmjs.org/which cache-miss
1575 silly packumentCache corgi:https://registry.npmjs.org/update-browserslist-db cache-miss
1576 http cache unrs-resolver@https://registry.npmjs.org/unrs-resolver/-/unrs-resolver-1.12.2.tgz 0ms (cache hit)
1577 http cache eslint@https://registry.npmjs.org/eslint/-/eslint-9.39.4.tgz 0ms (cache hit)
1578 http cache tsx@https://registry.npmjs.org/tsx/-/tsx-4.23.0.tgz 0ms (cache hit)
1579 http cache ts-api-utils@https://registry.npmjs.org/ts-api-utils/-/ts-api-utils-2.5.0.tgz 0ms (cache hit)
1580 http cache tailwind-merge@https://registry.npmjs.org/tailwind-merge/-/tailwind-merge-3.6.0.tgz 0ms (cache hit)
1581 http cache superjson@https://registry.npmjs.org/superjson/-/superjson-2.2.6.tgz 0ms (cache hit)
1582 silly packumentCache corgi:https://registry.npmjs.org/sucrase cache-miss
1583 http cache sonner@https://registry.npmjs.org/sonner/-/sonner-2.0.7.tgz 0ms (cache hit)
1584 http cache strip-bom@https://registry.npmjs.org/strip-bom/-/strip-bom-3.0.0.tgz 0ms (cache hit)
1585 http cache string.prototype.repeat@https://registry.npmjs.org/string.prototype.repeat/-/string.prototype.repeat-1.0.0.tgz 0ms (cache hit)
1586 http cache string.prototype.includes@https://registry.npmjs.org/string.prototype.includes/-/string.prototype.includes-2.0.1.tgz 0ms (cache hit)
1587 http cache string.prototype.matchall@https://registry.npmjs.org/string.prototype.matchall/-/string.prototype.matchall-4.0.12.tgz 0ms (cache hit)
1588 http cache stable-hash@https://registry.npmjs.org/stable-hash/-/stable-hash-0.0.5.tgz 0ms (cache hit)
1589 silly packumentCache corgi:https://registry.npmjs.org/semver cache-miss
1590 silly packumentCache corgi:https://registry.npmjs.org/resolve cache-miss
1591 http cache resolve-pkg-maps@https://registry.npmjs.org/resolve-pkg-maps/-/resolve-pkg-maps-1.0.0.tgz 0ms (cache hit)
1592 http cache react-dom@https://registry.npmjs.org/react-dom/-/react-dom-19.2.7.tgz 0ms (cache hit)
1593 http cache react@https://registry.npmjs.org/react/-/react-19.2.7.tgz 0ms (cache hit)
1594 http cache react-is@https://registry.npmjs.org/react-is/-/react-is-16.13.1.tgz 0ms (cache hit)
1595 http cache prisma@https://registry.npmjs.org/prisma/-/prisma-7.8.0.tgz 0ms (cache hit)
1596 http cache prop-types@https://registry.npmjs.org/prop-types/-/prop-types-15.8.1.tgz 0ms (cache hit)
1597 http cache postcss@https://registry.npmjs.org/postcss/-/postcss-8.5.16.tgz 0ms (cache hit)
1598 silly packumentCache corgi:https://registry.npmjs.org/picomatch cache-miss
1599 http cache object.groupby@https://registry.npmjs.org/object.groupby/-/object.groupby-1.0.3.tgz 0ms (cache hit)
1600 http cache next-themes@https://registry.npmjs.org/next-themes/-/next-themes-0.4.6.tgz 0ms (cache hit)
1601 http cache napi-postinstall@https://registry.npmjs.org/napi-postinstall/-/napi-postinstall-0.3.4.tgz 0ms (cache hit)
1602 silly packumentCache corgi:https://registry.npmjs.org/nanoid cache-miss
1603 http cache lucide-react@https://registry.npmjs.org/lucide-react/-/lucide-react-1.23.0.tgz 0ms (cache hit)
1604 http cache minimist@https://registry.npmjs.org/minimist/-/minimist-1.2.8.tgz 0ms (cache hit)
1605 http cache minimatch@https://registry.npmjs.org/minimatch/-/minimatch-3.1.5.tgz 0ms (cache hit)
1606 http cache loose-envify@https://registry.npmjs.org/loose-envify/-/loose-envify-1.4.0.tgz 0ms (cache hit)
1607 http cache json5@https://registry.npmjs.org/json5/-/json5-1.0.2.tgz 0ms (cache hit)
1608 http cache language-tags@https://registry.npmjs.org/language-tags/-/language-tags-1.0.9.tgz 0ms (cache hit)
1609 http cache language-subtag-registry@https://registry.npmjs.org/language-subtag-registry/-/language-subtag-registry-0.3.23.tgz 0ms (cache hit)
1610 silly packumentCache corgi:https://registry.npmjs.org/jiti cache-miss
1611 http cache js-tokens@https://registry.npmjs.org/js-tokens/-/js-tokens-4.0.0.tgz 0ms (cache hit)
1612 http cache iterator.prototype@https://registry.npmjs.org/iterator.prototype/-/iterator.prototype-1.1.5.tgz 0ms (cache hit)
1613 silly packumentCache corgi:https://registry.npmjs.org/giget cache-miss
1614 http cache is-bun-module@https://registry.npmjs.org/is-bun-module/-/is-bun-module-2.0.0.tgz 0ms (cache hit)
1615 http cache get-tsconfig@https://registry.npmjs.org/get-tsconfig/-/get-tsconfig-4.14.0.tgz 0ms (cache hit)
1616 http cache espree@https://registry.npmjs.org/espree/-/espree-10.4.0.tgz 0ms (cache hit)
1617 http cache esrecurse@https://registry.npmjs.org/esrecurse/-/esrecurse-4.3.0.tgz 0ms (cache hit)
1618 http cache eslint-visitor-keys@https://registry.npmjs.org/eslint-visitor-keys/-/eslint-visitor-keys-4.2.1.tgz 0ms (cache hit)
1619 http cache eslint-scope@https://registry.npmjs.org/eslint-scope/-/eslint-scope-8.4.0.tgz 0ms (cache hit)
1620 http cache eslint-plugin-import@https://registry.npmjs.org/eslint-plugin-import/-/eslint-plugin-import-2.32.0.tgz 0ms (cache hit)
1621 http cache eslint-module-utils@https://registry.npmjs.org/eslint-module-utils/-/eslint-module-utils-2.14.0.tgz 0ms (cache hit)
1622 http cache eslint-config-next@https://registry.npmjs.org/eslint-config-next/-/eslint-config-next-16.2.10.tgz 0ms (cache hit)
1623 http cache eslint-import-resolver-typescript@https://registry.npmjs.org/eslint-import-resolver-typescript/-/eslint-import-resolver-typescript-3.10.1.tgz 0ms (cache hit)
1624 silly packumentCache corgi:https://registry.npmjs.org/esbuild cache-miss
1625 http cache es-iterator-helpers@https://registry.npmjs.org/es-iterator-helpers/-/es-iterator-helpers-1.3.3.tgz 0ms (cache hit)
1626 http cache emoji-regex@https://registry.npmjs.org/emoji-regex/-/emoji-regex-9.2.2.tgz 0ms (cache hit)
1627 silly packumentCache corgi:https://registry.npmjs.org/cssesc cache-miss
1628 http cache class-variance-authority@https://registry.npmjs.org/class-variance-authority/-/class-variance-authority-0.7.1.tgz 0ms (cache hit)
1629 http cache damerau-levenshtein@https://registry.npmjs.org/damerau-levenshtein/-/damerau-levenshtein-1.0.8.tgz 0ms (cache hit)
1630 silly packumentCache corgi:https://registry.npmjs.org/browserslist cache-miss
1631 http cache clsx@https://registry.npmjs.org/clsx/-/clsx-2.1.1.tgz 0ms (cache hit)
1632 silly packumentCache corgi:https://registry.npmjs.org/baseline-browser-mapping cache-miss
1633 http cache acorn@https://registry.npmjs.org/acorn/-/acorn-8.17.0.tgz 0ms (cache hit)
1634 http cache autoprefixer@https://registry.npmjs.org/autoprefixer/-/autoprefixer-10.5.2.tgz 0ms (cache hit)
1635 http cache brace-expansion@https://registry.npmjs.org/brace-expansion/-/brace-expansion-1.1.16.tgz 0ms (cache hit)
1636 http cache axe-core@https://registry.npmjs.org/axe-core/-/axe-core-4.12.1.tgz 0ms (cache hit)
1637 http cache balanced-match@https://registry.npmjs.org/balanced-match/-/balanced-match-1.0.2.tgz 0ms (cache hit)
1638 http cache ast-types-flow@https://registry.npmjs.org/ast-types-flow/-/ast-types-flow-0.0.8.tgz 0ms (cache hit)
1639 http cache array.prototype.findlastindex@https://registry.npmjs.org/array.prototype.findlastindex/-/array.prototype.findlastindex-1.2.6.tgz 0ms (cache hit)
1640 http cache array.prototype.tosorted@https://registry.npmjs.org/array.prototype.tosorted/-/array.prototype.tosorted-1.1.4.tgz 0ms (cache hit)
1641 http cache array.prototype.findlast@https://registry.npmjs.org/array.prototype.findlast/-/array.prototype.findlast-1.2.5.tgz 0ms (cache hit)
1642 http cache acorn-jsx@https://registry.npmjs.org/acorn-jsx/-/acorn-jsx-5.3.2.tgz 0ms (cache hit)
1643 http cache ignore@https://registry.npmjs.org/ignore/-/ignore-7.0.5.tgz 0ms (cache hit)
1644 http cache eslint-visitor-keys@https://registry.npmjs.org/eslint-visitor-keys/-/eslint-visitor-keys-5.0.1.tgz 0ms (cache hit)
1645 http cache globals@https://registry.npmjs.org/globals/-/globals-14.0.0.tgz 0ms (cache hit)
1646 http cache balanced-match@https://registry.npmjs.org/balanced-match/-/balanced-match-4.0.4.tgz 0ms (cache hit)
1647 http cache brace-expansion@https://registry.npmjs.org/brace-expansion/-/brace-expansion-5.0.7.tgz 0ms (cache hit)
1648 http cache minimatch@https://registry.npmjs.org/minimatch/-/minimatch-10.2.5.tgz 0ms (cache hit)
1649 http cache semver@https://registry.npmjs.org/semver/-/semver-7.8.5.tgz 0ms (cache hit)
1650 http cache postcss@https://registry.npmjs.org/postcss/-/postcss-8.4.31.tgz 0ms (cache hit)
1651 http cache glob-parent@https://registry.npmjs.org/glob-parent/-/glob-parent-5.1.2.tgz 0ms (cache hit)
1652 http cache picomatch@https://registry.npmjs.org/picomatch/-/picomatch-2.3.2.tgz 0ms (cache hit)
1653 http cache readdirp@https://registry.npmjs.org/readdirp/-/readdirp-3.6.0.tgz 0ms (cache hit)
1654 http cache fast-glob@https://registry.npmjs.org/fast-glob/-/fast-glob-3.3.3.tgz 0ms (cache hit)
1655 http cache glob-parent@https://registry.npmjs.org/glob-parent/-/glob-parent-5.1.2.tgz 0ms (cache hit)
1656 http cache chokidar@https://registry.npmjs.org/chokidar/-/chokidar-3.6.0.tgz 0ms (cache hit)
1657 silly packumentCache corgi:https://registry.npmjs.org/resolve cache-miss
1658 http cache es-abstract@https://registry.npmjs.org/es-abstract/-/es-abstract-1.24.2.tgz 0ms (cache hit)
1659 silly packumentCache corgi:https://registry.npmjs.org/jiti cache-miss
1660 http cache es-abstract@https://registry.npmjs.org/es-abstract/-/es-abstract-1.24.2.tgz 0ms (cache hit)
1661 http cache es-abstract@https://registry.npmjs.org/es-abstract/-/es-abstract-1.24.2.tgz 0ms (cache hit)
1662 http cache es-abstract@https://registry.npmjs.org/es-abstract/-/es-abstract-1.24.2.tgz 0ms (cache hit)
1663 http cache es-abstract@https://registry.npmjs.org/es-abstract/-/es-abstract-1.24.2.tgz 0ms (cache hit)
1664 silly packumentCache corgi:https://registry.npmjs.org/semver cache-miss
1665 silly packumentCache corgi:https://registry.npmjs.org/resolve cache-miss
1666 http cache @img/sharp-win32-x64@https://registry.npmjs.org/@img/sharp-win32-x64/-/sharp-win32-x64-0.34.5.tgz 0ms (cache hit)
1667 http cache es-abstract@https://registry.npmjs.org/es-abstract/-/es-abstract-1.24.2.tgz 0ms (cache hit)
1668 http cache picomatch@https://registry.npmjs.org/picomatch/-/picomatch-2.3.2.tgz 0ms (cache hit)
1669 http cache semver@https://registry.npmjs.org/semver/-/semver-7.8.5.tgz 0ms (cache hit)
1670 http cache debug@https://registry.npmjs.org/debug/-/debug-3.2.7.tgz 0ms (cache hit)
1671 http cache debug@https://registry.npmjs.org/debug/-/debug-3.2.7.tgz 0ms (cache hit)
1672 http cache es-abstract@https://registry.npmjs.org/es-abstract/-/es-abstract-1.24.2.tgz 0ms (cache hit)
1673 http cache es-abstract@https://registry.npmjs.org/es-abstract/-/es-abstract-1.24.2.tgz 0ms (cache hit)
1674 http cache es-abstract@https://registry.npmjs.org/es-abstract/-/es-abstract-1.24.2.tgz 0ms (cache hit)
1675 http cache es-abstract@https://registry.npmjs.org/es-abstract/-/es-abstract-1.24.2.tgz 0ms (cache hit)
1676 http cache es-abstract@https://registry.npmjs.org/es-abstract/-/es-abstract-1.24.2.tgz 0ms (cache hit)
1677 http cache picomatch@https://registry.npmjs.org/picomatch/-/picomatch-2.3.2.tgz 0ms (cache hit)
1678 silly tarball no local data for has-flag@https://registry.npmjs.org/has-flag/-/has-flag-4.0.0.tgz. Extracting by manifest.
1679 silly tarball no local data for callsites@https://registry.npmjs.org/callsites/-/callsites-3.1.0.tgz. Extracting by manifest.
1680 silly tarball no local data for argparse@https://registry.npmjs.org/argparse/-/argparse-2.0.1.tgz. Extracting by manifest.
1681 silly tarball no local data for resolve-from@https://registry.npmjs.org/resolve-from/-/resolve-from-4.0.0.tgz. Extracting by manifest.
1682 silly tarball no local data for parent-module@https://registry.npmjs.org/parent-module/-/parent-module-1.0.1.tgz. Extracting by manifest.
1683 silly tarball no local data for color-name@https://registry.npmjs.org/color-name/-/color-name-1.1.4.tgz. Extracting by manifest.
1684 silly tarball no local data for color-convert@https://registry.npmjs.org/color-convert/-/color-convert-2.0.1.tgz. Extracting by manifest.
1685 silly tarball no local data for ansi-styles@https://registry.npmjs.org/ansi-styles/-/ansi-styles-4.3.0.tgz. Extracting by manifest.
1686 silly tarball no local data for supports-color@https://registry.npmjs.org/supports-color/-/supports-color-7.2.0.tgz. Extracting by manifest.
1687 silly tarball no local data for strip-json-comments@https://registry.npmjs.org/strip-json-comments/-/strip-json-comments-3.1.1.tgz. Extracting by manifest.
1688 silly tarball no local data for js-yaml@https://registry.npmjs.org/js-yaml/-/js-yaml-4.3.0.tgz. Extracting by manifest.
1689 silly tarball no local data for import-fresh@https://registry.npmjs.org/import-fresh/-/import-fresh-3.3.1.tgz. Extracting by manifest.
1690 silly tarball no local data for lodash.merge@https://registry.npmjs.org/lodash.merge/-/lodash.merge-4.6.2.tgz. Extracting by manifest.
1691 silly tarball no local data for chalk@https://registry.npmjs.org/chalk/-/chalk-4.1.2.tgz. Extracting by manifest.
1692 silly tarball no local data for @eslint/js@https://registry.npmjs.org/@eslint/js/-/js-9.39.4.tgz. Extracting by manifest.
1693 silly tarball no local data for @eslint/eslintrc@https://registry.npmjs.org/@eslint/eslintrc/-/eslintrc-3.3.5.tgz. Extracting by manifest.
1694 silly tarball no local data for next@https://registry.npmjs.org/next/-/next-16.2.10.tgz. Extracting by manifest.
1695 http cache @typescript-eslint/parser@https://registry.npmjs.org/@typescript-eslint/parser/-/parser-8.63.0.tgz 0ms (cache hit)
1696 silly tarball no local data for @eslint/plugin-kit@https://registry.npmjs.org/@eslint/plugin-kit/-/plugin-kit-0.4.1.tgz. Extracting by manifest.
1697 silly tarball no local data for @eslint/object-schema@https://registry.npmjs.org/@eslint/object-schema/-/object-schema-2.1.7.tgz. Extracting by manifest.
1698 silly tarball no local data for @eslint/core@https://registry.npmjs.org/@eslint/core/-/core-0.17.0.tgz. Extracting by manifest.
1699 silly tarball no local data for @eslint/config-array@https://registry.npmjs.org/@eslint/config-array/-/config-array-0.21.2.tgz. Extracting by manifest.
1700 silly tarball no local data for @eslint/config-helpers@https://registry.npmjs.org/@eslint/config-helpers/-/config-helpers-0.4.2.tgz. Extracting by manifest.
1701 silly tarball no local data for typescript@https://registry.npmjs.org/typescript/-/typescript-6.0.3.tgz. Extracting by manifest.
1702 silly tarball no local data for eslint@https://registry.npmjs.org/eslint/-/eslint-9.39.4.tgz. Extracting by manifest.
1703 silly tarball no local data for espree@https://registry.npmjs.org/espree/-/espree-10.4.0.tgz. Extracting by manifest.
1704 silly tarball no local data for eslint-visitor-keys@https://registry.npmjs.org/eslint-visitor-keys/-/eslint-visitor-keys-4.2.1.tgz. Extracting by manifest.
1705 silly tarball no local data for eslint-scope@https://registry.npmjs.org/eslint-scope/-/eslint-scope-8.4.0.tgz. Extracting by manifest.
1706 silly tarball no local data for eslint-plugin-import@https://registry.npmjs.org/eslint-plugin-import/-/eslint-plugin-import-2.32.0.tgz. Extracting by manifest.
1707 silly tarball no local data for globals@https://registry.npmjs.org/globals/-/globals-14.0.0.tgz. Extracting by manifest.
1708 silly tarball no local data for @img/sharp-win32-x64@https://registry.npmjs.org/@img/sharp-win32-x64/-/sharp-win32-x64-0.34.5.tgz. Extracting by manifest.
1709 http cache @typescript-eslint/tsconfig-utils@https://registry.npmjs.org/@typescript-eslint/tsconfig-utils/-/tsconfig-utils-8.63.0.tgz 0ms (cache hit)
1710 http cache @typescript-eslint/project-service@https://registry.npmjs.org/@typescript-eslint/project-service/-/project-service-8.63.0.tgz 0ms (cache hit)
1711 http fetch POST 200 https://registry.npmjs.org/-/npm/v1/security/advisories/bulk 2063ms
1712 silly audit report {
1712 silly audit report   '@hono/node-server': [
1712 silly audit report     {
1712 silly audit report       id: 1116281,
1712 silly audit report       url: 'https://github.com/advisories/GHSA-92pp-h63x-v22m',
1712 silly audit report       title: '@hono/node-server: Middleware bypass via repeated slashes in serveStatic',
1712 silly audit report       severity: 'moderate',
1712 silly audit report       vulnerable_versions: '<1.19.13',
1712 silly audit report       cwe: [Array],
1712 silly audit report       cvss: [Object]
1712 silly audit report     }
1712 silly audit report   ],
1712 silly audit report   postcss: [
1712 silly audit report     {
1712 silly audit report       id: 1117015,
1712 silly audit report       url: 'https://github.com/advisories/GHSA-qx2v-qp2m-jg93',
1712 silly audit report       title: 'PostCSS has XSS via Unescaped </style> in its CSS Stringify Output',
1712 silly audit report       severity: 'moderate',
1712 silly audit report       vulnerable_versions: '<8.5.10',
1712 silly audit report       cwe: [Array],
1712 silly audit report       cvss: [Object]
1712 silly audit report     }
1712 silly audit report   ]
1712 silly audit report }
1713 silly packumentCache corgi:https://registry.npmjs.org/@hono%2fnode-server cache-miss
1714 silly packumentCache corgi:https://registry.npmjs.org/postcss cache-miss
1715 http fetch GET 200 https://registry.npmjs.org/@electric-sql%2fpglite-socket 20465ms (cache stale)
1716 silly packumentCache corgi:https://registry.npmjs.org/@electric-sql%2fpglite-socket set size:39866 disposed:false
1717 http fetch GET 200 https://registry.npmjs.org/which 20467ms (cache stale)
1718 silly packumentCache corgi:https://registry.npmjs.org/which set size:29002 disposed:false
1719 http fetch GET 200 https://registry.npmjs.org/@babel%2fparser 20471ms (cache stale)
1720 silly packumentCache corgi:https://registry.npmjs.org/@babel%2fparser set size:335290 disposed:false
1721 http fetch GET 200 https://registry.npmjs.org/update-browserslist-db 20474ms (cache stale)
1722 silly packumentCache corgi:https://registry.npmjs.org/update-browserslist-db set size:34844 disposed:false
1723 http fetch GET 200 https://registry.npmjs.org/has-flag/-/has-flag-4.0.0.tgz 20459ms (cache miss)
1724 http fetch GET 200 https://registry.npmjs.org/semver 20898ms (cache stale)
1725 silly packumentCache corgi:https://registry.npmjs.org/semver set size:101435 disposed:false
1726 http fetch GET 200 https://registry.npmjs.org/resolve 20906ms (cache stale)
1727 silly packumentCache corgi:https://registry.npmjs.org/resolve set size:105902 disposed:false
1728 http fetch GET 200 https://registry.npmjs.org/nanoid 20925ms (cache stale)
1729 silly packumentCache corgi:https://registry.npmjs.org/nanoid set size:154386 disposed:false
1730 http fetch GET 200 https://registry.npmjs.org/jiti 21007ms (cache stale)
1731 silly packumentCache corgi:https://registry.npmjs.org/jiti set size:233973 disposed:false
1732 http fetch GET 200 https://registry.npmjs.org/giget 21009ms (cache stale)
1733 silly packumentCache corgi:https://registry.npmjs.org/giget set size:45077 disposed:false
1734 http fetch GET 200 https://registry.npmjs.org/esbuild 21009ms (cache stale)
1735 silly packumentCache corgi:https://registry.npmjs.org/esbuild set size:887361 disposed:false
1736 http fetch GET 200 https://registry.npmjs.org/cssesc 21013ms (cache stale)
1737 silly packumentCache corgi:https://registry.npmjs.org/cssesc set size:5568 disposed:false
1738 http fetch GET 200 https://registry.npmjs.org/baseline-browser-mapping 21013ms (cache stale)
1739 silly packumentCache corgi:https://registry.npmjs.org/baseline-browser-mapping set size:159769 disposed:false
1740 http fetch GET 200 https://registry.npmjs.org/resolve 21443ms (cache stale)
1741 silly packumentCache corgi:https://registry.npmjs.org/resolve set size:105902 disposed:false
1742 silly packumentCache corgi:https://registry.npmjs.org/resolve dispose
1743 http fetch GET 200 https://registry.npmjs.org/browserslist 21453ms (cache stale)
1744 silly packumentCache corgi:https://registry.npmjs.org/browserslist set size:273639 disposed:false
1745 http fetch GET 200 https://registry.npmjs.org/jiti 22139ms (cache stale)
1746 silly packumentCache corgi:https://registry.npmjs.org/jiti set size:233973 disposed:false
1747 silly packumentCache corgi:https://registry.npmjs.org/jiti dispose
1748 http fetch GET 200 https://registry.npmjs.org/semver 22177ms (cache stale)
1749 silly packumentCache corgi:https://registry.npmjs.org/semver set size:101435 disposed:false
1750 silly packumentCache corgi:https://registry.npmjs.org/semver dispose
1751 http fetch GET 200 https://registry.npmjs.org/resolve 22179ms (cache stale)
1752 silly packumentCache corgi:https://registry.npmjs.org/resolve set size:105902 disposed:true
1753 silly packumentCache corgi:https://registry.npmjs.org/resolve dispose
1754 http fetch GET 200 https://registry.npmjs.org/parent-module/-/parent-module-1.0.1.tgz 25618ms (cache miss)
1755 http fetch GET 200 https://registry.npmjs.org/color-name/-/color-name-1.1.4.tgz 26186ms (cache miss)
1756 http fetch GET 200 https://registry.npmjs.org/callsites/-/callsites-3.1.0.tgz 26210ms (cache miss)
1757 http fetch GET 200 https://registry.npmjs.org/resolve-from/-/resolve-from-4.0.0.tgz 26399ms (cache miss)
1758 http fetch GET 200 https://registry.npmjs.org/postcss 25308ms (cache stale)
1759 silly packumentCache corgi:https://registry.npmjs.org/postcss set size:345714 disposed:false
1760 http fetch GET 200 https://registry.npmjs.org/@hono%2fnode-server 25315ms (cache stale)
1761 silly packumentCache corgi:https://registry.npmjs.org/@hono%2fnode-server set size:94108 disposed:false
1762 silly packumentCache corgi:https://registry.npmjs.org/@prisma%2fdev cache-miss
1763 http fetch GET 200 https://registry.npmjs.org/import-fresh/-/import-fresh-3.3.1.tgz 27755ms (cache miss)
1764 http fetch GET 200 https://registry.npmjs.org/supports-color/-/supports-color-7.2.0.tgz 27977ms (cache miss)
1765 http fetch GET 200 https://registry.npmjs.org/strip-json-comments/-/strip-json-comments-3.1.1.tgz 28796ms (cache miss)
1766 http fetch GET 200 https://registry.npmjs.org/ansi-styles/-/ansi-styles-4.3.0.tgz 31189ms (cache miss)
1767 http fetch GET 200 https://registry.npmjs.org/lodash.merge/-/lodash.merge-4.6.2.tgz 31619ms (cache miss)
1768 http cache https://registry.npmjs.org/which/-/which-2.0.2.tgz 12277ms (cache hit)
1769 http fetch GET 200 https://registry.npmjs.org/@electric-sql/pglite-socket/-/pglite-socket-0.1.1.tgz 12281ms (cache stale)
1770 http cache https://registry.npmjs.org/update-browserslist-db/-/update-browserslist-db-1.2.3.tgz 12284ms (cache hit)
1771 http fetch GET 200 https://registry.npmjs.org/@babel/parser/-/parser-7.29.7.tgz 12289ms (cache stale)
1772 http cache https://registry.npmjs.org/semver/-/semver-6.3.1.tgz 11856ms (cache hit)
1773 http cache https://registry.npmjs.org/resolve/-/resolve-2.0.0-next.7.tgz 11850ms (cache hit)
1774 http cache https://registry.npmjs.org/nanoid/-/nanoid-3.3.15.tgz 12087ms (cache hit)
1775 http cache https://registry.npmjs.org/giget/-/giget-3.3.0.tgz 12231ms (cache hit)
1776 http cache https://registry.npmjs.org/baseline-browser-mapping/-/baseline-browser-mapping-2.10.42.tgz 12221ms (cache hit)
1777 http cache https://registry.npmjs.org/cssesc/-/cssesc-3.0.0.tgz 12225ms (cache hit)
1778 http cache https://registry.npmjs.org/esbuild/-/esbuild-0.28.1.tgz 12226ms (cache hit)
1779 http cache https://registry.npmjs.org/jiti/-/jiti-2.7.0.tgz 12236ms (cache hit)
1780 http cache https://registry.npmjs.org/resolve/-/resolve-1.22.12.tgz 11787ms (cache hit)
1781 http cache https://registry.npmjs.org/browserslist/-/browserslist-4.28.5.tgz 11785ms (cache hit)
1782 http cache https://registry.npmjs.org/jiti/-/jiti-1.21.7.tgz 11167ms (cache hit)
1783 http cache https://registry.npmjs.org/semver/-/semver-7.8.5.tgz 11130ms (cache hit)
1784 http cache https://registry.npmjs.org/resolve/-/resolve-1.22.12.tgz 11129ms (cache hit)
1785 http fetch GET 200 https://registry.npmjs.org/@eslint/js/-/js-9.39.4.tgz 34716ms (cache miss)
1786 http fetch GET 200 https://registry.npmjs.org/@prisma%2fdev 8239ms (cache stale)
1787 silly packumentCache corgi:https://registry.npmjs.org/@prisma%2fdev set size:971040 disposed:false
1788 silly packumentCache corgi:https://registry.npmjs.org/next cache-miss
1789 http fetch GET 200 https://registry.npmjs.org/color-convert/-/color-convert-2.0.1.tgz 35621ms (cache miss)
1790 http fetch GET 200 https://registry.npmjs.org/picomatch 36988ms (cache miss)
1791 silly packumentCache corgi:https://registry.npmjs.org/picomatch set size:undefined disposed:false
1792 http fetch GET 200 https://registry.npmjs.org/@eslint/core/-/core-0.17.0.tgz 36963ms (cache miss)
1793 http fetch GET 200 https://registry.npmjs.org/eslint-visitor-keys/-/eslint-visitor-keys-4.2.1.tgz 38340ms (cache miss)
1794 http fetch GET 200 https://registry.npmjs.org/globals/-/globals-14.0.0.tgz 38412ms (cache miss)
1795 http fetch GET 200 https://registry.npmjs.org/chalk/-/chalk-4.1.2.tgz 39707ms (cache miss)
1796 http fetch GET 200 https://registry.npmjs.org/argparse/-/argparse-2.0.1.tgz 47196ms (cache miss)
1797 http fetch GET 200 https://registry.npmjs.org/next 11941ms (cache stale)
1798 silly packumentCache corgi:https://registry.npmjs.org/next set size:25353604 disposed:false
1799 silly packumentCache corgi:https://registry.npmjs.org/prisma cache-miss
1800 http fetch GET 200 https://registry.npmjs.org/espree/-/espree-10.4.0.tgz 49320ms (cache miss)
1801 http fetch GET 200 https://registry.npmjs.org/sucrase 49366ms (cache miss)
1802 silly packumentCache corgi:https://registry.npmjs.org/sucrase set size:undefined disposed:false
1803 http cache https://registry.npmjs.org/picomatch/-/picomatch-4.0.5.tgz 13193ms (cache hit)
1804 http fetch GET 200 https://registry.npmjs.org/@eslint/object-schema/-/object-schema-2.1.7.tgz 50986ms (cache miss)
1805 http fetch GET 200 https://registry.npmjs.org/@eslint/config-helpers/-/config-helpers-0.4.2.tgz 51000ms (cache miss)
1806 http fetch GET 200 https://registry.npmjs.org/@eslint/plugin-kit/-/plugin-kit-0.4.1.tgz 51022ms (cache miss)
1807 http fetch GET 200 https://registry.npmjs.org/prisma 4279ms (cache stale)
1808 silly packumentCache corgi:https://registry.npmjs.org/prisma set size:22845655 disposed:false
1809 silly packumentCache corgi:https://registry.npmjs.org/better-auth cache-miss
1810 http cache https://registry.npmjs.org/sucrase/-/sucrase-3.35.1.tgz 5501ms (cache hit)
1811 http fetch GET 200 https://registry.npmjs.org/eslint-scope/-/eslint-scope-8.4.0.tgz 63753ms (cache miss)
1812 http fetch GET 200 https://registry.npmjs.org/@eslint/config-array/-/config-array-0.21.2.tgz 71209ms (cache miss)
