0 verbose cli C:\Program Files\nodejs\node.exe C:\Program Files\nodejs\node_modules\npm\bin\npm-cli.js
1 info using npm@11.16.0
2 info using node@v26.3.0
3 silly config load:file:C:\Program Files\nodejs\node_modules\npm\npmrc
4 silly config load:file:C:\Users\Savad\Documents\Codex\2026-07-08\vo\ai-text-audio-saas\.npmrc
5 silly config load:file:C:\Users\Savad\.npmrc
6 silly config load:file:C:\Users\Savad\AppData\Roaming\npm\etc\npmrc
7 verbose title npm install
8 verbose argv "install" "--legacy-peer-deps" "--cache" ".npm-cache"
9 verbose logfile logs-max:10 dir:C:\Users\Savad\Documents\Codex\2026-07-08\vo\ai-text-audio-saas\.npm-cache\_logs\2026-07-08T15_56_44_940Z-
10 verbose logfile C:\Users\Savad\Documents\Codex\2026-07-08\vo\ai-text-audio-saas\.npm-cache\_logs\2026-07-08T15_56_44_940Z-debug-0.log
11 silly logfile done cleaning log files
12 silly packumentCache heap:4395630592 maxSize:1098907648 maxEntrySize:549453824
13 silly idealTree buildDeps
14 silly fetch manifest @better-auth-ui/core@latest
15 silly packumentCache full:https://registry.npmjs.org/@better-auth-ui%2fcore cache-miss
16 http cache https://registry.npmjs.org/@better-auth-ui%2fcore 30ms (cache hit)
17 silly packumentCache full:https://registry.npmjs.org/@better-auth-ui%2fcore set size:56164 disposed:false
18 silly fetch manifest @better-auth-ui/react@latest
19 silly packumentCache full:https://registry.npmjs.org/@better-auth-ui%2freact cache-miss
20 http cache https://registry.npmjs.org/@better-auth-ui%2freact 12ms (cache hit)
21 silly packumentCache full:https://registry.npmjs.org/@better-auth-ui%2freact set size:84802 disposed:false
22 silly fetch manifest @better-auth/prisma-adapter@latest
23 silly packumentCache full:https://registry.npmjs.org/@better-auth%2fprisma-adapter cache-miss
24 http fetch GET 200 https://registry.npmjs.org/@better-auth%2fprisma-adapter 615ms (cache miss)
25 silly packumentCache full:https://registry.npmjs.org/@better-auth%2fprisma-adapter set size:undefined disposed:false
26 silly fetch manifest @prisma/client@latest
27 silly packumentCache full:https://registry.npmjs.org/@prisma%2fclient cache-miss
28 http cache https://registry.npmjs.org/@prisma%2fclient 347ms (cache hit)
29 silly packumentCache full:https://registry.npmjs.org/@prisma%2fclient set size:67900403 disposed:false
30 silly fetch manifest @tanstack/react-query@latest
31 silly packumentCache full:https://registry.npmjs.org/@tanstack%2freact-query cache-miss
32 http cache https://registry.npmjs.org/@tanstack%2freact-query 14ms (cache hit)
33 silly packumentCache full:https://registry.npmjs.org/@tanstack%2freact-query set size:1616681 disposed:false
34 silly fetch manifest @trpc/client@latest
35 silly packumentCache full:https://registry.npmjs.org/@trpc%2fclient cache-miss
36 http fetch GET 200 https://registry.npmjs.org/@trpc%2fclient 610ms (cache miss)
37 silly packumentCache full:https://registry.npmjs.org/@trpc%2fclient set size:undefined disposed:false
38 silly fetch manifest @trpc/react-query@latest
39 silly packumentCache full:https://registry.npmjs.org/@trpc%2freact-query cache-miss
40 http fetch GET 200 https://registry.npmjs.org/@trpc%2freact-query 480ms (cache miss)
41 silly packumentCache full:https://registry.npmjs.org/@trpc%2freact-query set size:undefined disposed:false
42 silly fetch manifest @trpc/server@latest
43 silly packumentCache full:https://registry.npmjs.org/@trpc%2fserver cache-miss
44 http fetch GET 200 https://registry.npmjs.org/@trpc%2fserver 332ms (cache miss)
45 silly packumentCache full:https://registry.npmjs.org/@trpc%2fserver set size:undefined disposed:false
46 silly fetch manifest better-auth@^1.6.0
47 silly packumentCache full:https://registry.npmjs.org/better-auth cache-miss
48 http cache https://registry.npmjs.org/better-auth 36ms (cache hit)
49 silly packumentCache full:https://registry.npmjs.org/better-auth set size:9113825 disposed:false
50 silly fetch manifest class-variance-authority@latest
51 silly packumentCache full:https://registry.npmjs.org/class-variance-authority cache-miss
52 http fetch GET 200 https://registry.npmjs.org/class-variance-authority 205ms (cache miss)
53 silly packumentCache full:https://registry.npmjs.org/class-variance-authority set size:undefined disposed:false
54 silly fetch manifest clsx@latest
55 silly packumentCache full:https://registry.npmjs.org/clsx cache-miss
56 http cache https://registry.npmjs.org/clsx 9ms (cache hit)
57 silly packumentCache full:https://registry.npmjs.org/clsx set size:42506 disposed:false
58 silly fetch manifest lucide-react@latest
59 silly packumentCache full:https://registry.npmjs.org/lucide-react cache-miss
60 http fetch GET 200 https://registry.npmjs.org/lucide-react 309ms (cache miss)
61 silly packumentCache full:https://registry.npmjs.org/lucide-react set size:undefined disposed:false
62 silly fetch manifest next@latest
63 silly packumentCache full:https://registry.npmjs.org/next cache-miss
64 http cache https://registry.npmjs.org/next 165ms (cache hit)
65 silly packumentCache full:https://registry.npmjs.org/next set size:30917576 disposed:false
66 silly fetch manifest next-themes@latest
67 silly packumentCache full:https://registry.npmjs.org/next-themes cache-miss
68 http fetch GET 200 https://registry.npmjs.org/next-themes 191ms (cache miss)
69 silly packumentCache full:https://registry.npmjs.org/next-themes set size:undefined disposed:false
70 silly fetch manifest react@latest
71 silly packumentCache full:https://registry.npmjs.org/react cache-miss
72 http cache https://registry.npmjs.org/react 30ms (cache hit)
73 silly packumentCache full:https://registry.npmjs.org/react set size:6774230 disposed:false
74 silly fetch manifest react-dom@latest
75 silly packumentCache full:https://registry.npmjs.org/react-dom cache-miss
76 http cache https://registry.npmjs.org/react-dom 69ms (cache hit)
77 silly packumentCache full:https://registry.npmjs.org/react-dom set size:9069682 disposed:false
78 silly fetch manifest sonner@latest
79 silly packumentCache full:https://registry.npmjs.org/sonner cache-miss
80 http fetch GET 200 https://registry.npmjs.org/sonner 170ms (cache miss)
81 silly packumentCache full:https://registry.npmjs.org/sonner set size:undefined disposed:false
82 silly fetch manifest superjson@latest
83 silly packumentCache full:https://registry.npmjs.org/superjson cache-miss
84 http fetch GET 200 https://registry.npmjs.org/superjson 193ms (cache miss)
85 silly packumentCache full:https://registry.npmjs.org/superjson set size:undefined disposed:false
86 silly fetch manifest tailwind-merge@latest
87 silly packumentCache full:https://registry.npmjs.org/tailwind-merge cache-miss
88 http cache https://registry.npmjs.org/tailwind-merge 17ms (cache hit)
89 silly packumentCache full:https://registry.npmjs.org/tailwind-merge set size:1649411 disposed:false
90 silly fetch manifest zod@latest
91 silly packumentCache full:https://registry.npmjs.org/zod cache-miss
92 http cache https://registry.npmjs.org/zod 18ms (cache hit)
93 silly packumentCache full:https://registry.npmjs.org/zod set size:3552562 disposed:false
94 silly fetch manifest @types/node@latest
95 silly packumentCache full:https://registry.npmjs.org/@types%2fnode cache-miss
96 http cache https://registry.npmjs.org/@types%2fnode 54ms (cache hit)
97 silly packumentCache full:https://registry.npmjs.org/@types%2fnode set size:11080817 disposed:false
98 silly fetch manifest @types/react@latest
99 silly packumentCache full:https://registry.npmjs.org/@types%2freact cache-miss
100 http cache https://registry.npmjs.org/@types%2freact 19ms (cache hit)
101 silly packumentCache full:https://registry.npmjs.org/@types%2freact set size:2632776 disposed:false
102 silly fetch manifest @types/react-dom@latest
103 silly packumentCache full:https://registry.npmjs.org/@types%2freact-dom cache-miss
104 http fetch GET 200 https://registry.npmjs.org/@types%2freact-dom 319ms (cache miss)
105 silly packumentCache full:https://registry.npmjs.org/@types%2freact-dom set size:undefined disposed:false
106 silly fetch manifest autoprefixer@latest
107 silly packumentCache full:https://registry.npmjs.org/autoprefixer cache-miss
108 http fetch GET 200 https://registry.npmjs.org/autoprefixer 214ms (cache miss)
109 silly packumentCache full:https://registry.npmjs.org/autoprefixer set size:undefined disposed:false
110 silly fetch manifest eslint@latest
111 silly packumentCache full:https://registry.npmjs.org/eslint cache-miss
112 http fetch GET 200 https://registry.npmjs.org/eslint 343ms (cache miss)
113 silly packumentCache full:https://registry.npmjs.org/eslint set size:undefined disposed:false
114 silly fetch manifest eslint-config-next@latest
115 silly packumentCache full:https://registry.npmjs.org/eslint-config-next cache-miss
116 http fetch GET 200 https://registry.npmjs.org/eslint-config-next 364ms (cache miss)
117 silly packumentCache full:https://registry.npmjs.org/eslint-config-next set size:undefined disposed:false
118 silly fetch manifest postcss@latest
119 silly packumentCache full:https://registry.npmjs.org/postcss cache-miss
120 http cache https://registry.npmjs.org/postcss 10ms (cache hit)
121 silly packumentCache full:https://registry.npmjs.org/postcss set size:726591 disposed:false
122 silly fetch manifest prisma@latest
123 silly packumentCache full:https://registry.npmjs.org/prisma cache-miss
124 http cache https://registry.npmjs.org/prisma 259ms (cache hit)
125 silly packumentCache full:https://registry.npmjs.org/prisma set size:43294110 disposed:false
126 silly fetch manifest tailwindcss@^3.4.17
127 silly packumentCache full:https://registry.npmjs.org/tailwindcss cache-miss
128 http cache https://registry.npmjs.org/tailwindcss 51ms (cache hit)
129 silly packumentCache full:https://registry.npmjs.org/tailwindcss set size:10749446 disposed:false
130 silly fetch manifest tsx@latest
131 silly packumentCache full:https://registry.npmjs.org/tsx cache-miss
132 http cache https://registry.npmjs.org/tsx 28ms (cache hit)
133 silly packumentCache full:https://registry.npmjs.org/tsx set size:309686 disposed:false
134 silly fetch manifest typescript@latest
135 silly packumentCache full:https://registry.npmjs.org/typescript cache-miss
136 http cache https://registry.npmjs.org/typescript 67ms (cache hit)
137 silly packumentCache full:https://registry.npmjs.org/typescript set size:15418681 disposed:false
138 silly placeDep ROOT @better-auth-ui/core@1.6.27 OK for: ai-text-audio-saas@0.1.0 want: latest
139 silly placeDep ROOT @better-auth-ui/react@1.6.27 OK for: ai-text-audio-saas@0.1.0 want: latest
140 silly placeDep ROOT @better-auth/prisma-adapter@1.6.23 OK for: ai-text-audio-saas@0.1.0 want: latest
141 silly placeDep ROOT @prisma/client@7.8.0 OK for: ai-text-audio-saas@0.1.0 want: latest
142 silly placeDep ROOT @tanstack/react-query@5.101.2 OK for: ai-text-audio-saas@0.1.0 want: latest
143 silly placeDep ROOT @trpc/client@11.18.0 OK for: ai-text-audio-saas@0.1.0 want: latest
144 silly placeDep ROOT @trpc/react-query@11.18.0 OK for: ai-text-audio-saas@0.1.0 want: latest
145 silly placeDep ROOT @trpc/server@11.18.0 OK for: ai-text-audio-saas@0.1.0 want: latest
146 silly placeDep ROOT @types/node@26.1.1 OK for: ai-text-audio-saas@0.1.0 want: latest
147 silly placeDep ROOT @types/react@19.2.17 OK for: ai-text-audio-saas@0.1.0 want: latest
148 silly placeDep ROOT @types/react-dom@19.2.3 OK for: ai-text-audio-saas@0.1.0 want: latest
149 silly placeDep ROOT autoprefixer@10.5.2 OK for: ai-text-audio-saas@0.1.0 want: latest
150 silly placeDep ROOT better-auth@1.6.23 OK for: ai-text-audio-saas@0.1.0 want: ^1.6.0
151 silly placeDep ROOT class-variance-authority@0.7.1 OK for: ai-text-audio-saas@0.1.0 want: latest
152 silly placeDep ROOT clsx@2.1.1 OK for: ai-text-audio-saas@0.1.0 want: latest
153 silly placeDep ROOT eslint@10.6.0 OK for: ai-text-audio-saas@0.1.0 want: latest
154 silly placeDep ROOT eslint-config-next@16.2.10 OK for: ai-text-audio-saas@0.1.0 want: latest
155 silly placeDep ROOT lucide-react@1.23.0 OK for: ai-text-audio-saas@0.1.0 want: latest
156 silly placeDep ROOT next@16.2.10 OK for: ai-text-audio-saas@0.1.0 want: latest
157 silly placeDep ROOT next-themes@0.4.6 OK for: ai-text-audio-saas@0.1.0 want: latest
158 silly placeDep ROOT postcss@8.5.16 OK for: ai-text-audio-saas@0.1.0 want: latest
159 silly placeDep ROOT prisma@7.8.0 OK for: ai-text-audio-saas@0.1.0 want: latest
160 silly placeDep ROOT react@19.2.7 OK for: ai-text-audio-saas@0.1.0 want: latest
161 silly placeDep ROOT react-dom@19.2.7 OK for: ai-text-audio-saas@0.1.0 want: latest
162 silly placeDep ROOT sonner@2.0.7 OK for: ai-text-audio-saas@0.1.0 want: latest
163 silly placeDep ROOT superjson@2.2.6 OK for: ai-text-audio-saas@0.1.0 want: latest
164 silly placeDep ROOT tailwind-merge@3.6.0 OK for: ai-text-audio-saas@0.1.0 want: latest
165 silly placeDep ROOT tailwindcss@3.4.19 OK for: ai-text-audio-saas@0.1.0 want: ^3.4.17
166 silly placeDep ROOT tsx@4.23.0 OK for: ai-text-audio-saas@0.1.0 want: latest
167 silly placeDep ROOT typescript@7.0.2 OK for: ai-text-audio-saas@0.1.0 want: latest
168 silly placeDep ROOT zod@4.4.3 OK for: ai-text-audio-saas@0.1.0 want: latest
169 silly fetch manifest @prisma/client-runtime-utils@7.8.0
170 silly packumentCache full:https://registry.npmjs.org/@prisma%2fclient-runtime-utils cache-miss
171 silly fetch manifest @tanstack/query-core@5.101.2
172 silly packumentCache full:https://registry.npmjs.org/@tanstack%2fquery-core cache-miss
173 silly fetch manifest undici-types@~8.3.0
174 silly packumentCache full:https://registry.npmjs.org/undici-types cache-miss
175 silly fetch manifest csstype@^3.2.2
176 silly packumentCache full:https://registry.npmjs.org/csstype cache-miss
177 silly fetch manifest picocolors@^1.1.1
178 silly packumentCache full:https://registry.npmjs.org/picocolors cache-miss
179 silly fetch manifest fraction.js@^5.3.4
180 silly packumentCache full:https://registry.npmjs.org/fraction.js cache-miss
181 silly fetch manifest browserslist@^4.28.4
182 silly packumentCache full:https://registry.npmjs.org/browserslist cache-miss
183 http cache https://registry.npmjs.org/@tanstack%2fquery-core 40ms (cache hit)
184 silly packumentCache full:https://registry.npmjs.org/@tanstack%2fquery-core set size:1106098 disposed:false
185 silly fetch manifest caniuse-lite@^1.0.30001799
186 silly packumentCache full:https://registry.npmjs.org/caniuse-lite cache-miss
187 http fetch GET 200 https://registry.npmjs.org/@prisma%2fclient-runtime-utils 256ms (cache miss)
188 silly packumentCache full:https://registry.npmjs.org/@prisma%2fclient-runtime-utils set size:undefined disposed:false
189 silly fetch manifest postcss-value-parser@^4.2.0
190 silly packumentCache full:https://registry.npmjs.org/postcss-value-parser cache-miss
191 http fetch GET 200 https://registry.npmjs.org/postcss-value-parser 325ms (cache miss)
192 silly packumentCache full:https://registry.npmjs.org/postcss-value-parser set size:undefined disposed:false
193 silly fetch manifest zod@^4.3.6
194 silly packumentCache full:https://registry.npmjs.org/zod cache-miss
195 http cache https://registry.npmjs.org/zod 158ms (cache hit)
196 silly packumentCache full:https://registry.npmjs.org/zod set size:3552562 disposed:false
197 silly fetch manifest defu@^6.1.4
198 silly packumentCache full:https://registry.npmjs.org/defu cache-miss
199 http fetch GET 200 https://registry.npmjs.org/picocolors 796ms (cache miss)
200 silly packumentCache full:https://registry.npmjs.org/picocolors set size:undefined disposed:false
201 silly fetch manifest jose@^6.1.3
202 silly packumentCache full:https://registry.npmjs.org/jose cache-miss
203 http fetch GET 200 https://registry.npmjs.org/undici-types 804ms (cache miss)
204 silly packumentCache full:https://registry.npmjs.org/undici-types set size:undefined disposed:false
205 silly fetch manifest kysely@^0.28.17 || ^0.29.0
206 silly packumentCache full:https://registry.npmjs.org/kysely cache-miss
207 http fetch GET 200 https://registry.npmjs.org/fraction.js 944ms (cache miss)
208 silly packumentCache full:https://registry.npmjs.org/fraction.js set size:undefined disposed:false
209 silly fetch manifest nanostores@^1.1.1
210 silly packumentCache full:https://registry.npmjs.org/nanostores cache-miss
211 http cache https://registry.npmjs.org/jose 158ms (cache hit)
212 silly packumentCache full:https://registry.npmjs.org/jose set size:1413195 disposed:false
213 silly fetch manifest better-call@1.3.7
214 silly packumentCache full:https://registry.npmjs.org/better-call cache-miss
215 http cache https://registry.npmjs.org/kysely 194ms (cache hit)
216 silly packumentCache full:https://registry.npmjs.org/kysely set size:701072 disposed:false
217 silly fetch manifest @noble/hashes@^2.0.1
218 silly packumentCache full:https://registry.npmjs.org/@noble%2fhashes cache-miss
219 http fetch GET 200 https://registry.npmjs.org/csstype 1167ms (cache miss)
220 silly packumentCache full:https://registry.npmjs.org/csstype set size:undefined disposed:false
221 silly fetch manifest @noble/ciphers@^2.1.1
222 silly packumentCache full:https://registry.npmjs.org/@noble%2fciphers cache-miss
223 http cache https://registry.npmjs.org/nanostores 378ms (cache hit)
224 silly packumentCache full:https://registry.npmjs.org/nanostores set size:128683 disposed:false
225 silly fetch manifest @better-auth/core@1.6.23
226 silly packumentCache full:https://registry.npmjs.org/@better-auth%2fcore cache-miss
227 http cache https://registry.npmjs.org/better-call 365ms (cache hit)
228 silly packumentCache full:https://registry.npmjs.org/better-call set size:485626 disposed:false
229 silly fetch manifest @better-auth/utils@0.4.2
230 silly packumentCache full:https://registry.npmjs.org/@better-auth%2futils cache-miss
231 http fetch GET 200 https://registry.npmjs.org/defu 605ms (cache miss)
232 silly packumentCache full:https://registry.npmjs.org/defu set size:undefined disposed:false
233 silly fetch manifest @better-fetch/fetch@1.3.1
234 silly packumentCache full:https://registry.npmjs.org/@better-fetch%2ffetch cache-miss
235 http fetch GET 200 https://registry.npmjs.org/browserslist 1399ms (cache miss)
236 silly packumentCache full:https://registry.npmjs.org/browserslist set size:undefined disposed:false
237 silly fetch manifest @better-auth/telemetry@1.6.23
238 silly packumentCache full:https://registry.npmjs.org/@better-auth%2ftelemetry cache-miss
239 http cache https://registry.npmjs.org/@better-auth%2fcore 232ms (cache hit)
240 silly packumentCache full:https://registry.npmjs.org/@better-auth%2fcore set size:685792 disposed:false
241 silly fetch manifest @better-auth/mongo-adapter@1.6.23
242 silly packumentCache full:https://registry.npmjs.org/@better-auth%2fmongo-adapter cache-miss
243 http cache https://registry.npmjs.org/@better-auth%2futils 234ms (cache hit)
244 silly packumentCache full:https://registry.npmjs.org/@better-auth%2futils set size:67029 disposed:false
245 silly fetch manifest @better-auth/kysely-adapter@1.6.23
246 silly packumentCache full:https://registry.npmjs.org/@better-auth%2fkysely-adapter cache-miss
247 http fetch GET 200 https://registry.npmjs.org/@noble%2fciphers 419ms (cache miss)
248 silly packumentCache full:https://registry.npmjs.org/@noble%2fciphers set size:undefined disposed:false
249 silly fetch manifest @better-auth/memory-adapter@1.6.23
250 silly packumentCache full:https://registry.npmjs.org/@better-auth%2fmemory-adapter cache-miss
251 http cache https://registry.npmjs.org/@better-fetch%2ffetch 207ms (cache hit)
252 silly packumentCache full:https://registry.npmjs.org/@better-fetch%2ffetch set size:153435 disposed:false
253 silly fetch manifest @better-auth/drizzle-adapter@1.6.23
254 silly packumentCache full:https://registry.npmjs.org/@better-auth%2fdrizzle-adapter cache-miss
255 http fetch GET 200 https://registry.npmjs.org/@noble%2fhashes 734ms (cache miss)
256 silly packumentCache full:https://registry.npmjs.org/@noble%2fhashes set size:undefined disposed:false
257 silly fetch manifest clsx@^2.1.1
258 silly packumentCache full:https://registry.npmjs.org/clsx cache-hit
259 silly fetch manifest @eslint-community/eslint-utils@^4.8.0
260 silly packumentCache full:https://registry.npmjs.org/@eslint-community%2feslint-utils cache-miss
261 http fetch GET 200 https://registry.npmjs.org/@better-auth%2ftelemetry 360ms (cache miss)
262 silly packumentCache full:https://registry.npmjs.org/@better-auth%2ftelemetry set size:undefined disposed:false
263 silly fetch manifest @eslint-community/regexpp@^4.12.2
264 silly packumentCache full:https://registry.npmjs.org/@eslint-community%2fregexpp cache-miss
265 http fetch GET 200 https://registry.npmjs.org/caniuse-lite 1725ms (cache miss)
266 silly packumentCache full:https://registry.npmjs.org/caniuse-lite set size:undefined disposed:false
267 silly fetch manifest @eslint/config-array@^0.23.5
268 silly packumentCache full:https://registry.npmjs.org/@eslint%2fconfig-array cache-miss
269 http fetch GET 200 https://registry.npmjs.org/@better-auth%2fmongo-adapter 254ms (cache miss)
270 silly packumentCache full:https://registry.npmjs.org/@better-auth%2fmongo-adapter set size:undefined disposed:false
271 silly fetch manifest @eslint/config-helpers@^0.6.0
272 silly packumentCache full:https://registry.npmjs.org/@eslint%2fconfig-helpers cache-miss
273 http fetch GET 200 https://registry.npmjs.org/@better-auth%2fdrizzle-adapter 507ms (cache miss)
274 silly packumentCache full:https://registry.npmjs.org/@better-auth%2fdrizzle-adapter set size:undefined disposed:false
275 silly fetch manifest @eslint/core@^1.2.1
276 silly packumentCache full:https://registry.npmjs.org/@eslint%2fcore cache-miss
277 http fetch GET 200 https://registry.npmjs.org/@better-auth%2fkysely-adapter 611ms (cache miss)
278 silly packumentCache full:https://registry.npmjs.org/@better-auth%2fkysely-adapter set size:undefined disposed:false
279 silly fetch manifest @eslint/plugin-kit@^0.7.2
280 silly packumentCache full:https://registry.npmjs.org/@eslint%2fplugin-kit cache-miss
281 http fetch GET 200 https://registry.npmjs.org/@better-auth%2fmemory-adapter 604ms (cache miss)
282 silly packumentCache full:https://registry.npmjs.org/@better-auth%2fmemory-adapter set size:undefined disposed:false
283 silly fetch manifest @humanfs/node@^0.16.6
284 silly packumentCache full:https://registry.npmjs.org/@humanfs%2fnode cache-miss
285 http fetch GET 200 https://registry.npmjs.org/@eslint%2fconfig-array 1071ms (cache miss)
286 silly packumentCache full:https://registry.npmjs.org/@eslint%2fconfig-array set size:undefined disposed:false
287 silly fetch manifest @humanwhocodes/module-importer@^1.0.1
288 silly packumentCache full:https://registry.npmjs.org/@humanwhocodes%2fmodule-importer cache-miss
289 http fetch GET 200 https://registry.npmjs.org/@eslint-community%2feslint-utils 1124ms (cache miss)
290 silly packumentCache full:https://registry.npmjs.org/@eslint-community%2feslint-utils set size:undefined disposed:false
291 silly fetch manifest @humanwhocodes/retry@^0.4.2
292 silly packumentCache full:https://registry.npmjs.org/@humanwhocodes%2fretry cache-miss
293 http fetch GET 200 https://registry.npmjs.org/@eslint%2fconfig-helpers 1070ms (cache miss)
294 silly packumentCache full:https://registry.npmjs.org/@eslint%2fconfig-helpers set size:undefined disposed:false
295 silly fetch manifest @types/estree@^1.0.6
296 silly packumentCache full:https://registry.npmjs.org/@types%2festree cache-miss
297 http fetch GET 200 https://registry.npmjs.org/@eslint-community%2fregexpp 1135ms (cache miss)
298 silly packumentCache full:https://registry.npmjs.org/@eslint-community%2fregexpp set size:undefined disposed:false
299 silly fetch manifest ajv@^6.14.0
300 silly packumentCache full:https://registry.npmjs.org/ajv cache-miss
301 http fetch GET 200 https://registry.npmjs.org/@eslint%2fplugin-kit 771ms (cache miss)
302 silly packumentCache full:https://registry.npmjs.org/@eslint%2fplugin-kit set size:undefined disposed:false
303 silly fetch manifest cross-spawn@^7.0.6
304 silly packumentCache full:https://registry.npmjs.org/cross-spawn cache-miss
305 http fetch GET 200 https://registry.npmjs.org/@eslint%2fcore 857ms (cache miss)
306 silly packumentCache full:https://registry.npmjs.org/@eslint%2fcore set size:undefined disposed:false
307 silly fetch manifest debug@^4.3.2
308 silly packumentCache full:https://registry.npmjs.org/debug cache-miss
309 http fetch GET 200 https://registry.npmjs.org/@humanfs%2fnode 780ms (cache miss)
310 silly packumentCache full:https://registry.npmjs.org/@humanfs%2fnode set size:undefined disposed:false
311 silly fetch manifest escape-string-regexp@^4.0.0
312 silly packumentCache full:https://registry.npmjs.org/escape-string-regexp cache-miss
313 http fetch GET 200 https://registry.npmjs.org/@types%2festree 597ms (cache miss)
314 silly packumentCache full:https://registry.npmjs.org/@types%2festree set size:undefined disposed:false
315 silly fetch manifest eslint-scope@^9.1.2
316 silly packumentCache full:https://registry.npmjs.org/eslint-scope cache-miss
317 http fetch GET 200 https://registry.npmjs.org/@humanwhocodes%2fretry 788ms (cache miss)
318 silly packumentCache full:https://registry.npmjs.org/@humanwhocodes%2fretry set size:undefined disposed:false
319 silly fetch manifest eslint-visitor-keys@^5.0.1
320 silly packumentCache full:https://registry.npmjs.org/eslint-visitor-keys cache-miss
321 http fetch GET 200 https://registry.npmjs.org/@humanwhocodes%2fmodule-importer 803ms (cache miss)
322 silly packumentCache full:https://registry.npmjs.org/@humanwhocodes%2fmodule-importer set size:undefined disposed:false
323 silly fetch manifest espree@^11.2.0
324 silly packumentCache full:https://registry.npmjs.org/espree cache-miss
325 http fetch GET 200 https://registry.npmjs.org/escape-string-regexp 716ms (cache miss)
326 silly packumentCache full:https://registry.npmjs.org/escape-string-regexp set size:undefined disposed:false
327 silly fetch manifest esquery@^1.7.0
328 silly packumentCache full:https://registry.npmjs.org/esquery cache-miss
329 http fetch GET 200 https://registry.npmjs.org/cross-spawn 731ms (cache miss)
330 silly packumentCache full:https://registry.npmjs.org/cross-spawn set size:undefined disposed:false
331 silly fetch manifest esutils@^2.0.2
332 silly packumentCache full:https://registry.npmjs.org/esutils cache-miss
333 http fetch GET 200 https://registry.npmjs.org/debug 802ms (cache miss)
334 silly packumentCache full:https://registry.npmjs.org/debug set size:undefined disposed:false
335 silly fetch manifest fast-deep-equal@^3.1.3
336 silly packumentCache full:https://registry.npmjs.org/fast-deep-equal cache-miss
337 http fetch GET 200 https://registry.npmjs.org/ajv 978ms (cache miss)
338 silly packumentCache full:https://registry.npmjs.org/ajv set size:undefined disposed:false
339 silly fetch manifest file-entry-cache@^8.0.0
340 silly packumentCache full:https://registry.npmjs.org/file-entry-cache cache-miss
341 http fetch GET 200 https://registry.npmjs.org/eslint-scope 1084ms (cache miss)
342 silly packumentCache full:https://registry.npmjs.org/eslint-scope set size:undefined disposed:false
343 silly fetch manifest find-up@^5.0.0
344 silly packumentCache full:https://registry.npmjs.org/find-up cache-miss
345 http fetch GET 200 https://registry.npmjs.org/esutils 889ms (cache miss)
346 silly packumentCache full:https://registry.npmjs.org/esutils set size:undefined disposed:false
347 silly fetch manifest glob-parent@^6.0.2
348 silly packumentCache full:https://registry.npmjs.org/glob-parent cache-miss
349 http fetch GET 200 https://registry.npmjs.org/eslint-visitor-keys 930ms (cache miss)
350 silly packumentCache full:https://registry.npmjs.org/eslint-visitor-keys set size:undefined disposed:false
351 silly fetch manifest ignore@^5.2.0
352 silly packumentCache full:https://registry.npmjs.org/ignore cache-miss
353 http fetch GET 200 https://registry.npmjs.org/file-entry-cache 774ms (cache miss)
354 silly packumentCache full:https://registry.npmjs.org/file-entry-cache set size:undefined disposed:false
355 silly fetch manifest imurmurhash@^0.1.4
356 silly packumentCache full:https://registry.npmjs.org/imurmurhash cache-miss
357 http fetch GET 200 https://registry.npmjs.org/esquery 1089ms (cache miss)
358 silly packumentCache full:https://registry.npmjs.org/esquery set size:undefined disposed:false
359 silly fetch manifest is-glob@^4.0.0
360 silly packumentCache full:https://registry.npmjs.org/is-glob cache-miss
361 http fetch GET 200 https://registry.npmjs.org/espree 1121ms (cache miss)
362 silly packumentCache full:https://registry.npmjs.org/espree set size:undefined disposed:false
363 silly fetch manifest json-stable-stringify-without-jsonify@^1.0.1
364 silly packumentCache full:https://registry.npmjs.org/json-stable-stringify-without-jsonify cache-miss
365 http fetch GET 200 https://registry.npmjs.org/fast-deep-equal 1020ms (cache miss)
366 silly packumentCache full:https://registry.npmjs.org/fast-deep-equal set size:undefined disposed:false
367 silly fetch manifest minimatch@^10.2.4
368 silly packumentCache full:https://registry.npmjs.org/minimatch cache-miss
369 http fetch GET 200 https://registry.npmjs.org/find-up 260ms (cache miss)
370 silly packumentCache full:https://registry.npmjs.org/find-up set size:undefined disposed:false
371 silly fetch manifest natural-compare@^1.4.0
372 silly packumentCache full:https://registry.npmjs.org/natural-compare cache-miss
373 http fetch GET 200 https://registry.npmjs.org/glob-parent 384ms (cache miss)
374 silly packumentCache full:https://registry.npmjs.org/glob-parent set size:undefined disposed:false
375 silly fetch manifest optionator@^0.9.3
376 silly packumentCache full:https://registry.npmjs.org/optionator cache-miss
377 http fetch GET 200 https://registry.npmjs.org/ignore 392ms (cache miss)
378 silly packumentCache full:https://registry.npmjs.org/ignore set size:undefined disposed:false
379 silly fetch manifest globals@16.4.0
380 silly packumentCache full:https://registry.npmjs.org/globals cache-miss
381 http fetch GET 200 https://registry.npmjs.org/imurmurhash 340ms (cache miss)
382 silly packumentCache full:https://registry.npmjs.org/imurmurhash set size:undefined disposed:false
383 silly fetch manifest typescript-eslint@^8.46.0
384 silly packumentCache full:https://registry.npmjs.org/typescript-eslint cache-miss
385 http fetch GET 200 https://registry.npmjs.org/json-stable-stringify-without-jsonify 461ms (cache miss)
386 silly packumentCache full:https://registry.npmjs.org/json-stable-stringify-without-jsonify set size:undefined disposed:false
387 silly fetch manifest eslint-plugin-react@^7.37.0
388 silly packumentCache full:https://registry.npmjs.org/eslint-plugin-react cache-miss
389 http fetch GET 200 https://registry.npmjs.org/natural-compare 407ms (cache miss)
390 silly packumentCache full:https://registry.npmjs.org/natural-compare set size:undefined disposed:false
391 silly fetch manifest eslint-plugin-import@^2.32.0
392 silly packumentCache full:https://registry.npmjs.org/eslint-plugin-import cache-miss
393 http fetch GET 200 https://registry.npmjs.org/optionator 303ms (cache miss)
394 silly packumentCache full:https://registry.npmjs.org/optionator set size:undefined disposed:false
395 silly fetch manifest eslint-plugin-jsx-a11y@^6.10.0
396 silly packumentCache full:https://registry.npmjs.org/eslint-plugin-jsx-a11y cache-miss
397 http fetch GET 200 https://registry.npmjs.org/is-glob 798ms (cache miss)
398 silly packumentCache full:https://registry.npmjs.org/is-glob set size:undefined disposed:false
399 silly fetch manifest @next/eslint-plugin-next@16.2.10
400 silly packumentCache full:https://registry.npmjs.org/@next%2feslint-plugin-next cache-miss
401 http fetch GET 200 https://registry.npmjs.org/minimatch 790ms (cache miss)
402 silly packumentCache full:https://registry.npmjs.org/minimatch set size:undefined disposed:false
403 silly fetch manifest eslint-plugin-react-hooks@^7.0.0
404 silly packumentCache full:https://registry.npmjs.org/eslint-plugin-react-hooks cache-miss
405 http fetch GET 200 https://registry.npmjs.org/globals 599ms (cache miss)
406 silly packumentCache full:https://registry.npmjs.org/globals set size:undefined disposed:false
407 silly fetch manifest eslint-import-resolver-node@^0.3.6
408 silly packumentCache full:https://registry.npmjs.org/eslint-import-resolver-node cache-miss
409 http fetch GET 200 https://registry.npmjs.org/eslint-plugin-import 754ms (cache miss)
410 silly packumentCache full:https://registry.npmjs.org/eslint-plugin-import set size:undefined disposed:false
411 silly fetch manifest eslint-import-resolver-typescript@^3.5.2
412 silly packumentCache full:https://registry.npmjs.org/eslint-import-resolver-typescript cache-miss
413 http fetch GET 200 https://registry.npmjs.org/eslint-plugin-jsx-a11y 956ms (cache miss)
414 silly packumentCache full:https://registry.npmjs.org/eslint-plugin-jsx-a11y set size:undefined disposed:false
415 silly fetch manifest postcss@8.4.31
416 silly packumentCache full:https://registry.npmjs.org/postcss cache-hit
417 silly fetch manifest @next/env@16.2.10
418 silly packumentCache full:https://registry.npmjs.org/@next%2fenv cache-miss
419 http fetch GET 200 https://registry.npmjs.org/typescript-eslint 1223ms (cache miss)
420 silly packumentCache full:https://registry.npmjs.org/typescript-eslint set size:undefined disposed:false
421 silly fetch manifest styled-jsx@5.1.6
422 silly packumentCache full:https://registry.npmjs.org/styled-jsx cache-miss
423 http fetch GET 200 https://registry.npmjs.org/eslint-import-resolver-typescript 454ms (cache miss)
424 silly packumentCache full:https://registry.npmjs.org/eslint-import-resolver-typescript set size:undefined disposed:false
425 silly fetch manifest @swc/helpers@0.5.15
426 silly packumentCache full:https://registry.npmjs.org/@swc%2fhelpers cache-miss
427 http fetch GET 200 https://registry.npmjs.org/eslint-plugin-react 1454ms (cache miss)
428 silly packumentCache full:https://registry.npmjs.org/eslint-plugin-react set size:undefined disposed:false
429 silly fetch manifest caniuse-lite@^1.0.30001579
430 silly packumentCache full:https://registry.npmjs.org/caniuse-lite cache-miss
431 http fetch GET 200 https://registry.npmjs.org/eslint-import-resolver-node 1069ms (cache miss)
432 silly packumentCache full:https://registry.npmjs.org/eslint-import-resolver-node set size:undefined disposed:false
433 silly fetch manifest baseline-browser-mapping@^2.9.19
434 silly packumentCache full:https://registry.npmjs.org/baseline-browser-mapping cache-miss
435 http fetch GET 200 https://registry.npmjs.org/styled-jsx 449ms (cache miss)
436 silly packumentCache full:https://registry.npmjs.org/styled-jsx set size:undefined disposed:false
437 silly fetch manifest sharp@^0.34.5
438 silly packumentCache full:https://registry.npmjs.org/sharp cache-miss
439 http cache https://registry.npmjs.org/caniuse-lite 38ms (cache hit)
440 silly packumentCache full:https://registry.npmjs.org/caniuse-lite set size:2302908 disposed:false
441 silly fetch manifest @next/swc-darwin-x64@16.2.10
442 silly packumentCache full:https://registry.npmjs.org/@next%2fswc-darwin-x64 cache-miss
443 http fetch GET 200 https://registry.npmjs.org/eslint-plugin-react-hooks 2720ms (cache miss)
444 silly packumentCache full:https://registry.npmjs.org/eslint-plugin-react-hooks set size:undefined disposed:false
445 silly fetch manifest @next/swc-darwin-arm64@16.2.10
446 silly packumentCache full:https://registry.npmjs.org/@next%2fswc-darwin-arm64 cache-miss
447 http fetch GET 200 https://registry.npmjs.org/@swc%2fhelpers 1874ms (cache miss)
448 silly packumentCache full:https://registry.npmjs.org/@swc%2fhelpers set size:undefined disposed:false
449 silly fetch manifest @next/swc-linux-x64-gnu@16.2.10
450 silly packumentCache full:https://registry.npmjs.org/@next%2fswc-linux-x64-gnu cache-miss
451 http fetch GET 200 https://registry.npmjs.org/@next%2feslint-plugin-next 2784ms (cache miss)
452 silly packumentCache full:https://registry.npmjs.org/@next%2feslint-plugin-next set size:undefined disposed:false
453 silly fetch manifest @next/swc-linux-x64-musl@16.2.10
454 silly packumentCache full:https://registry.npmjs.org/@next%2fswc-linux-x64-musl cache-miss
455 http fetch GET 200 https://registry.npmjs.org/baseline-browser-mapping 1795ms (cache miss)
456 silly packumentCache full:https://registry.npmjs.org/baseline-browser-mapping set size:undefined disposed:false
457 silly fetch manifest @next/swc-win32-x64-msvc@16.2.10
458 silly packumentCache full:https://registry.npmjs.org/@next%2fswc-win32-x64-msvc cache-miss
459 http fetch GET 200 https://registry.npmjs.org/sharp 1802ms (cache miss)
460 silly packumentCache full:https://registry.npmjs.org/sharp set size:undefined disposed:false
461 silly fetch manifest @next/swc-linux-arm64-gnu@16.2.10
462 silly packumentCache full:https://registry.npmjs.org/@next%2fswc-linux-arm64-gnu cache-miss
463 http fetch GET 200 https://registry.npmjs.org/@next%2fswc-darwin-x64 1970ms (cache miss)
464 silly packumentCache full:https://registry.npmjs.org/@next%2fswc-darwin-x64 set size:undefined disposed:false
465 silly fetch manifest @next/swc-linux-arm64-musl@16.2.10
466 silly packumentCache full:https://registry.npmjs.org/@next%2fswc-linux-arm64-musl cache-miss
467 http fetch GET 200 https://registry.npmjs.org/@next%2fenv 2586ms (cache miss)
468 silly packumentCache full:https://registry.npmjs.org/@next%2fenv set size:undefined disposed:false
469 silly fetch manifest @next/swc-win32-arm64-msvc@16.2.10
470 silly packumentCache full:https://registry.npmjs.org/@next%2fswc-win32-arm64-msvc cache-miss
471 http fetch GET 200 https://registry.npmjs.org/@next%2fswc-darwin-arm64 795ms (cache miss)
472 silly packumentCache full:https://registry.npmjs.org/@next%2fswc-darwin-arm64 set size:undefined disposed:false
473 silly fetch manifest nanoid@^3.3.12
474 silly packumentCache full:https://registry.npmjs.org/nanoid cache-miss
475 http fetch GET 200 https://registry.npmjs.org/@next%2fswc-linux-x64-gnu 952ms (cache miss)
476 silly packumentCache full:https://registry.npmjs.org/@next%2fswc-linux-x64-gnu set size:undefined disposed:false
477 silly fetch manifest source-map-js@^1.2.1
478 silly packumentCache full:https://registry.npmjs.org/source-map-js cache-miss
479 http fetch GET 200 https://registry.npmjs.org/@next%2fswc-linux-arm64-gnu 961ms (cache miss)
480 silly packumentCache full:https://registry.npmjs.org/@next%2fswc-linux-arm64-gnu set size:undefined disposed:false
481 silly fetch manifest mysql2@3.15.3
482 silly packumentCache full:https://registry.npmjs.org/mysql2 cache-miss
483 http fetch GET 200 https://registry.npmjs.org/@next%2fswc-win32-x64-msvc 1037ms (cache miss)
484 silly packumentCache full:https://registry.npmjs.org/@next%2fswc-win32-x64-msvc set size:undefined disposed:false
485 silly fetch manifest postgres@3.4.7
486 silly packumentCache full:https://registry.npmjs.org/postgres cache-miss
487 http cache https://registry.npmjs.org/mysql2 328ms (cache hit)
488 silly packumentCache full:https://registry.npmjs.org/mysql2 set size:868302 disposed:false
489 silly fetch manifest @prisma/dev@0.24.3
490 silly packumentCache full:https://registry.npmjs.org/@prisma%2fdev cache-miss
491 http fetch GET 200 https://registry.npmjs.org/nanoid 700ms (cache miss)
492 silly packumentCache full:https://registry.npmjs.org/nanoid set size:undefined disposed:false
493 silly fetch manifest @prisma/config@7.8.0
494 silly packumentCache full:https://registry.npmjs.org/@prisma%2fconfig cache-miss
495 http cache https://registry.npmjs.org/postgres 314ms (cache hit)
496 silly packumentCache full:https://registry.npmjs.org/postgres set size:185872 disposed:false
497 silly fetch manifest @prisma/engines@7.8.0
498 silly packumentCache full:https://registry.npmjs.org/@prisma%2fengines cache-miss
499 http fetch GET 200 https://registry.npmjs.org/source-map-js 555ms (cache miss)
500 silly packumentCache full:https://registry.npmjs.org/source-map-js set size:undefined disposed:false
501 silly fetch manifest @prisma/studio-core@0.27.3
502 silly packumentCache full:https://registry.npmjs.org/@prisma%2fstudio-core cache-miss
503 http fetch GET 200 https://registry.npmjs.org/@next%2fswc-linux-arm64-musl 1994ms (cache miss)
504 silly packumentCache full:https://registry.npmjs.org/@next%2fswc-linux-arm64-musl set size:undefined disposed:false
505 silly fetch manifest scheduler@^0.27.0
506 silly packumentCache full:https://registry.npmjs.org/scheduler cache-miss
507 http fetch GET 200 https://registry.npmjs.org/@prisma%2fdev 915ms (cache miss)
508 silly packumentCache full:https://registry.npmjs.org/@prisma%2fdev set size:undefined disposed:false
509 silly fetch manifest copy-anything@^4
510 silly packumentCache full:https://registry.npmjs.org/copy-anything cache-miss
511 http fetch GET 200 https://registry.npmjs.org/@next%2fswc-linux-x64-musl 2417ms (cache miss)
512 silly packumentCache full:https://registry.npmjs.org/@next%2fswc-linux-x64-musl set size:undefined disposed:false
513 silly fetch manifest arg@^5.0.2
514 silly packumentCache full:https://registry.npmjs.org/arg cache-miss
515 http fetch GET 200 https://registry.npmjs.org/@next%2fswc-win32-arm64-msvc 2016ms (cache miss)
516 silly packumentCache full:https://registry.npmjs.org/@next%2fswc-win32-arm64-msvc set size:undefined disposed:false
517 silly fetch manifest dlv@^1.1.3
518 silly packumentCache full:https://registry.npmjs.org/dlv cache-miss
519 http fetch GET 200 https://registry.npmjs.org/copy-anything 772ms (cache miss)
520 silly packumentCache full:https://registry.npmjs.org/copy-anything set size:undefined disposed:false
521 silly fetch manifest jiti@^1.21.7
522 silly packumentCache full:https://registry.npmjs.org/jiti cache-miss
523 http cache https://registry.npmjs.org/jiti 115ms (cache hit)
524 silly packumentCache full:https://registry.npmjs.org/jiti set size:387989 disposed:false
525 silly fetch manifest is-glob@^4.0.3
526 silly packumentCache full:https://registry.npmjs.org/is-glob cache-miss
527 http cache https://registry.npmjs.org/is-glob 10ms (cache hit)
528 silly packumentCache full:https://registry.npmjs.org/is-glob set size:40530 disposed:false
529 silly fetch manifest resolve@^1.22.8
530 silly packumentCache full:https://registry.npmjs.org/resolve cache-miss
531 http fetch GET 200 https://registry.npmjs.org/dlv 880ms (cache miss)
532 silly packumentCache full:https://registry.npmjs.org/dlv set size:undefined disposed:false
533 silly fetch manifest sucrase@^3.35.0
534 silly packumentCache full:https://registry.npmjs.org/sucrase cache-miss
535 http fetch GET 200 https://registry.npmjs.org/arg 930ms (cache miss)
536 silly packumentCache full:https://registry.npmjs.org/arg set size:undefined disposed:false
537 silly fetch manifest chokidar@^3.6.0
538 silly packumentCache full:https://registry.npmjs.org/chokidar cache-miss
539 http fetch GET 200 https://registry.npmjs.org/@prisma%2fconfig 1906ms (cache miss)
540 silly packumentCache full:https://registry.npmjs.org/@prisma%2fconfig set size:undefined disposed:false
541 silly fetch manifest fast-glob@^3.3.2
542 silly packumentCache full:https://registry.npmjs.org/fast-glob cache-miss
543 http fetch GET 200 https://registry.npmjs.org/@prisma%2fstudio-core 2383ms (cache miss)
544 silly packumentCache full:https://registry.npmjs.org/@prisma%2fstudio-core set size:undefined disposed:false
545 silly fetch manifest lilconfig@^3.1.3
546 silly packumentCache full:https://registry.npmjs.org/lilconfig cache-miss
547 http fetch GET 200 https://registry.npmjs.org/scheduler 1556ms (cache miss)
548 silly packumentCache full:https://registry.npmjs.org/scheduler set size:undefined disposed:false
549 silly fetch manifest didyoumean@^1.2.2
550 silly packumentCache full:https://registry.npmjs.org/didyoumean cache-miss
551 http fetch GET 200 https://registry.npmjs.org/resolve 656ms (cache miss)
552 silly packumentCache full:https://registry.npmjs.org/resolve set size:undefined disposed:false
553 silly fetch manifest micromatch@^4.0.8
554 silly packumentCache full:https://registry.npmjs.org/micromatch cache-miss
555 http fetch GET 200 https://registry.npmjs.org/fast-glob 571ms (cache miss)
556 silly packumentCache full:https://registry.npmjs.org/fast-glob set size:undefined disposed:false
557 silly fetch manifest postcss-js@^4.0.1
558 silly packumentCache full:https://registry.npmjs.org/postcss-js cache-miss
559 http fetch GET 200 https://registry.npmjs.org/chokidar 666ms (cache miss)
560 silly packumentCache full:https://registry.npmjs.org/chokidar set size:undefined disposed:false
561 silly fetch manifest object-hash@^3.0.0
562 silly packumentCache full:https://registry.npmjs.org/object-hash cache-miss
563 http fetch GET 200 https://registry.npmjs.org/sucrase 976ms (cache miss)
564 silly packumentCache full:https://registry.npmjs.org/sucrase set size:undefined disposed:false
565 silly fetch manifest normalize-path@^3.0.0
566 silly packumentCache full:https://registry.npmjs.org/normalize-path cache-miss
567 http fetch GET 200 https://registry.npmjs.org/didyoumean 751ms (cache miss)
568 silly packumentCache full:https://registry.npmjs.org/didyoumean set size:undefined disposed:false
569 silly fetch manifest postcss-import@^15.1.0
570 silly packumentCache full:https://registry.npmjs.org/postcss-import cache-miss
571 http fetch GET 200 https://registry.npmjs.org/lilconfig 795ms (cache miss)
572 silly packumentCache full:https://registry.npmjs.org/lilconfig set size:undefined disposed:false
573 silly fetch manifest postcss-nested@^6.2.0
574 silly packumentCache full:https://registry.npmjs.org/postcss-nested cache-miss
575 http fetch GET 200 https://registry.npmjs.org/@prisma%2fengines 3245ms (cache miss)
576 silly packumentCache full:https://registry.npmjs.org/@prisma%2fengines set size:undefined disposed:false
577 silly fetch manifest @alloc/quick-lru@^5.2.0
578 silly packumentCache full:https://registry.npmjs.org/@alloc%2fquick-lru cache-miss
579 http fetch GET 200 https://registry.npmjs.org/postcss-js 1296ms (cache miss)
580 silly packumentCache full:https://registry.npmjs.org/postcss-js set size:undefined disposed:false
581 silly fetch manifest postcss-load-config@^4.0.2 || ^5.0 || ^6.0
582 silly packumentCache full:https://registry.npmjs.org/postcss-load-config cache-miss
583 http fetch GET 200 https://registry.npmjs.org/object-hash 1362ms (cache miss)
584 silly packumentCache full:https://registry.npmjs.org/object-hash set size:undefined disposed:false
585 silly fetch manifest postcss-selector-parser@^6.1.2
586 silly packumentCache full:https://registry.npmjs.org/postcss-selector-parser cache-miss
587 http fetch GET 200 https://registry.npmjs.org/normalize-path 1071ms (cache miss)
588 silly packumentCache full:https://registry.npmjs.org/normalize-path set size:undefined disposed:false
589 silly fetch manifest esbuild@~0.28.0
590 silly packumentCache full:https://registry.npmjs.org/esbuild cache-miss
591 http fetch GET 200 https://registry.npmjs.org/micromatch 1460ms (cache miss)
592 silly packumentCache full:https://registry.npmjs.org/micromatch set size:undefined disposed:false
593 silly fetch manifest fsevents@~2.3.3
594 silly packumentCache full:https://registry.npmjs.org/fsevents cache-miss
595 http fetch GET 200 https://registry.npmjs.org/postcss-nested 734ms (cache miss)
596 silly packumentCache full:https://registry.npmjs.org/postcss-nested set size:undefined disposed:false
597 silly fetch manifest @typescript/typescript-win32-x64@7.0.2
598 silly packumentCache full:https://registry.npmjs.org/@typescript%2ftypescript-win32-x64 cache-miss
599 http fetch GET 200 https://registry.npmjs.org/postcss-import 739ms (cache miss)
600 silly packumentCache full:https://registry.npmjs.org/postcss-import set size:undefined disposed:false
601 silly fetch manifest @typescript/typescript-win32-arm64@7.0.2
602 silly packumentCache full:https://registry.npmjs.org/@typescript%2ftypescript-win32-arm64 cache-miss
603 http fetch GET 200 https://registry.npmjs.org/@alloc%2fquick-lru 581ms (cache miss)
604 silly packumentCache full:https://registry.npmjs.org/@alloc%2fquick-lru set size:undefined disposed:false
605 silly fetch manifest @typescript/typescript-linux-x64@7.0.2
606 silly packumentCache full:https://registry.npmjs.org/@typescript%2ftypescript-linux-x64 cache-miss
607 http cache https://registry.npmjs.org/esbuild 40ms (cache hit)
608 silly packumentCache full:https://registry.npmjs.org/esbuild set size:1259608 disposed:false
609 silly fetch manifest @typescript/typescript-linux-arm@7.0.2
610 silly packumentCache full:https://registry.npmjs.org/@typescript%2ftypescript-linux-arm cache-miss
611 http fetch GET 200 https://registry.npmjs.org/postcss-load-config 254ms (cache miss)
612 silly packumentCache full:https://registry.npmjs.org/postcss-load-config set size:undefined disposed:false
613 silly fetch manifest @typescript/typescript-linux-arm64@7.0.2
614 silly packumentCache full:https://registry.npmjs.org/@typescript%2ftypescript-linux-arm64 cache-miss
615 http fetch GET 200 https://registry.npmjs.org/postcss-selector-parser 215ms (cache miss)
616 silly packumentCache full:https://registry.npmjs.org/postcss-selector-parser set size:undefined disposed:false
617 silly fetch manifest @typescript/typescript-darwin-x64@7.0.2
618 silly packumentCache full:https://registry.npmjs.org/@typescript%2ftypescript-darwin-x64 cache-miss
619 http fetch GET 200 https://registry.npmjs.org/@typescript%2ftypescript-linux-x64 738ms (cache miss)
620 silly packumentCache full:https://registry.npmjs.org/@typescript%2ftypescript-linux-x64 set size:undefined disposed:false
621 silly fetch manifest @typescript/typescript-darwin-arm64@7.0.2
622 silly packumentCache full:https://registry.npmjs.org/@typescript%2ftypescript-darwin-arm64 cache-miss
623 http fetch GET 200 https://registry.npmjs.org/@typescript%2ftypescript-linux-arm 949ms (cache miss)
624 silly packumentCache full:https://registry.npmjs.org/@typescript%2ftypescript-linux-arm set size:undefined disposed:false
625 silly fetch manifest @typescript/typescript-aix-ppc64@7.0.2
626 silly packumentCache full:https://registry.npmjs.org/@typescript%2ftypescript-aix-ppc64 cache-miss
627 http fetch GET 200 https://registry.npmjs.org/@typescript%2ftypescript-win32-arm64 1100ms (cache miss)
628 silly packumentCache full:https://registry.npmjs.org/@typescript%2ftypescript-win32-arm64 set size:undefined disposed:false
629 silly fetch manifest @typescript/typescript-freebsd-arm64@7.0.2
630 silly packumentCache full:https://registry.npmjs.org/@typescript%2ftypescript-freebsd-arm64 cache-miss
631 http fetch GET 200 https://registry.npmjs.org/@typescript%2ftypescript-linux-arm64 1053ms (cache miss)
632 silly packumentCache full:https://registry.npmjs.org/@typescript%2ftypescript-linux-arm64 set size:undefined disposed:false
633 silly fetch manifest @typescript/typescript-freebsd-x64@7.0.2
634 silly packumentCache full:https://registry.npmjs.org/@typescript%2ftypescript-freebsd-x64 cache-miss
635 http fetch GET 200 https://registry.npmjs.org/@typescript%2ftypescript-win32-x64 1136ms (cache miss)
636 silly packumentCache full:https://registry.npmjs.org/@typescript%2ftypescript-win32-x64 set size:undefined disposed:false
637 silly fetch manifest @typescript/typescript-linux-loong64@7.0.2
638 silly packumentCache full:https://registry.npmjs.org/@typescript%2ftypescript-linux-loong64 cache-miss
639 http fetch GET 200 https://registry.npmjs.org/@typescript%2ftypescript-darwin-x64 974ms (cache miss)
640 silly packumentCache full:https://registry.npmjs.org/@typescript%2ftypescript-darwin-x64 set size:undefined disposed:false
641 silly fetch manifest @typescript/typescript-linux-mips64el@7.0.2
642 silly packumentCache full:https://registry.npmjs.org/@typescript%2ftypescript-linux-mips64el cache-miss
643 http fetch GET 200 https://registry.npmjs.org/fsevents 1172ms (cache miss)
644 silly packumentCache full:https://registry.npmjs.org/fsevents set size:undefined disposed:false
645 silly fetch manifest @typescript/typescript-linux-ppc64@7.0.2
646 silly packumentCache full:https://registry.npmjs.org/@typescript%2ftypescript-linux-ppc64 cache-miss
647 http fetch GET 200 https://registry.npmjs.org/@typescript%2ftypescript-darwin-arm64 424ms (cache miss)
648 silly packumentCache full:https://registry.npmjs.org/@typescript%2ftypescript-darwin-arm64 set size:undefined disposed:false
649 silly fetch manifest @typescript/typescript-linux-riscv64@7.0.2
650 silly packumentCache full:https://registry.npmjs.org/@typescript%2ftypescript-linux-riscv64 cache-miss
651 http fetch GET 200 https://registry.npmjs.org/@typescript%2ftypescript-aix-ppc64 295ms (cache miss)
652 silly packumentCache full:https://registry.npmjs.org/@typescript%2ftypescript-aix-ppc64 set size:undefined disposed:false
653 silly fetch manifest @typescript/typescript-linux-s390x@7.0.2
654 silly packumentCache full:https://registry.npmjs.org/@typescript%2ftypescript-linux-s390x cache-miss
655 http fetch GET 200 https://registry.npmjs.org/@typescript%2ftypescript-freebsd-x64 142ms (cache miss)
656 silly packumentCache full:https://registry.npmjs.org/@typescript%2ftypescript-freebsd-x64 set size:undefined disposed:false
657 silly fetch manifest @typescript/typescript-netbsd-arm64@7.0.2
658 silly packumentCache full:https://registry.npmjs.org/@typescript%2ftypescript-netbsd-arm64 cache-miss
659 http fetch GET 200 https://registry.npmjs.org/@typescript%2ftypescript-freebsd-arm64 230ms (cache miss)
660 silly packumentCache full:https://registry.npmjs.org/@typescript%2ftypescript-freebsd-arm64 set size:undefined disposed:false
661 silly fetch manifest @typescript/typescript-netbsd-x64@7.0.2
662 silly packumentCache full:https://registry.npmjs.org/@typescript%2ftypescript-netbsd-x64 cache-miss
663 http fetch GET 200 https://registry.npmjs.org/@typescript%2ftypescript-linux-ppc64 184ms (cache miss)
664 silly packumentCache full:https://registry.npmjs.org/@typescript%2ftypescript-linux-ppc64 set size:undefined disposed:false
665 silly fetch manifest @typescript/typescript-openbsd-arm64@7.0.2
666 silly packumentCache full:https://registry.npmjs.org/@typescript%2ftypescript-openbsd-arm64 cache-miss
667 http fetch GET 200 https://registry.npmjs.org/@typescript%2ftypescript-linux-loong64 201ms (cache miss)
668 silly packumentCache full:https://registry.npmjs.org/@typescript%2ftypescript-linux-loong64 set size:undefined disposed:false
669 silly fetch manifest @typescript/typescript-openbsd-x64@7.0.2
670 silly packumentCache full:https://registry.npmjs.org/@typescript%2ftypescript-openbsd-x64 cache-miss
671 http fetch GET 200 https://registry.npmjs.org/@typescript%2ftypescript-linux-mips64el 535ms (cache miss)
672 silly packumentCache full:https://registry.npmjs.org/@typescript%2ftypescript-linux-mips64el set size:undefined disposed:false
673 silly fetch manifest @typescript/typescript-sunos-x64@7.0.2
674 silly packumentCache full:https://registry.npmjs.org/@typescript%2ftypescript-sunos-x64 cache-miss
675 http fetch GET 200 https://registry.npmjs.org/@typescript%2ftypescript-linux-riscv64 626ms (cache miss)
676 silly packumentCache full:https://registry.npmjs.org/@typescript%2ftypescript-linux-riscv64 set size:undefined disposed:false
677 http fetch GET 200 https://registry.npmjs.org/@typescript%2ftypescript-netbsd-arm64 1248ms (cache miss)
678 silly packumentCache full:https://registry.npmjs.org/@typescript%2ftypescript-netbsd-arm64 set size:undefined disposed:false
679 http fetch GET 200 https://registry.npmjs.org/@typescript%2ftypescript-openbsd-arm64 1192ms (cache miss)
680 silly packumentCache full:https://registry.npmjs.org/@typescript%2ftypescript-openbsd-arm64 set size:undefined disposed:false
681 http fetch GET 200 https://registry.npmjs.org/@typescript%2ftypescript-linux-s390x 1345ms (cache miss)
682 silly packumentCache full:https://registry.npmjs.org/@typescript%2ftypescript-linux-s390x set size:undefined disposed:false
683 http fetch GET 200 https://registry.npmjs.org/@typescript%2ftypescript-openbsd-x64 1281ms (cache miss)
684 silly packumentCache full:https://registry.npmjs.org/@typescript%2ftypescript-openbsd-x64 set size:undefined disposed:false
685 http fetch GET 200 https://registry.npmjs.org/@typescript%2ftypescript-netbsd-x64 1461ms (cache miss)
686 silly packumentCache full:https://registry.npmjs.org/@typescript%2ftypescript-netbsd-x64 set size:undefined disposed:false
687 http fetch GET 200 https://registry.npmjs.org/@typescript%2ftypescript-sunos-x64 1156ms (cache miss)
688 silly packumentCache full:https://registry.npmjs.org/@typescript%2ftypescript-sunos-x64 set size:undefined disposed:false
689 silly placeDep ROOT @prisma/client-runtime-utils@7.8.0 OK for: @prisma/client@7.8.0 want: 7.8.0
690 silly placeDep ROOT @tanstack/query-core@5.101.2 OK for: @tanstack/react-query@5.101.2 want: 5.101.2
691 silly placeDep ROOT undici-types@8.3.0 OK for: @types/node@26.1.1 want: ~8.3.0
692 silly placeDep ROOT csstype@3.2.3 OK for: @types/react@19.2.17 want: ^3.2.2
693 silly placeDep ROOT browserslist@4.28.5 OK for: autoprefixer@10.5.2 want: ^4.28.4
694 silly placeDep ROOT caniuse-lite@1.0.30001803 OK for: autoprefixer@10.5.2 want: ^1.0.30001799
695 silly placeDep ROOT fraction.js@5.3.4 OK for: autoprefixer@10.5.2 want: ^5.3.4
696 silly placeDep ROOT picocolors@1.1.1 OK for: autoprefixer@10.5.2 want: ^1.1.1
697 silly placeDep ROOT postcss-value-parser@4.2.0 OK for: autoprefixer@10.5.2 want: ^4.2.0
698 silly fetch manifest caniuse-lite@^1.0.30001800
699 silly packumentCache full:https://registry.npmjs.org/caniuse-lite cache-miss
700 silly fetch manifest node-releases@^2.0.50
701 silly packumentCache full:https://registry.npmjs.org/node-releases cache-miss
702 silly fetch manifest electron-to-chromium@^1.5.387
703 silly packumentCache full:https://registry.npmjs.org/electron-to-chromium cache-miss
704 silly fetch manifest update-browserslist-db@^1.2.3
705 silly packumentCache full:https://registry.npmjs.org/update-browserslist-db cache-miss
706 silly fetch manifest baseline-browser-mapping@^2.10.42
707 silly packumentCache full:https://registry.npmjs.org/baseline-browser-mapping cache-miss
708 http cache https://registry.npmjs.org/baseline-browser-mapping 13ms (cache hit)
709 silly packumentCache full:https://registry.npmjs.org/baseline-browser-mapping set size:529356 disposed:false
710 http cache https://registry.npmjs.org/caniuse-lite 25ms (cache hit)
711 silly packumentCache full:https://registry.npmjs.org/caniuse-lite set size:2302908 disposed:false
712 http fetch GET 200 https://registry.npmjs.org/update-browserslist-db 550ms (cache miss)
713 silly packumentCache full:https://registry.npmjs.org/update-browserslist-db set size:undefined disposed:false
714 http fetch GET 200 https://registry.npmjs.org/electron-to-chromium 587ms (cache miss)
715 silly packumentCache full:https://registry.npmjs.org/electron-to-chromium set size:undefined disposed:false
716 http fetch GET 200 https://registry.npmjs.org/node-releases 653ms (cache miss)
717 silly packumentCache full:https://registry.npmjs.org/node-releases set size:undefined disposed:false
718 silly placeDep ROOT @better-auth/core@1.6.23 OK for: better-auth@1.6.23 want: 1.6.23
719 silly placeDep ROOT @better-auth/drizzle-adapter@1.6.23 OK for: better-auth@1.6.23 want: 1.6.23
720 silly placeDep ROOT @better-auth/kysely-adapter@1.6.23 OK for: better-auth@1.6.23 want: 1.6.23
721 silly placeDep ROOT @better-auth/memory-adapter@1.6.23 OK for: better-auth@1.6.23 want: 1.6.23
722 silly placeDep ROOT @better-auth/mongo-adapter@1.6.23 OK for: better-auth@1.6.23 want: 1.6.23
723 silly placeDep ROOT @better-auth/telemetry@1.6.23 OK for: better-auth@1.6.23 want: 1.6.23
724 silly placeDep ROOT @better-auth/utils@0.4.2 OK for: better-auth@1.6.23 want: 0.4.2
725 silly placeDep ROOT @better-fetch/fetch@1.3.1 OK for: better-auth@1.6.23 want: 1.3.1
726 silly placeDep ROOT @noble/ciphers@2.2.0 OK for: better-auth@1.6.23 want: ^2.1.1
727 silly placeDep ROOT @noble/hashes@2.2.0 OK for: better-auth@1.6.23 want: ^2.0.1
728 silly placeDep ROOT better-call@1.3.7 OK for: better-auth@1.6.23 want: 1.3.7
729 silly placeDep ROOT defu@6.1.7 OK for: better-auth@1.6.23 want: ^6.1.4
730 silly placeDep ROOT jose@6.2.3 OK for: better-auth@1.6.23 want: ^6.1.3
731 silly placeDep ROOT kysely@0.29.3 OK for: better-auth@1.6.23 want: ^0.28.17 || ^0.29.0
732 silly placeDep ROOT nanostores@1.4.0 OK for: better-auth@1.6.23 want: ^1.1.1
733 silly fetch manifest @standard-schema/spec@^1.1.0
734 silly packumentCache full:https://registry.npmjs.org/@standard-schema%2fspec cache-miss
735 silly fetch manifest @opentelemetry/semantic-conventions@^1.39.0
736 silly packumentCache full:https://registry.npmjs.org/@opentelemetry%2fsemantic-conventions cache-miss
737 silly fetch manifest rou3@^0.7.12
738 silly packumentCache full:https://registry.npmjs.org/rou3 cache-miss
739 silly fetch manifest set-cookie-parser@^3.0.1
740 silly packumentCache full:https://registry.npmjs.org/set-cookie-parser cache-miss
741 http fetch GET 200 https://registry.npmjs.org/set-cookie-parser 131ms (cache miss)
742 silly packumentCache full:https://registry.npmjs.org/set-cookie-parser set size:undefined disposed:false
743 http fetch GET 200 https://registry.npmjs.org/rou3 145ms (cache miss)
744 silly packumentCache full:https://registry.npmjs.org/rou3 set size:undefined disposed:false
745 http fetch GET 200 https://registry.npmjs.org/@standard-schema%2fspec 151ms (cache miss)
746 silly packumentCache full:https://registry.npmjs.org/@standard-schema%2fspec set size:undefined disposed:false
747 http fetch GET 200 https://registry.npmjs.org/@opentelemetry%2fsemantic-conventions 165ms (cache miss)
748 silly packumentCache full:https://registry.npmjs.org/@opentelemetry%2fsemantic-conventions set size:undefined disposed:false
749 silly placeDep ROOT @opentelemetry/semantic-conventions@1.42.0 OK for: @better-auth/core@1.6.23 want: ^1.39.0
750 silly placeDep ROOT @standard-schema/spec@1.1.0 OK for: @better-auth/core@1.6.23 want: ^1.1.0
751 silly placeDep ROOT rou3@0.7.12 OK for: better-call@1.3.7 want: ^0.7.12
752 silly placeDep ROOT set-cookie-parser@3.1.1 OK for: better-call@1.3.7 want: ^3.0.1
753 silly placeDep ROOT baseline-browser-mapping@2.10.42 OK for: browserslist@4.28.5 want: ^2.10.42
754 silly placeDep ROOT electron-to-chromium@1.5.389 OK for: browserslist@4.28.5 want: ^1.5.387
755 silly placeDep ROOT node-releases@2.0.50 OK for: browserslist@4.28.5 want: ^2.0.50
756 silly placeDep ROOT update-browserslist-db@1.2.3 OK for: browserslist@4.28.5 want: ^1.2.3
757 silly fetch manifest escalade@^3.2.0
758 silly packumentCache full:https://registry.npmjs.org/escalade cache-miss
759 http fetch GET 200 https://registry.npmjs.org/escalade 143ms (cache miss)
760 silly packumentCache full:https://registry.npmjs.org/escalade set size:undefined disposed:false
761 silly placeDep ROOT @eslint-community/eslint-utils@4.9.1 OK for: eslint@10.6.0 want: ^4.8.0
762 silly placeDep ROOT @eslint-community/regexpp@4.12.2 OK for: eslint@10.6.0 want: ^4.12.2
763 silly placeDep ROOT @eslint/config-array@0.23.5 OK for: eslint@10.6.0 want: ^0.23.5
764 silly placeDep ROOT @eslint/config-helpers@0.6.0 OK for: eslint@10.6.0 want: ^0.6.0
765 silly placeDep ROOT @eslint/core@1.2.1 OK for: eslint@10.6.0 want: ^1.2.1
766 silly placeDep ROOT @eslint/plugin-kit@0.7.2 OK for: eslint@10.6.0 want: ^0.7.2
767 silly placeDep ROOT @humanfs/node@0.16.8 OK for: eslint@10.6.0 want: ^0.16.6
768 silly placeDep ROOT @humanwhocodes/module-importer@1.0.1 OK for: eslint@10.6.0 want: ^1.0.1
769 silly placeDep ROOT @humanwhocodes/retry@0.4.3 OK for: eslint@10.6.0 want: ^0.4.2
770 silly placeDep ROOT @types/estree@1.0.9 OK for: eslint@10.6.0 want: ^1.0.6
771 silly placeDep ROOT ajv@6.15.0 OK for: eslint@10.6.0 want: ^6.14.0
772 silly placeDep ROOT cross-spawn@7.0.6 OK for: eslint@10.6.0 want: ^7.0.6
773 silly placeDep ROOT debug@4.4.3 OK for: eslint@10.6.0 want: ^4.3.2
774 silly placeDep ROOT escape-string-regexp@4.0.0 OK for: eslint@10.6.0 want: ^4.0.0
775 silly placeDep ROOT eslint-scope@9.1.2 OK for: eslint@10.6.0 want: ^9.1.2
776 silly placeDep ROOT eslint-visitor-keys@5.0.1 OK for: eslint@10.6.0 want: ^5.0.1
777 silly placeDep ROOT espree@11.2.0 OK for: eslint@10.6.0 want: ^11.2.0
778 silly placeDep ROOT esquery@1.7.0 OK for: eslint@10.6.0 want: ^1.7.0
779 silly placeDep ROOT esutils@2.0.3 OK for: eslint@10.6.0 want: ^2.0.2
780 silly placeDep ROOT fast-deep-equal@3.1.3 OK for: eslint@10.6.0 want: ^3.1.3
781 silly placeDep ROOT file-entry-cache@8.0.0 OK for: eslint@10.6.0 want: ^8.0.0
782 silly placeDep ROOT find-up@5.0.0 OK for: eslint@10.6.0 want: ^5.0.0
783 silly placeDep ROOT glob-parent@6.0.2 OK for: eslint@10.6.0 want: ^6.0.2
784 silly placeDep ROOT ignore@5.3.2 OK for: eslint@10.6.0 want: ^5.2.0
785 silly placeDep ROOT imurmurhash@0.1.4 OK for: eslint@10.6.0 want: ^0.1.4
786 silly placeDep ROOT is-glob@4.0.3 OK for: eslint@10.6.0 want: ^4.0.0
787 silly placeDep ROOT json-stable-stringify-without-jsonify@1.0.1 OK for: eslint@10.6.0 want: ^1.0.1
788 silly placeDep ROOT minimatch@10.2.5 OK for: eslint@10.6.0 want: ^10.2.4
789 silly placeDep ROOT natural-compare@1.4.0 OK for: eslint@10.6.0 want: ^1.4.0
790 silly placeDep ROOT optionator@0.9.4 OK for: eslint@10.6.0 want: ^0.9.3
791 silly fetch manifest eslint-visitor-keys@^3.4.3
792 silly packumentCache full:https://registry.npmjs.org/eslint-visitor-keys cache-miss
793 silly fetch manifest @eslint/object-schema@^3.0.5
794 silly packumentCache full:https://registry.npmjs.org/@eslint%2fobject-schema cache-miss
795 silly fetch manifest debug@^4.3.1
796 silly packumentCache full:https://registry.npmjs.org/debug cache-miss
797 silly fetch manifest @types/json-schema@^7.0.15
798 silly packumentCache full:https://registry.npmjs.org/@types%2fjson-schema cache-miss
799 silly fetch manifest levn@^0.4.1
800 silly packumentCache full:https://registry.npmjs.org/levn cache-miss
801 silly fetch manifest @humanwhocodes/retry@^0.4.0
802 silly packumentCache full:https://registry.npmjs.org/@humanwhocodes%2fretry cache-miss
803 silly fetch manifest @humanfs/core@^0.19.2
804 silly packumentCache full:https://registry.npmjs.org/@humanfs%2fcore cache-miss
805 http cache https://registry.npmjs.org/eslint-visitor-keys 29ms (cache hit)
806 silly packumentCache full:https://registry.npmjs.org/eslint-visitor-keys set size:69949 disposed:false
807 silly fetch manifest @humanfs/types@^0.15.0
808 silly packumentCache full:https://registry.npmjs.org/@humanfs%2ftypes cache-miss
809 http cache https://registry.npmjs.org/@humanwhocodes%2fretry 25ms (cache hit)
810 silly packumentCache full:https://registry.npmjs.org/@humanwhocodes%2fretry set size:42348 disposed:false
811 silly fetch manifest uri-js@^4.2.2
812 silly packumentCache full:https://registry.npmjs.org/uri-js cache-miss
813 http cache https://registry.npmjs.org/debug 36ms (cache hit)
814 silly packumentCache full:https://registry.npmjs.org/debug set size:195840 disposed:false
815 silly fetch manifest fast-deep-equal@^3.1.1
816 silly packumentCache full:https://registry.npmjs.org/fast-deep-equal cache-miss
817 http cache https://registry.npmjs.org/fast-deep-equal 12ms (cache hit)
818 silly packumentCache full:https://registry.npmjs.org/fast-deep-equal set size:48634 disposed:false
819 silly fetch manifest json-schema-traverse@^0.4.1
820 silly packumentCache full:https://registry.npmjs.org/json-schema-traverse cache-miss
821 http fetch GET 200 https://registry.npmjs.org/levn 132ms (cache miss)
822 silly packumentCache full:https://registry.npmjs.org/levn set size:undefined disposed:false
823 silly fetch manifest fast-json-stable-stringify@^2.0.0
824 silly packumentCache full:https://registry.npmjs.org/fast-json-stable-stringify cache-miss
825 http fetch GET 200 https://registry.npmjs.org/@types%2fjson-schema 150ms (cache miss)
826 silly packumentCache full:https://registry.npmjs.org/@types%2fjson-schema set size:undefined disposed:false
827 silly fetch manifest which@^2.0.1
828 silly packumentCache full:https://registry.npmjs.org/which cache-miss
829 http fetch GET 200 https://registry.npmjs.org/@eslint%2fobject-schema 163ms (cache miss)
830 silly packumentCache full:https://registry.npmjs.org/@eslint%2fobject-schema set size:undefined disposed:false
831 silly fetch manifest path-key@^3.1.0
832 silly packumentCache full:https://registry.npmjs.org/path-key cache-miss
833 http fetch GET 200 https://registry.npmjs.org/@humanfs%2fcore 161ms (cache miss)
834 silly packumentCache full:https://registry.npmjs.org/@humanfs%2fcore set size:undefined disposed:false
835 silly fetch manifest shebang-command@^2.0.0
836 silly packumentCache full:https://registry.npmjs.org/shebang-command cache-miss
837 http fetch GET 200 https://registry.npmjs.org/@humanfs%2ftypes 148ms (cache miss)
838 silly packumentCache full:https://registry.npmjs.org/@humanfs%2ftypes set size:undefined disposed:false
839 silly fetch manifest ms@^2.1.3
840 silly packumentCache full:https://registry.npmjs.org/ms cache-miss
841 http fetch GET 200 https://registry.npmjs.org/uri-js 149ms (cache miss)
842 silly packumentCache full:https://registry.npmjs.org/uri-js set size:undefined disposed:false
843 silly fetch manifest @types/esrecurse@^4.3.1
844 silly packumentCache full:https://registry.npmjs.org/@types%2fesrecurse cache-miss
845 http fetch GET 200 https://registry.npmjs.org/json-schema-traverse 133ms (cache miss)
846 silly packumentCache full:https://registry.npmjs.org/json-schema-traverse set size:undefined disposed:false
847 silly fetch manifest esrecurse@^4.3.0
848 silly packumentCache full:https://registry.npmjs.org/esrecurse cache-miss
849 http fetch GET 200 https://registry.npmjs.org/fast-json-stable-stringify 132ms (cache miss)
850 silly packumentCache full:https://registry.npmjs.org/fast-json-stable-stringify set size:undefined disposed:false
851 silly fetch manifest estraverse@^5.2.0
852 silly packumentCache full:https://registry.npmjs.org/estraverse cache-miss
853 http fetch GET 200 https://registry.npmjs.org/which 126ms (cache miss)
854 silly packumentCache full:https://registry.npmjs.org/which set size:undefined disposed:false
855 silly fetch manifest acorn@^8.16.0
856 silly packumentCache full:https://registry.npmjs.org/acorn cache-miss
857 http fetch GET 200 https://registry.npmjs.org/path-key 128ms (cache miss)
858 silly packumentCache full:https://registry.npmjs.org/path-key set size:undefined disposed:false
859 silly fetch manifest acorn-jsx@^5.3.2
860 silly packumentCache full:https://registry.npmjs.org/acorn-jsx cache-miss
861 http fetch GET 200 https://registry.npmjs.org/shebang-command 135ms (cache miss)
862 silly packumentCache full:https://registry.npmjs.org/shebang-command set size:undefined disposed:false
863 silly fetch manifest estraverse@^5.1.0
864 silly packumentCache full:https://registry.npmjs.org/estraverse cache-miss
865 http fetch GET 200 https://registry.npmjs.org/esrecurse 127ms (cache miss)
866 silly packumentCache full:https://registry.npmjs.org/esrecurse set size:undefined disposed:false
867 silly fetch manifest flat-cache@^4.0.0
868 silly packumentCache full:https://registry.npmjs.org/flat-cache cache-miss
869 http fetch GET 200 https://registry.npmjs.org/ms 146ms (cache miss)
870 silly packumentCache full:https://registry.npmjs.org/ms set size:undefined disposed:false
871 silly fetch manifest locate-path@^6.0.0
872 silly packumentCache full:https://registry.npmjs.org/locate-path cache-miss
873 http fetch GET 200 https://registry.npmjs.org/estraverse 132ms (cache miss)
874 silly packumentCache full:https://registry.npmjs.org/estraverse set size:undefined disposed:false
875 silly fetch manifest path-exists@^4.0.0
876 silly packumentCache full:https://registry.npmjs.org/path-exists cache-miss
877 http fetch GET 200 https://registry.npmjs.org/acorn 143ms (cache miss)
878 silly packumentCache full:https://registry.npmjs.org/acorn set size:undefined disposed:false
879 silly fetch manifest is-extglob@^2.1.1
880 silly packumentCache full:https://registry.npmjs.org/is-extglob cache-miss
881 http fetch GET 200 https://registry.npmjs.org/acorn-jsx 144ms (cache miss)
882 silly packumentCache full:https://registry.npmjs.org/acorn-jsx set size:undefined disposed:false
883 silly fetch manifest brace-expansion@^5.0.5
884 silly packumentCache full:https://registry.npmjs.org/brace-expansion cache-miss
885 http fetch GET 200 https://registry.npmjs.org/estraverse 235ms (cache miss)
886 silly packumentCache full:https://registry.npmjs.org/estraverse set size:undefined disposed:false
887 silly fetch manifest prelude-ls@^1.2.1
888 silly packumentCache full:https://registry.npmjs.org/prelude-ls cache-miss
889 http fetch GET 200 https://registry.npmjs.org/locate-path 218ms (cache miss)
890 silly packumentCache full:https://registry.npmjs.org/locate-path set size:undefined disposed:false
891 silly fetch manifest deep-is@^0.1.3
892 silly packumentCache full:https://registry.npmjs.org/deep-is cache-miss
893 http fetch GET 200 https://registry.npmjs.org/@types%2fesrecurse 365ms (cache miss)
894 silly packumentCache full:https://registry.npmjs.org/@types%2fesrecurse set size:undefined disposed:false
895 silly fetch manifest word-wrap@^1.2.5
896 silly packumentCache full:https://registry.npmjs.org/word-wrap cache-miss
897 http fetch GET 200 https://registry.npmjs.org/path-exists 150ms (cache miss)
898 silly packumentCache full:https://registry.npmjs.org/path-exists set size:undefined disposed:false
899 silly fetch manifest type-check@^0.4.0
900 silly packumentCache full:https://registry.npmjs.org/type-check cache-miss
901 http fetch GET 200 https://registry.npmjs.org/flat-cache 246ms (cache miss)
902 silly packumentCache full:https://registry.npmjs.org/flat-cache set size:undefined disposed:false
903 silly fetch manifest fast-levenshtein@^2.0.6
904 silly packumentCache full:https://registry.npmjs.org/fast-levenshtein cache-miss
905 http fetch GET 200 https://registry.npmjs.org/is-extglob 145ms (cache miss)
906 silly packumentCache full:https://registry.npmjs.org/is-extglob set size:undefined disposed:false
907 http fetch GET 200 https://registry.npmjs.org/brace-expansion 139ms (cache miss)
908 silly packumentCache full:https://registry.npmjs.org/brace-expansion set size:undefined disposed:false
909 http fetch GET 200 https://registry.npmjs.org/prelude-ls 248ms (cache miss)
910 silly packumentCache full:https://registry.npmjs.org/prelude-ls set size:undefined disposed:false
911 http fetch GET 200 https://registry.npmjs.org/deep-is 243ms (cache miss)
912 silly packumentCache full:https://registry.npmjs.org/deep-is set size:undefined disposed:false
913 http fetch GET 200 https://registry.npmjs.org/type-check 252ms (cache miss)
914 silly packumentCache full:https://registry.npmjs.org/type-check set size:undefined disposed:false
915 http fetch GET 200 https://registry.npmjs.org/word-wrap 262ms (cache miss)
916 silly packumentCache full:https://registry.npmjs.org/word-wrap set size:undefined disposed:false
917 http fetch GET 200 https://registry.npmjs.org/fast-levenshtein 245ms (cache miss)
918 silly packumentCache full:https://registry.npmjs.org/fast-levenshtein set size:undefined disposed:false
919 silly placeDep node_modules/@eslint-community/eslint-utils eslint-visitor-keys@3.4.3 OK for: @eslint-community/eslint-utils@4.9.1 want: ^3.4.3
920 silly placeDep ROOT @eslint/object-schema@3.0.5 OK for: @eslint/config-array@0.23.5 want: ^3.0.5
921 silly placeDep ROOT @types/json-schema@7.0.15 OK for: @eslint/core@1.2.1 want: ^7.0.15
922 silly placeDep ROOT levn@0.4.1 OK for: @eslint/plugin-kit@0.7.2 want: ^0.4.1
923 silly fetch manifest type-check@~0.4.0
924 silly packumentCache full:https://registry.npmjs.org/type-check cache-miss
925 http cache https://registry.npmjs.org/type-check 7ms (cache hit)
926 silly packumentCache full:https://registry.npmjs.org/type-check set size:21221 disposed:false
927 silly placeDep ROOT @humanfs/core@0.19.2 OK for: @humanfs/node@0.16.8 want: ^0.19.2
928 silly placeDep ROOT @humanfs/types@0.15.0 OK for: @humanfs/node@0.16.8 want: ^0.15.0
929 silly placeDep ROOT fast-json-stable-stringify@2.1.0 OK for: ajv@6.15.0 want: ^2.0.0
930 silly placeDep ROOT json-schema-traverse@0.4.1 OK for: ajv@6.15.0 want: ^0.4.1
931 silly placeDep ROOT uri-js@4.4.1 OK for: ajv@6.15.0 want: ^4.2.2
932 silly fetch manifest punycode@^2.1.0
933 silly packumentCache full:https://registry.npmjs.org/punycode cache-miss
934 http fetch GET 200 https://registry.npmjs.org/punycode 193ms (cache miss)
935 silly packumentCache full:https://registry.npmjs.org/punycode set size:undefined disposed:false
936 silly placeDep ROOT path-key@3.1.1 OK for: cross-spawn@7.0.6 want: ^3.1.0
937 silly placeDep ROOT shebang-command@2.0.0 OK for: cross-spawn@7.0.6 want: ^2.0.0
938 silly placeDep ROOT which@2.0.2 OK for: cross-spawn@7.0.6 want: ^2.0.1
939 silly fetch manifest shebang-regex@^3.0.0
940 silly packumentCache full:https://registry.npmjs.org/shebang-regex cache-miss
941 silly fetch manifest isexe@^2.0.0
942 silly packumentCache full:https://registry.npmjs.org/isexe cache-miss
943 http fetch GET 200 https://registry.npmjs.org/shebang-regex 123ms (cache miss)
944 silly packumentCache full:https://registry.npmjs.org/shebang-regex set size:undefined disposed:false
945 http fetch GET 200 https://registry.npmjs.org/isexe 129ms (cache miss)
946 silly packumentCache full:https://registry.npmjs.org/isexe set size:undefined disposed:false
947 silly placeDep ROOT ms@2.1.3 OK for: debug@4.4.3 want: ^2.1.3
948 silly placeDep ROOT @next/eslint-plugin-next@16.2.10 OK for: eslint-config-next@16.2.10 want: 16.2.10
949 silly placeDep ROOT eslint-import-resolver-node@0.3.10 OK for: eslint-config-next@16.2.10 want: ^0.3.6
950 silly placeDep ROOT eslint-import-resolver-typescript@3.10.1 OK for: eslint-config-next@16.2.10 want: ^3.5.2
951 silly placeDep ROOT eslint-plugin-import@2.32.0 OK for: eslint-config-next@16.2.10 want: ^2.32.0
952 silly placeDep ROOT eslint-plugin-jsx-a11y@6.10.2 OK for: eslint-config-next@16.2.10 want: ^6.10.0
953 silly placeDep ROOT eslint-plugin-react@7.37.5 OK for: eslint-config-next@16.2.10 want: ^7.37.0
954 silly placeDep ROOT eslint-plugin-react-hooks@7.1.1 OK for: eslint-config-next@16.2.10 want: ^7.0.0
955 silly placeDep ROOT globals@16.4.0 OK for: eslint-config-next@16.2.10 want: 16.4.0
956 silly placeDep ROOT typescript-eslint@8.63.0 OK for: eslint-config-next@16.2.10 want: ^8.46.0
957 silly fetch manifest fast-glob@3.3.1
958 silly packumentCache full:https://registry.npmjs.org/fast-glob cache-miss
959 silly fetch manifest debug@^3.2.7
960 silly packumentCache full:https://registry.npmjs.org/debug cache-hit
961 silly fetch manifest resolve@^2.0.0-next.6
962 silly packumentCache full:https://registry.npmjs.org/resolve cache-miss
963 silly fetch manifest is-core-module@^2.16.1
964 silly packumentCache full:https://registry.npmjs.org/is-core-module cache-miss
965 silly fetch manifest tinyglobby@^0.2.13
966 silly packumentCache full:https://registry.npmjs.org/tinyglobby cache-miss
967 silly fetch manifest stable-hash@^0.0.5
968 silly packumentCache full:https://registry.npmjs.org/stable-hash cache-miss
969 silly fetch manifest get-tsconfig@^4.10.0
970 silly packumentCache full:https://registry.npmjs.org/get-tsconfig cache-miss
971 silly fetch manifest is-bun-module@^2.0.0
972 silly packumentCache full:https://registry.npmjs.org/is-bun-module cache-miss
973 http cache https://registry.npmjs.org/fast-glob 14ms (cache hit)
974 silly packumentCache full:https://registry.npmjs.org/fast-glob set size:220556 disposed:false
975 silly fetch manifest unrs-resolver@^1.6.2
976 silly packumentCache full:https://registry.npmjs.org/unrs-resolver cache-miss
977 http cache https://registry.npmjs.org/resolve 16ms (cache hit)
978 silly packumentCache full:https://registry.npmjs.org/resolve set size:244568 disposed:false
979 silly fetch manifest @nolyfill/is-core-module@1.0.39
980 silly packumentCache full:https://registry.npmjs.org/@nolyfill%2fis-core-module cache-miss
981 http fetch GET 200 https://registry.npmjs.org/tinyglobby 138ms (cache miss)
982 silly packumentCache full:https://registry.npmjs.org/tinyglobby set size:undefined disposed:false
983 silly fetch manifest @rtsao/scc@^1.1.0
984 silly packumentCache full:https://registry.npmjs.org/@rtsao%2fscc cache-miss
985 http fetch GET 200 https://registry.npmjs.org/stable-hash 139ms (cache miss)
986 silly packumentCache full:https://registry.npmjs.org/stable-hash set size:undefined disposed:false
987 silly fetch manifest array-includes@^3.1.9
988 silly packumentCache full:https://registry.npmjs.org/array-includes cache-miss
989 http fetch GET 200 https://registry.npmjs.org/is-bun-module 141ms (cache miss)
990 silly packumentCache full:https://registry.npmjs.org/is-bun-module set size:undefined disposed:false
991 silly fetch manifest array.prototype.findlastindex@^1.2.6
992 silly packumentCache full:https://registry.npmjs.org/array.prototype.findlastindex cache-miss
993 http fetch GET 200 https://registry.npmjs.org/get-tsconfig 148ms (cache miss)
994 silly packumentCache full:https://registry.npmjs.org/get-tsconfig set size:undefined disposed:false
995 silly fetch manifest array.prototype.flat@^1.3.3
996 silly packumentCache full:https://registry.npmjs.org/array.prototype.flat cache-miss
997 http fetch GET 200 https://registry.npmjs.org/unrs-resolver 146ms (cache miss)
998 silly packumentCache full:https://registry.npmjs.org/unrs-resolver set size:undefined disposed:false
999 silly fetch manifest array.prototype.flatmap@^1.3.3
1000 silly packumentCache full:https://registry.npmjs.org/array.prototype.flatmap cache-miss
1001 http fetch GET 200 https://registry.npmjs.org/@nolyfill%2fis-core-module 152ms (cache miss)
1002 silly packumentCache full:https://registry.npmjs.org/@nolyfill%2fis-core-module set size:undefined disposed:false
1003 silly fetch manifest doctrine@^2.1.0
1004 silly packumentCache full:https://registry.npmjs.org/doctrine cache-miss
1005 http fetch GET 200 https://registry.npmjs.org/is-core-module 176ms (cache miss)
1006 silly packumentCache full:https://registry.npmjs.org/is-core-module set size:undefined disposed:false
1007 silly fetch manifest eslint-module-utils@^2.12.1
1008 silly packumentCache full:https://registry.npmjs.org/eslint-module-utils cache-miss
1009 http fetch GET 200 https://registry.npmjs.org/array-includes 128ms (cache miss)
1010 silly packumentCache full:https://registry.npmjs.org/array-includes set size:undefined disposed:false
1011 silly fetch manifest hasown@^2.0.2
1012 silly packumentCache full:https://registry.npmjs.org/hasown cache-miss
1013 http fetch GET 200 https://registry.npmjs.org/array.prototype.flat 126ms (cache miss)
1014 silly packumentCache full:https://registry.npmjs.org/array.prototype.flat set size:undefined disposed:false
1015 silly fetch manifest minimatch@^3.1.2
1016 silly packumentCache full:https://registry.npmjs.org/minimatch cache-miss
1017 http fetch GET 200 https://registry.npmjs.org/@rtsao%2fscc 148ms (cache miss)
1018 silly packumentCache full:https://registry.npmjs.org/@rtsao%2fscc set size:undefined disposed:false
1019 silly fetch manifest object.fromentries@^2.0.8
1020 silly packumentCache full:https://registry.npmjs.org/object.fromentries cache-miss
1021 http fetch GET 200 https://registry.npmjs.org/array.prototype.findlastindex 145ms (cache miss)
1022 silly packumentCache full:https://registry.npmjs.org/array.prototype.findlastindex set size:undefined disposed:false
1023 silly fetch manifest object.groupby@^1.0.3
1024 silly packumentCache full:https://registry.npmjs.org/object.groupby cache-miss
1025 http cache https://registry.npmjs.org/minimatch 15ms (cache hit)
1026 silly packumentCache full:https://registry.npmjs.org/minimatch set size:375282 disposed:false
1027 silly fetch manifest object.values@^1.2.1
1028 silly packumentCache full:https://registry.npmjs.org/object.values cache-miss
1029 http fetch GET 200 https://registry.npmjs.org/eslint-module-utils 154ms (cache miss)
1030 silly packumentCache full:https://registry.npmjs.org/eslint-module-utils set size:undefined disposed:false
1031 silly fetch manifest semver@^6.3.1
1032 silly packumentCache full:https://registry.npmjs.org/semver cache-miss
1033 http fetch GET 200 https://registry.npmjs.org/array.prototype.flatmap 174ms (cache miss)
1034 silly packumentCache full:https://registry.npmjs.org/array.prototype.flatmap set size:undefined disposed:false
1035 silly fetch manifest string.prototype.trimend@^1.0.9
1036 silly packumentCache full:https://registry.npmjs.org/string.prototype.trimend cache-miss
1037 http fetch GET 200 https://registry.npmjs.org/doctrine 170ms (cache miss)
1038 silly packumentCache full:https://registry.npmjs.org/doctrine set size:undefined disposed:false
1039 silly fetch manifest tsconfig-paths@^3.15.0
1040 silly packumentCache full:https://registry.npmjs.org/tsconfig-paths cache-miss
1041 http fetch GET 200 https://registry.npmjs.org/hasown 123ms (cache miss)
1042 silly packumentCache full:https://registry.npmjs.org/hasown set size:undefined disposed:false
1043 silly fetch manifest aria-query@^5.3.2
1044 silly packumentCache full:https://registry.npmjs.org/aria-query cache-miss
1045 http fetch GET 200 https://registry.npmjs.org/object.fromentries 134ms (cache miss)
1046 silly packumentCache full:https://registry.npmjs.org/object.fromentries set size:undefined disposed:false
1047 silly fetch manifest array-includes@^3.1.8
1048 silly packumentCache full:https://registry.npmjs.org/array-includes cache-miss
1049 http fetch GET 200 https://registry.npmjs.org/object.values 134ms (cache miss)
1050 silly packumentCache full:https://registry.npmjs.org/object.values set size:undefined disposed:false
1051 silly fetch manifest array.prototype.flatmap@^1.3.2
1052 silly packumentCache full:https://registry.npmjs.org/array.prototype.flatmap cache-miss
1053 http fetch GET 200 https://registry.npmjs.org/object.groupby 146ms (cache miss)
1054 silly packumentCache full:https://registry.npmjs.org/object.groupby set size:undefined disposed:false
1055 silly fetch manifest ast-types-flow@^0.0.8
1056 silly packumentCache full:https://registry.npmjs.org/ast-types-flow cache-miss
1057 http cache https://registry.npmjs.org/array-includes 16ms (cache hit)
1058 silly packumentCache full:https://registry.npmjs.org/array-includes set size:77143 disposed:false
1059 silly fetch manifest axe-core@^4.10.0
1060 silly packumentCache full:https://registry.npmjs.org/axe-core cache-miss
1061 http cache https://registry.npmjs.org/array.prototype.flatmap 15ms (cache hit)
1062 silly packumentCache full:https://registry.npmjs.org/array.prototype.flatmap set size:51458 disposed:false
1063 silly fetch manifest axobject-query@^4.1.0
1064 silly packumentCache full:https://registry.npmjs.org/axobject-query cache-miss
1065 http fetch GET 200 https://registry.npmjs.org/string.prototype.trimend 156ms (cache miss)
1066 silly packumentCache full:https://registry.npmjs.org/string.prototype.trimend set size:undefined disposed:false
1067 silly fetch manifest damerau-levenshtein@^1.0.8
1068 silly packumentCache full:https://registry.npmjs.org/damerau-levenshtein cache-miss
1069 http fetch GET 200 https://registry.npmjs.org/semver 176ms (cache miss)
1070 silly packumentCache full:https://registry.npmjs.org/semver set size:undefined disposed:false
1071 silly fetch manifest emoji-regex@^9.2.2
1072 silly packumentCache full:https://registry.npmjs.org/emoji-regex cache-miss
1073 http fetch GET 200 https://registry.npmjs.org/tsconfig-paths 373ms (cache miss)
1074 silly packumentCache full:https://registry.npmjs.org/tsconfig-paths set size:undefined disposed:false
1075 silly fetch manifest jsx-ast-utils@^3.3.5
1076 silly packumentCache full:https://registry.npmjs.org/jsx-ast-utils cache-miss
1077 http fetch GET 200 https://registry.npmjs.org/aria-query 1494ms (cache miss)
1078 silly packumentCache full:https://registry.npmjs.org/aria-query set size:undefined disposed:false
1079 silly fetch manifest language-tags@^1.0.9
1080 silly packumentCache full:https://registry.npmjs.org/language-tags cache-miss
1081 http fetch GET 200 https://registry.npmjs.org/damerau-levenshtein 1750ms (cache miss)
1082 silly packumentCache full:https://registry.npmjs.org/damerau-levenshtein set size:undefined disposed:false
1083 silly fetch manifest safe-regex-test@^1.0.3
1084 silly packumentCache full:https://registry.npmjs.org/safe-regex-test cache-miss
1085 http fetch GET 200 https://registry.npmjs.org/jsx-ast-utils 1713ms (cache miss)
1086 silly packumentCache full:https://registry.npmjs.org/jsx-ast-utils set size:undefined disposed:false
1087 silly fetch manifest string.prototype.includes@^2.0.1
1088 silly packumentCache full:https://registry.npmjs.org/string.prototype.includes cache-miss
1089 http fetch GET 200 https://registry.npmjs.org/axobject-query 1984ms (cache miss)
1090 silly packumentCache full:https://registry.npmjs.org/axobject-query set size:undefined disposed:false
1091 silly fetch manifest array.prototype.findlast@^1.2.5
1092 silly packumentCache full:https://registry.npmjs.org/array.prototype.findlast cache-miss
1093 http fetch GET 200 https://registry.npmjs.org/safe-regex-test 197ms (cache miss)
1094 silly packumentCache full:https://registry.npmjs.org/safe-regex-test set size:undefined disposed:false
1095 silly fetch manifest array.prototype.tosorted@^1.1.4
1096 silly packumentCache full:https://registry.npmjs.org/array.prototype.tosorted cache-miss
1097 http fetch GET 200 https://registry.npmjs.org/emoji-regex 2078ms (cache miss)
1098 silly packumentCache full:https://registry.npmjs.org/emoji-regex set size:undefined disposed:false
1099 silly fetch manifest es-iterator-helpers@^1.2.1
1100 silly packumentCache full:https://registry.npmjs.org/es-iterator-helpers cache-miss
1101 http fetch GET 200 https://registry.npmjs.org/ast-types-flow 2312ms (cache miss)
1102 silly packumentCache full:https://registry.npmjs.org/ast-types-flow set size:undefined disposed:false
1103 silly fetch manifest estraverse@^5.3.0
1104 silly packumentCache full:https://registry.npmjs.org/estraverse cache-miss
1105 http fetch GET 200 https://registry.npmjs.org/axe-core 2465ms (cache miss)
1106 silly packumentCache full:https://registry.npmjs.org/axe-core set size:undefined disposed:false
1107 silly fetch manifest jsx-ast-utils@^2.4.1 || ^3.0.0
1108 silly packumentCache full:https://registry.npmjs.org/jsx-ast-utils cache-miss
1109 http fetch GET 200 https://registry.npmjs.org/language-tags 1151ms (cache miss)
1110 silly packumentCache full:https://registry.npmjs.org/language-tags set size:undefined disposed:false
1111 silly fetch manifest object.entries@^1.1.9
1112 silly packumentCache full:https://registry.npmjs.org/object.entries cache-miss
1113 http fetch GET 200 https://registry.npmjs.org/array.prototype.findlast 746ms (cache miss)
1114 silly packumentCache full:https://registry.npmjs.org/array.prototype.findlast set size:undefined disposed:false
1115 silly fetch manifest prop-types@^15.8.1
1116 silly packumentCache full:https://registry.npmjs.org/prop-types cache-miss
1117 http fetch GET 200 https://registry.npmjs.org/string.prototype.includes 751ms (cache miss)
1118 silly packumentCache full:https://registry.npmjs.org/string.prototype.includes set size:undefined disposed:false
1119 silly fetch manifest resolve@^2.0.0-next.5
1120 silly packumentCache full:https://registry.npmjs.org/resolve cache-hit
1121 silly fetch manifest string.prototype.matchall@^4.0.12
1122 silly packumentCache full:https://registry.npmjs.org/string.prototype.matchall cache-miss
1123 http cache https://registry.npmjs.org/estraverse 440ms (cache hit)
1124 silly packumentCache full:https://registry.npmjs.org/estraverse set size:62412 disposed:false
1125 silly fetch manifest string.prototype.repeat@^1.0.0
1126 silly packumentCache full:https://registry.npmjs.org/string.prototype.repeat cache-miss
1127 http cache https://registry.npmjs.org/jsx-ast-utils 213ms (cache hit)
1128 silly packumentCache full:https://registry.npmjs.org/jsx-ast-utils set size:115998 disposed:false
1129 silly fetch manifest @babel/core@^7.24.4
1130 silly packumentCache full:https://registry.npmjs.org/@babel%2fcore cache-miss
1131 http fetch GET 200 https://registry.npmjs.org/array.prototype.tosorted 779ms (cache miss)
1132 silly packumentCache full:https://registry.npmjs.org/array.prototype.tosorted set size:undefined disposed:false
1133 silly fetch manifest @babel/parser@^7.24.4
1134 silly packumentCache full:https://registry.npmjs.org/@babel%2fparser cache-miss
1135 http fetch GET 200 https://registry.npmjs.org/es-iterator-helpers 1822ms (cache miss)
1136 silly packumentCache full:https://registry.npmjs.org/es-iterator-helpers set size:undefined disposed:false
1137 silly fetch manifest hermes-parser@^0.25.1
1138 silly packumentCache full:https://registry.npmjs.org/hermes-parser cache-miss
1139 http fetch GET 200 https://registry.npmjs.org/prop-types 1236ms (cache miss)
1140 silly packumentCache full:https://registry.npmjs.org/prop-types set size:undefined disposed:false
1141 silly fetch manifest zod-validation-error@^3.5.0 || ^4.0.0
1142 silly packumentCache full:https://registry.npmjs.org/zod-validation-error cache-miss
1143 http fetch GET 200 https://registry.npmjs.org/string.prototype.matchall 1236ms (cache miss)
1144 silly packumentCache full:https://registry.npmjs.org/string.prototype.matchall set size:undefined disposed:false
1145 silly fetch manifest @typescript-eslint/utils@8.63.0
1146 silly packumentCache full:https://registry.npmjs.org/@typescript-eslint%2futils cache-miss
1147 http fetch GET 200 https://registry.npmjs.org/object.entries 1498ms (cache miss)
1148 silly packumentCache full:https://registry.npmjs.org/object.entries set size:undefined disposed:false
1149 silly fetch manifest @typescript-eslint/parser@8.63.0
1150 silly packumentCache full:https://registry.npmjs.org/@typescript-eslint%2fparser cache-miss
1151 http fetch GET 200 https://registry.npmjs.org/string.prototype.repeat 1493ms (cache miss)
1152 silly packumentCache full:https://registry.npmjs.org/string.prototype.repeat set size:undefined disposed:false
1153 silly fetch manifest @typescript-eslint/eslint-plugin@8.63.0
1154 silly packumentCache full:https://registry.npmjs.org/@typescript-eslint%2feslint-plugin cache-miss
1155 http fetch GET 200 https://registry.npmjs.org/hermes-parser 699ms (cache miss)
1156 silly packumentCache full:https://registry.npmjs.org/hermes-parser set size:undefined disposed:false
1157 silly fetch manifest @typescript-eslint/typescript-estree@8.63.0
1158 silly packumentCache full:https://registry.npmjs.org/@typescript-eslint%2ftypescript-estree cache-miss
1159 http fetch GET 200 https://registry.npmjs.org/@babel%2fparser 2069ms (cache miss)
1160 silly packumentCache full:https://registry.npmjs.org/@babel%2fparser set size:undefined disposed:false
1161 http fetch GET 200 https://registry.npmjs.org/@babel%2fcore 2146ms (cache miss)
1162 silly packumentCache full:https://registry.npmjs.org/@babel%2fcore set size:undefined disposed:false
1163 http fetch GET 200 https://registry.npmjs.org/zod-validation-error 1005ms (cache miss)
1164 silly packumentCache full:https://registry.npmjs.org/zod-validation-error set size:undefined disposed:false
1165 http fetch GET 200 https://registry.npmjs.org/@typescript-eslint%2futils 1559ms (cache miss)
1166 silly packumentCache full:https://registry.npmjs.org/@typescript-eslint%2futils set size:undefined disposed:false
1167 http fetch GET 200 https://registry.npmjs.org/@typescript-eslint%2fparser 1542ms (cache miss)
1168 silly packumentCache full:https://registry.npmjs.org/@typescript-eslint%2fparser set size:undefined disposed:false
1169 http fetch GET 200 https://registry.npmjs.org/@typescript-eslint%2feslint-plugin 1520ms (cache miss)
1170 silly packumentCache full:https://registry.npmjs.org/@typescript-eslint%2feslint-plugin set size:undefined disposed:false
1171 http fetch GET 200 https://registry.npmjs.org/@typescript-eslint%2ftypescript-estree 1187ms (cache miss)
1172 silly packumentCache full:https://registry.npmjs.org/@typescript-eslint%2ftypescript-estree set size:undefined disposed:false
1173 silly placeDep ROOT fast-glob@3.3.1 OK for: @next/eslint-plugin-next@16.2.10 want: 3.3.1
1174 silly fetch manifest merge2@^1.3.0
1175 silly packumentCache full:https://registry.npmjs.org/merge2 cache-miss
1176 silly fetch manifest micromatch@^4.0.4
1177 silly packumentCache full:https://registry.npmjs.org/micromatch cache-miss
1178 silly fetch manifest glob-parent@^5.1.2
1179 silly packumentCache full:https://registry.npmjs.org/glob-parent cache-miss
1180 silly fetch manifest @nodelib/fs.stat@^2.0.2
1181 silly packumentCache full:https://registry.npmjs.org/@nodelib%2ffs.stat cache-miss
1182 silly fetch manifest @nodelib/fs.walk@^1.2.3
1183 silly packumentCache full:https://registry.npmjs.org/@nodelib%2ffs.walk cache-miss
1184 http cache https://registry.npmjs.org/glob-parent 177ms (cache hit)
1185 silly packumentCache full:https://registry.npmjs.org/glob-parent set size:42445 disposed:false
1186 http cache https://registry.npmjs.org/micromatch 181ms (cache hit)
1187 silly packumentCache full:https://registry.npmjs.org/micromatch set size:240630 disposed:false
1188 http fetch GET 200 https://registry.npmjs.org/@nodelib%2ffs.stat 184ms (cache miss)
1189 silly packumentCache full:https://registry.npmjs.org/@nodelib%2ffs.stat set size:undefined disposed:false
1190 http fetch GET 200 https://registry.npmjs.org/merge2 920ms (cache miss)
1191 silly packumentCache full:https://registry.npmjs.org/merge2 set size:undefined disposed:false
1192 http fetch GET 200 https://registry.npmjs.org/@nodelib%2ffs.walk 925ms (cache miss)
1193 silly packumentCache full:https://registry.npmjs.org/@nodelib%2ffs.walk set size:undefined disposed:false
1194 silly placeDep node_modules/eslint-import-resolver-node debug@3.2.7 OK for: eslint-import-resolver-node@0.3.10 want: ^3.2.7
1195 silly placeDep ROOT is-core-module@2.16.2 OK for: eslint-import-resolver-node@0.3.10 want: ^2.16.1
1196 silly placeDep ROOT resolve@2.0.0-next.7 OK for: eslint-import-resolver-node@0.3.10 want: ^2.0.0-next.6
1197 silly fetch manifest hasown@^2.0.3
1198 silly packumentCache full:https://registry.npmjs.org/hasown cache-miss
1199 silly fetch manifest es-errors@^1.3.0
1200 silly packumentCache full:https://registry.npmjs.org/es-errors cache-miss
1201 silly fetch manifest node-exports-info@^1.6.0
1202 silly packumentCache full:https://registry.npmjs.org/node-exports-info cache-miss
1203 silly fetch manifest object-keys@^1.1.1
1204 silly packumentCache full:https://registry.npmjs.org/object-keys cache-miss
1205 silly fetch manifest path-parse@^1.0.7
1206 silly packumentCache full:https://registry.npmjs.org/path-parse cache-miss
1207 silly fetch manifest supports-preserve-symlinks-flag@^1.0.0
1208 silly packumentCache full:https://registry.npmjs.org/supports-preserve-symlinks-flag cache-miss
1209 http cache https://registry.npmjs.org/hasown 13ms (cache hit)
1210 silly packumentCache full:https://registry.npmjs.org/hasown set size:18361 disposed:false
1211 http fetch GET 200 https://registry.npmjs.org/supports-preserve-symlinks-flag 627ms (cache miss)
1212 silly packumentCache full:https://registry.npmjs.org/supports-preserve-symlinks-flag set size:undefined disposed:false
1213 http fetch GET 200 https://registry.npmjs.org/es-errors 631ms (cache miss)
1214 silly packumentCache full:https://registry.npmjs.org/es-errors set size:undefined disposed:false
1215 http fetch GET 200 https://registry.npmjs.org/path-parse 630ms (cache miss)
1216 silly packumentCache full:https://registry.npmjs.org/path-parse set size:undefined disposed:false
1217 http fetch GET 200 https://registry.npmjs.org/node-exports-info 695ms (cache miss)
1218 silly packumentCache full:https://registry.npmjs.org/node-exports-info set size:undefined disposed:false
1219 http fetch GET 200 https://registry.npmjs.org/object-keys 697ms (cache miss)
1220 silly packumentCache full:https://registry.npmjs.org/object-keys set size:undefined disposed:false
1221 silly placeDep ROOT @nolyfill/is-core-module@1.0.39 OK for: eslint-import-resolver-typescript@3.10.1 want: 1.0.39
1222 silly placeDep ROOT get-tsconfig@4.14.0 OK for: eslint-import-resolver-typescript@3.10.1 want: ^4.10.0
1223 silly placeDep ROOT is-bun-module@2.0.0 OK for: eslint-import-resolver-typescript@3.10.1 want: ^2.0.0
1224 silly placeDep ROOT stable-hash@0.0.5 OK for: eslint-import-resolver-typescript@3.10.1 want: ^0.0.5
1225 silly placeDep ROOT tinyglobby@0.2.17 OK for: eslint-import-resolver-typescript@3.10.1 want: ^0.2.13
1226 silly placeDep ROOT unrs-resolver@1.12.2 OK for: eslint-import-resolver-typescript@3.10.1 want: ^1.6.2
1227 silly fetch manifest resolve-pkg-maps@^1.0.0
1228 silly packumentCache full:https://registry.npmjs.org/resolve-pkg-maps cache-miss
1229 silly fetch manifest semver@^7.7.1
1230 silly packumentCache full:https://registry.npmjs.org/semver cache-miss
1231 silly fetch manifest fdir@^6.5.0
1232 silly packumentCache full:https://registry.npmjs.org/fdir cache-miss
1233 silly fetch manifest picomatch@^4.0.4
1234 silly packumentCache full:https://registry.npmjs.org/picomatch cache-miss
1235 silly fetch manifest napi-postinstall@^0.3.4
1236 silly packumentCache full:https://registry.npmjs.org/napi-postinstall cache-miss
1237 silly fetch manifest @unrs/resolver-binding-darwin-arm64@1.12.2
1238 silly packumentCache full:https://registry.npmjs.org/@unrs%2fresolver-binding-darwin-arm64 cache-miss
1239 silly fetch manifest @unrs/resolver-binding-android-arm64@1.12.2
1240 silly packumentCache full:https://registry.npmjs.org/@unrs%2fresolver-binding-android-arm64 cache-miss
1241 http cache https://registry.npmjs.org/semver 54ms (cache hit)
1242 silly packumentCache full:https://registry.npmjs.org/semver set size:246069 disposed:false
1243 silly fetch manifest @unrs/resolver-binding-win32-arm64-msvc@1.12.2
1244 silly packumentCache full:https://registry.npmjs.org/@unrs%2fresolver-binding-win32-arm64-msvc cache-miss
1245 http fetch GET 200 https://registry.npmjs.org/picomatch 146ms (cache miss)
1246 silly packumentCache full:https://registry.npmjs.org/picomatch set size:undefined disposed:false
1247 silly fetch manifest @unrs/resolver-binding-linux-arm64-gnu@1.12.2
1248 silly packumentCache full:https://registry.npmjs.org/@unrs%2fresolver-binding-linux-arm64-gnu cache-miss
1249 http fetch GET 200 https://registry.npmjs.org/napi-postinstall 150ms (cache miss)
1250 silly packumentCache full:https://registry.npmjs.org/napi-postinstall set size:undefined disposed:false
1251 silly fetch manifest @unrs/resolver-binding-linux-arm64-musl@1.12.2
1252 silly packumentCache full:https://registry.npmjs.org/@unrs%2fresolver-binding-linux-arm64-musl cache-miss
1253 http fetch GET 200 https://registry.npmjs.org/resolve-pkg-maps 153ms (cache miss)
1254 silly packumentCache full:https://registry.npmjs.org/resolve-pkg-maps set size:undefined disposed:false
1255 silly fetch manifest @unrs/resolver-binding-openharmony-arm64@1.12.2
1256 silly packumentCache full:https://registry.npmjs.org/@unrs%2fresolver-binding-openharmony-arm64 cache-miss
1257 http fetch GET 200 https://registry.npmjs.org/fdir 155ms (cache miss)
1258 silly packumentCache full:https://registry.npmjs.org/fdir set size:undefined disposed:false
1259 silly fetch manifest @unrs/resolver-binding-android-arm-eabi@1.12.2
1260 silly packumentCache full:https://registry.npmjs.org/@unrs%2fresolver-binding-android-arm-eabi cache-miss
1261 http fetch GET 200 https://registry.npmjs.org/@unrs%2fresolver-binding-darwin-arm64 170ms (cache miss)
1262 silly packumentCache full:https://registry.npmjs.org/@unrs%2fresolver-binding-darwin-arm64 set size:undefined disposed:false
1263 silly fetch manifest @unrs/resolver-binding-linux-arm-gnueabihf@1.12.2
1264 silly packumentCache full:https://registry.npmjs.org/@unrs%2fresolver-binding-linux-arm-gnueabihf cache-miss
1265 http fetch GET 200 https://registry.npmjs.org/@unrs%2fresolver-binding-android-arm64 195ms (cache miss)
1266 silly packumentCache full:https://registry.npmjs.org/@unrs%2fresolver-binding-android-arm64 set size:undefined disposed:false
1267 silly fetch manifest @unrs/resolver-binding-linux-arm-musleabihf@1.12.2
1268 silly packumentCache full:https://registry.npmjs.org/@unrs%2fresolver-binding-linux-arm-musleabihf cache-miss
1269 http fetch GET 200 https://registry.npmjs.org/@unrs%2fresolver-binding-win32-arm64-msvc 155ms (cache miss)
1270 silly packumentCache full:https://registry.npmjs.org/@unrs%2fresolver-binding-win32-arm64-msvc set size:undefined disposed:false
1271 silly fetch manifest @unrs/resolver-binding-win32-ia32-msvc@1.12.2
1272 silly packumentCache full:https://registry.npmjs.org/@unrs%2fresolver-binding-win32-ia32-msvc cache-miss
1273 http fetch GET 200 https://registry.npmjs.org/@unrs%2fresolver-binding-linux-arm64-gnu 143ms (cache miss)
1274 silly packumentCache full:https://registry.npmjs.org/@unrs%2fresolver-binding-linux-arm64-gnu set size:undefined disposed:false
1275 silly fetch manifest @unrs/resolver-binding-linux-loong64-gnu@1.12.2
1276 silly packumentCache full:https://registry.npmjs.org/@unrs%2fresolver-binding-linux-loong64-gnu cache-miss
1277 http fetch GET 200 https://registry.npmjs.org/@unrs%2fresolver-binding-linux-arm64-musl 255ms (cache miss)
1278 silly packumentCache full:https://registry.npmjs.org/@unrs%2fresolver-binding-linux-arm64-musl set size:undefined disposed:false
1279 silly fetch manifest @unrs/resolver-binding-linux-loong64-musl@1.12.2
1280 silly packumentCache full:https://registry.npmjs.org/@unrs%2fresolver-binding-linux-loong64-musl cache-miss
1281 http fetch GET 200 https://registry.npmjs.org/@unrs%2fresolver-binding-android-arm-eabi 379ms (cache miss)
1282 silly packumentCache full:https://registry.npmjs.org/@unrs%2fresolver-binding-android-arm-eabi set size:undefined disposed:false
1283 silly fetch manifest @unrs/resolver-binding-linux-ppc64-gnu@1.12.2
1284 silly packumentCache full:https://registry.npmjs.org/@unrs%2fresolver-binding-linux-ppc64-gnu cache-miss
1285 http fetch GET 200 https://registry.npmjs.org/@unrs%2fresolver-binding-win32-ia32-msvc 326ms (cache miss)
1286 silly packumentCache full:https://registry.npmjs.org/@unrs%2fresolver-binding-win32-ia32-msvc set size:undefined disposed:false
1287 silly fetch manifest @unrs/resolver-binding-linux-riscv64-gnu@1.12.2
1288 silly packumentCache full:https://registry.npmjs.org/@unrs%2fresolver-binding-linux-riscv64-gnu cache-miss
1289 http fetch GET 200 https://registry.npmjs.org/@unrs%2fresolver-binding-openharmony-arm64 388ms (cache miss)
1290 silly packumentCache full:https://registry.npmjs.org/@unrs%2fresolver-binding-openharmony-arm64 set size:undefined disposed:false
1291 silly fetch manifest @unrs/resolver-binding-linux-riscv64-musl@1.12.2
1292 silly packumentCache full:https://registry.npmjs.org/@unrs%2fresolver-binding-linux-riscv64-musl cache-miss
1293 http fetch GET 200 https://registry.npmjs.org/@unrs%2fresolver-binding-linux-arm-musleabihf 349ms (cache miss)
1294 silly packumentCache full:https://registry.npmjs.org/@unrs%2fresolver-binding-linux-arm-musleabihf set size:undefined disposed:false
1295 silly fetch manifest @unrs/resolver-binding-linux-s390x-gnu@1.12.2
1296 silly packumentCache full:https://registry.npmjs.org/@unrs%2fresolver-binding-linux-s390x-gnu cache-miss
1297 http fetch GET 200 https://registry.npmjs.org/@unrs%2fresolver-binding-linux-arm-gnueabihf 408ms (cache miss)
1298 silly packumentCache full:https://registry.npmjs.org/@unrs%2fresolver-binding-linux-arm-gnueabihf set size:undefined disposed:false
1299 silly fetch manifest @unrs/resolver-binding-wasm32-wasi@1.12.2
1300 silly packumentCache full:https://registry.npmjs.org/@unrs%2fresolver-binding-wasm32-wasi cache-miss
1301 http fetch GET 200 https://registry.npmjs.org/@unrs%2fresolver-binding-linux-loong64-gnu 314ms (cache miss)
1302 silly packumentCache full:https://registry.npmjs.org/@unrs%2fresolver-binding-linux-loong64-gnu set size:undefined disposed:false
1303 silly fetch manifest @unrs/resolver-binding-darwin-x64@1.12.2
1304 silly packumentCache full:https://registry.npmjs.org/@unrs%2fresolver-binding-darwin-x64 cache-miss
1305 http fetch GET 200 https://registry.npmjs.org/@unrs%2fresolver-binding-linux-loong64-musl 315ms (cache miss)
1306 silly packumentCache full:https://registry.npmjs.org/@unrs%2fresolver-binding-linux-loong64-musl set size:undefined disposed:false
1307 silly fetch manifest @unrs/resolver-binding-win32-x64-msvc@1.12.2
1308 silly packumentCache full:https://registry.npmjs.org/@unrs%2fresolver-binding-win32-x64-msvc cache-miss
1309 http fetch GET 200 https://registry.npmjs.org/@unrs%2fresolver-binding-linux-riscv64-gnu 520ms (cache miss)
1310 silly packumentCache full:https://registry.npmjs.org/@unrs%2fresolver-binding-linux-riscv64-gnu set size:undefined disposed:false
1311 silly fetch manifest @unrs/resolver-binding-freebsd-x64@1.12.2
1312 silly packumentCache full:https://registry.npmjs.org/@unrs%2fresolver-binding-freebsd-x64 cache-miss
1313 http fetch GET 200 https://registry.npmjs.org/@unrs%2fresolver-binding-linux-ppc64-gnu 526ms (cache miss)
1314 silly packumentCache full:https://registry.npmjs.org/@unrs%2fresolver-binding-linux-ppc64-gnu set size:undefined disposed:false
1315 silly fetch manifest @unrs/resolver-binding-linux-x64-gnu@1.12.2
1316 silly packumentCache full:https://registry.npmjs.org/@unrs%2fresolver-binding-linux-x64-gnu cache-miss
1317 http fetch GET 200 https://registry.npmjs.org/@unrs%2fresolver-binding-wasm32-wasi 581ms (cache miss)
1318 silly packumentCache full:https://registry.npmjs.org/@unrs%2fresolver-binding-wasm32-wasi set size:undefined disposed:false
1319 silly fetch manifest @unrs/resolver-binding-linux-x64-musl@1.12.2
1320 silly packumentCache full:https://registry.npmjs.org/@unrs%2fresolver-binding-linux-x64-musl cache-miss
1321 http fetch GET 200 https://registry.npmjs.org/@unrs%2fresolver-binding-linux-s390x-gnu 620ms (cache miss)
1322 silly packumentCache full:https://registry.npmjs.org/@unrs%2fresolver-binding-linux-s390x-gnu set size:undefined disposed:false
1323 http fetch GET 200 https://registry.npmjs.org/@unrs%2fresolver-binding-darwin-x64 654ms (cache miss)
1324 silly packumentCache full:https://registry.npmjs.org/@unrs%2fresolver-binding-darwin-x64 set size:undefined disposed:false
1325 http fetch GET 200 https://registry.npmjs.org/@unrs%2fresolver-binding-linux-riscv64-musl 897ms (cache miss)
1326 silly packumentCache full:https://registry.npmjs.org/@unrs%2fresolver-binding-linux-riscv64-musl set size:undefined disposed:false
1327 http fetch GET 200 https://registry.npmjs.org/@unrs%2fresolver-binding-win32-x64-msvc 1050ms (cache miss)
1328 silly packumentCache full:https://registry.npmjs.org/@unrs%2fresolver-binding-win32-x64-msvc set size:undefined disposed:false
1329 http fetch GET 200 https://registry.npmjs.org/@unrs%2fresolver-binding-freebsd-x64 853ms (cache miss)
1330 silly packumentCache full:https://registry.npmjs.org/@unrs%2fresolver-binding-freebsd-x64 set size:undefined disposed:false
1331 http fetch GET 200 https://registry.npmjs.org/@unrs%2fresolver-binding-linux-x64-gnu 929ms (cache miss)
1332 silly packumentCache full:https://registry.npmjs.org/@unrs%2fresolver-binding-linux-x64-gnu set size:undefined disposed:false
1333 http fetch GET 200 https://registry.npmjs.org/@unrs%2fresolver-binding-linux-x64-musl 830ms (cache miss)
1334 silly packumentCache full:https://registry.npmjs.org/@unrs%2fresolver-binding-linux-x64-musl set size:undefined disposed:false
1335 silly placeDep ROOT @rtsao/scc@1.1.0 OK for: eslint-plugin-import@2.32.0 want: ^1.1.0
1336 silly placeDep ROOT array-includes@3.1.9 OK for: eslint-plugin-import@2.32.0 want: ^3.1.9
1337 silly placeDep ROOT array.prototype.findlastindex@1.2.6 OK for: eslint-plugin-import@2.32.0 want: ^1.2.6
1338 silly placeDep ROOT array.prototype.flat@1.3.3 OK for: eslint-plugin-import@2.32.0 want: ^1.3.3
1339 silly placeDep ROOT array.prototype.flatmap@1.3.3 OK for: eslint-plugin-import@2.32.0 want: ^1.3.3
1340 silly placeDep node_modules/eslint-plugin-import debug@3.2.7 OK for: eslint-plugin-import@2.32.0 want: ^3.2.7
1341 silly placeDep ROOT doctrine@2.1.0 OK for: eslint-plugin-import@2.32.0 want: ^2.1.0
1342 silly placeDep ROOT eslint-module-utils@2.14.0 OK for: eslint-plugin-import@2.32.0 want: ^2.12.1
1343 silly placeDep ROOT hasown@2.0.4 OK for: eslint-plugin-import@2.32.0 want: ^2.0.2
1344 silly placeDep node_modules/eslint-plugin-import minimatch@3.1.5 OK for: eslint-plugin-import@2.32.0 want: ^3.1.2
1345 silly placeDep ROOT object.fromentries@2.0.8 OK for: eslint-plugin-import@2.32.0 want: ^2.0.8
1346 silly placeDep ROOT object.groupby@1.0.3 OK for: eslint-plugin-import@2.32.0 want: ^1.0.3
1347 silly placeDep ROOT object.values@1.2.1 OK for: eslint-plugin-import@2.32.0 want: ^1.2.1
1348 silly placeDep ROOT semver@6.3.1 OK for: eslint-plugin-import@2.32.0 want: ^6.3.1
1349 silly placeDep ROOT string.prototype.trimend@1.0.10 OK for: eslint-plugin-import@2.32.0 want: ^1.0.9
1350 silly placeDep ROOT tsconfig-paths@3.15.0 OK for: eslint-plugin-import@2.32.0 want: ^3.15.0
1351 silly fetch manifest call-bind@^1.0.8
1352 silly packumentCache full:https://registry.npmjs.org/call-bind cache-miss
1353 silly fetch manifest call-bound@^1.0.4
1354 silly packumentCache full:https://registry.npmjs.org/call-bound cache-miss
1355 silly fetch manifest define-properties@^1.2.1
1356 silly packumentCache full:https://registry.npmjs.org/define-properties cache-miss
1357 silly fetch manifest es-abstract@^1.24.0
1358 silly packumentCache full:https://registry.npmjs.org/es-abstract cache-miss
1359 silly fetch manifest es-object-atoms@^1.1.1
1360 silly packumentCache full:https://registry.npmjs.org/es-object-atoms cache-miss
1361 silly fetch manifest get-intrinsic@^1.3.0
1362 silly packumentCache full:https://registry.npmjs.org/get-intrinsic cache-miss
1363 silly fetch manifest is-string@^1.1.1
1364 silly packumentCache full:https://registry.npmjs.org/is-string cache-miss
1365 http fetch GET 200 https://registry.npmjs.org/call-bound 422ms (cache miss)
1366 silly packumentCache full:https://registry.npmjs.org/call-bound set size:undefined disposed:false
1367 silly fetch manifest math-intrinsics@^1.1.0
1368 silly packumentCache full:https://registry.npmjs.org/math-intrinsics cache-miss
1369 http fetch GET 200 https://registry.npmjs.org/get-intrinsic 424ms (cache miss)
1370 silly packumentCache full:https://registry.npmjs.org/get-intrinsic set size:undefined disposed:false
1371 silly fetch manifest call-bind@^1.0.8
1372 silly packumentCache full:https://registry.npmjs.org/call-bind cache-miss
1373 http fetch GET 200 https://registry.npmjs.org/call-bind 428ms (cache miss)
1374 silly packumentCache full:https://registry.npmjs.org/call-bind set size:undefined disposed:false
1375 silly fetch manifest define-properties@^1.2.1
1376 silly packumentCache full:https://registry.npmjs.org/define-properties cache-miss
1377 http fetch GET 200 https://registry.npmjs.org/define-properties 548ms (cache miss)
1378 silly packumentCache full:https://registry.npmjs.org/define-properties set size:undefined disposed:false
1379 silly fetch manifest es-abstract@^1.23.9
1380 silly packumentCache full:https://registry.npmjs.org/es-abstract cache-miss
1381 http fetch GET 200 https://registry.npmjs.org/es-object-atoms 549ms (cache miss)
1382 silly packumentCache full:https://registry.npmjs.org/es-object-atoms set size:undefined disposed:false
1383 silly fetch manifest es-shim-unscopables@^1.1.0
1384 silly packumentCache full:https://registry.npmjs.org/es-shim-unscopables cache-miss
1385 http fetch GET 200 https://registry.npmjs.org/is-string 553ms (cache miss)
1386 silly packumentCache full:https://registry.npmjs.org/is-string set size:undefined disposed:false
1387 silly fetch manifest es-abstract@^1.23.5
1388 silly packumentCache full:https://registry.npmjs.org/es-abstract cache-miss
1389 http cache https://registry.npmjs.org/call-bind 204ms (cache hit)
1390 silly packumentCache full:https://registry.npmjs.org/call-bind set size:32985 disposed:false
1391 silly fetch manifest es-shim-unscopables@^1.0.2
1392 silly packumentCache full:https://registry.npmjs.org/es-shim-unscopables cache-miss
1393 http fetch GET 200 https://registry.npmjs.org/math-intrinsics 210ms (cache miss)
1394 silly packumentCache full:https://registry.npmjs.org/math-intrinsics set size:undefined disposed:false
1395 silly fetch manifest es-abstract@^1.23.5
1396 silly packumentCache full:https://registry.npmjs.org/es-abstract cache-miss
1397 http cache https://registry.npmjs.org/define-properties 209ms (cache hit)
1398 silly packumentCache full:https://registry.npmjs.org/define-properties set size:31491 disposed:false
1399 silly fetch manifest es-shim-unscopables@^1.0.2
1400 silly packumentCache full:https://registry.npmjs.org/es-shim-unscopables cache-miss
1401 http fetch GET 200 https://registry.npmjs.org/es-abstract 666ms (cache miss)
1402 silly packumentCache full:https://registry.npmjs.org/es-abstract set size:undefined disposed:false
1403 silly fetch manifest function-bind@^1.1.2
1404 silly packumentCache full:https://registry.npmjs.org/function-bind cache-miss
1405 http cache https://registry.npmjs.org/es-abstract 44ms (cache hit)
1406 silly packumentCache full:https://registry.npmjs.org/es-abstract set size:384124 disposed:false
1407 silly fetch manifest brace-expansion@^1.1.7
1408 silly packumentCache full:https://registry.npmjs.org/brace-expansion cache-miss
1409 http fetch GET 200 https://registry.npmjs.org/es-abstract 311ms (cache miss)
1410 silly packumentCache full:https://registry.npmjs.org/es-abstract set size:undefined disposed:false
1411 silly packumentCache full:https://registry.npmjs.org/es-abstract dispose
1412 silly fetch manifest call-bind@^1.0.7
1413 silly packumentCache full:https://registry.npmjs.org/call-bind cache-hit
1414 silly fetch manifest es-abstract@^1.23.2
1415 silly packumentCache full:https://registry.npmjs.org/es-abstract cache-miss
1416 http fetch GET 200 https://registry.npmjs.org/es-shim-unscopables 315ms (cache miss)
1417 silly packumentCache full:https://registry.npmjs.org/es-shim-unscopables set size:undefined disposed:false
1418 silly fetch manifest es-object-atoms@^1.0.0
1419 silly packumentCache full:https://registry.npmjs.org/es-object-atoms cache-miss
1420 http cache https://registry.npmjs.org/brace-expansion 187ms (cache hit)
1421 silly packumentCache full:https://registry.npmjs.org/brace-expansion set size:78539 disposed:false
1422 silly fetch manifest es-abstract@^1.23.2
1423 silly packumentCache full:https://registry.npmjs.org/es-abstract cache-miss
1424 http fetch GET 200 https://registry.npmjs.org/es-shim-unscopables 242ms (cache miss)
1425 silly packumentCache full:https://registry.npmjs.org/es-shim-unscopables set size:undefined disposed:false
1426 silly fetch manifest call-bound@^1.0.3
1427 silly packumentCache full:https://registry.npmjs.org/call-bound cache-miss
1428 http fetch GET 200 https://registry.npmjs.org/es-shim-unscopables 237ms (cache miss)
1429 silly packumentCache full:https://registry.npmjs.org/es-shim-unscopables set size:undefined disposed:false
1430 silly fetch manifest es-object-atoms@^1.0.0
1431 silly packumentCache full:https://registry.npmjs.org/es-object-atoms cache-miss
1432 http fetch GET 200 https://registry.npmjs.org/function-bind 323ms (cache miss)
1433 silly packumentCache full:https://registry.npmjs.org/function-bind set size:undefined disposed:false
1434 silly fetch manifest call-bind@^1.0.9
1435 silly packumentCache full:https://registry.npmjs.org/call-bind cache-hit
1436 silly fetch manifest es-object-atoms@^1.1.2
1437 silly packumentCache full:https://registry.npmjs.org/es-object-atoms cache-miss
1438 http cache https://registry.npmjs.org/es-abstract 258ms (cache hit)
1439 silly packumentCache full:https://registry.npmjs.org/es-abstract set size:384124 disposed:true
1440 silly fetch manifest json5@^1.0.2
1441 silly packumentCache full:https://registry.npmjs.org/json5 cache-miss
1442 http fetch GET 200 https://registry.npmjs.org/es-abstract 578ms (cache miss)
1443 silly packumentCache full:https://registry.npmjs.org/es-abstract set size:undefined disposed:false
1444 silly packumentCache full:https://registry.npmjs.org/es-abstract dispose
1445 silly fetch manifest minimist@^1.2.6
1446 silly packumentCache full:https://registry.npmjs.org/minimist cache-miss
1447 http cache https://registry.npmjs.org/es-abstract 270ms (cache hit)
1448 silly packumentCache full:https://registry.npmjs.org/es-abstract set size:384124 disposed:true
1449 silly fetch manifest strip-bom@^3.0.0
1450 silly packumentCache full:https://registry.npmjs.org/strip-bom cache-miss
1451 http cache https://registry.npmjs.org/call-bound 275ms (cache hit)
1452 silly packumentCache full:https://registry.npmjs.org/call-bound set size:15317 disposed:false
1453 silly fetch manifest @types/json5@^0.0.29
1454 silly packumentCache full:https://registry.npmjs.org/@types%2fjson5 cache-miss
1455 http cache https://registry.npmjs.org/es-object-atoms 286ms (cache hit)
1456 silly packumentCache full:https://registry.npmjs.org/es-object-atoms set size:18278 disposed:false
1457 http cache https://registry.npmjs.org/es-object-atoms 281ms (cache hit)
1458 silly packumentCache full:https://registry.npmjs.org/es-object-atoms set size:18278 disposed:false
1459 silly packumentCache full:https://registry.npmjs.org/es-object-atoms dispose
1460 http cache https://registry.npmjs.org/es-object-atoms 160ms (cache hit)
1461 silly packumentCache full:https://registry.npmjs.org/es-object-atoms set size:18278 disposed:true
1462 silly packumentCache full:https://registry.npmjs.org/es-object-atoms dispose
1463 http fetch GET 200 https://registry.npmjs.org/json5 130ms (cache miss)
1464 silly packumentCache full:https://registry.npmjs.org/json5 set size:undefined disposed:false
1465 http fetch GET 200 https://registry.npmjs.org/minimist 301ms (cache miss)
1466 silly packumentCache full:https://registry.npmjs.org/minimist set size:undefined disposed:false
1467 http fetch GET 200 https://registry.npmjs.org/strip-bom 346ms (cache miss)
1468 silly packumentCache full:https://registry.npmjs.org/strip-bom set size:undefined disposed:false
1469 http fetch GET 200 https://registry.npmjs.org/@types%2fjson5 346ms (cache miss)
1470 silly packumentCache full:https://registry.npmjs.org/@types%2fjson5 set size:undefined disposed:false
1471 silly placeDep ROOT call-bind@1.0.9 OK for: array-includes@3.1.9 want: ^1.0.8
1472 silly placeDep ROOT call-bound@1.0.4 OK for: array-includes@3.1.9 want: ^1.0.4
1473 silly placeDep ROOT define-properties@1.2.1 OK for: array-includes@3.1.9 want: ^1.2.1
1474 silly placeDep ROOT es-abstract@1.24.2 OK for: array-includes@3.1.9 want: ^1.24.0
1475 silly placeDep ROOT es-object-atoms@1.1.2 OK for: array-includes@3.1.9 want: ^1.1.1
1476 silly placeDep ROOT get-intrinsic@1.3.0 OK for: array-includes@3.1.9 want: ^1.3.0
1477 silly placeDep ROOT is-string@1.1.1 OK for: array-includes@3.1.9 want: ^1.1.1
1478 silly placeDep ROOT math-intrinsics@1.1.0 OK for: array-includes@3.1.9 want: ^1.1.0
1479 silly fetch manifest call-bind-apply-helpers@^1.0.2
1480 silly packumentCache full:https://registry.npmjs.org/call-bind-apply-helpers cache-miss
1481 silly fetch manifest es-define-property@^1.0.1
1482 silly packumentCache full:https://registry.npmjs.org/es-define-property cache-miss
1483 silly fetch manifest set-function-length@^1.2.2
1484 silly packumentCache full:https://registry.npmjs.org/set-function-length cache-miss
1485 silly fetch manifest call-bind-apply-helpers@^1.0.2
1486 silly packumentCache full:https://registry.npmjs.org/call-bind-apply-helpers cache-miss
1487 silly fetch manifest define-data-property@^1.0.1
1488 silly packumentCache full:https://registry.npmjs.org/define-data-property cache-miss
1489 silly fetch manifest has-property-descriptors@^1.0.0
1490 silly packumentCache full:https://registry.npmjs.org/has-property-descriptors cache-miss
1491 silly fetch manifest array-buffer-byte-length@^1.0.2
1492 silly packumentCache full:https://registry.npmjs.org/array-buffer-byte-length cache-miss
1493 http fetch GET 200 https://registry.npmjs.org/call-bind-apply-helpers 358ms (cache miss)
1494 silly packumentCache full:https://registry.npmjs.org/call-bind-apply-helpers set size:undefined disposed:false
1495 silly fetch manifest arraybuffer.prototype.slice@^1.0.4
1496 silly packumentCache full:https://registry.npmjs.org/arraybuffer.prototype.slice cache-miss
1497 http fetch GET 200 https://registry.npmjs.org/call-bind-apply-helpers 359ms (cache miss)
1498 silly packumentCache full:https://registry.npmjs.org/call-bind-apply-helpers set size:undefined disposed:false
1499 silly fetch manifest available-typed-arrays@^1.0.7
1500 silly packumentCache full:https://registry.npmjs.org/available-typed-arrays cache-miss
1501 http fetch GET 200 https://registry.npmjs.org/has-property-descriptors 410ms (cache miss)
1502 silly packumentCache full:https://registry.npmjs.org/has-property-descriptors set size:undefined disposed:false
1503 silly fetch manifest data-view-buffer@^1.0.2
1504 silly packumentCache full:https://registry.npmjs.org/data-view-buffer cache-miss
1505 http fetch GET 200 https://registry.npmjs.org/set-function-length 414ms (cache miss)
1506 silly packumentCache full:https://registry.npmjs.org/set-function-length set size:undefined disposed:false
1507 silly fetch manifest data-view-byte-length@^1.0.2
1508 silly packumentCache full:https://registry.npmjs.org/data-view-byte-length cache-miss
1509 http fetch GET 200 https://registry.npmjs.org/define-data-property 418ms (cache miss)
1510 silly packumentCache full:https://registry.npmjs.org/define-data-property set size:undefined disposed:false
1511 silly fetch manifest data-view-byte-offset@^1.0.1
1512 silly packumentCache full:https://registry.npmjs.org/data-view-byte-offset cache-miss
1513 http fetch GET 200 https://registry.npmjs.org/es-define-property 476ms (cache miss)
1514 silly packumentCache full:https://registry.npmjs.org/es-define-property set size:undefined disposed:false
1515 silly fetch manifest es-set-tostringtag@^2.1.0
1516 silly packumentCache full:https://registry.npmjs.org/es-set-tostringtag cache-miss
1517 http fetch GET 200 https://registry.npmjs.org/array-buffer-byte-length 573ms (cache miss)
1518 silly packumentCache full:https://registry.npmjs.org/array-buffer-byte-length set size:undefined disposed:false
1519 silly fetch manifest es-to-primitive@^1.3.0
1520 silly packumentCache full:https://registry.npmjs.org/es-to-primitive cache-miss
1521 http fetch GET 200 https://registry.npmjs.org/arraybuffer.prototype.slice 539ms (cache miss)
1522 silly packumentCache full:https://registry.npmjs.org/arraybuffer.prototype.slice set size:undefined disposed:false
1523 silly fetch manifest function.prototype.name@^1.1.8
1524 silly packumentCache full:https://registry.npmjs.org/function.prototype.name cache-miss
1525 http fetch GET 200 https://registry.npmjs.org/data-view-byte-length 480ms (cache miss)
1526 silly packumentCache full:https://registry.npmjs.org/data-view-byte-length set size:undefined disposed:false
1527 silly fetch manifest get-proto@^1.0.1
1528 silly packumentCache full:https://registry.npmjs.org/get-proto cache-miss
1529 http fetch GET 200 https://registry.npmjs.org/data-view-buffer 532ms (cache miss)
1530 silly packumentCache full:https://registry.npmjs.org/data-view-buffer set size:undefined disposed:false
1531 silly fetch manifest get-symbol-description@^1.1.0
1532 silly packumentCache full:https://registry.npmjs.org/get-symbol-description cache-miss
1533 http fetch GET 200 https://registry.npmjs.org/es-set-tostringtag 470ms (cache miss)
1534 silly packumentCache full:https://registry.npmjs.org/es-set-tostringtag set size:undefined disposed:false
1535 silly fetch manifest globalthis@^1.0.4
1536 silly packumentCache full:https://registry.npmjs.org/globalthis cache-miss
1537 http fetch GET 200 https://registry.npmjs.org/data-view-byte-offset 528ms (cache miss)
1538 silly packumentCache full:https://registry.npmjs.org/data-view-byte-offset set size:undefined disposed:false
1539 silly fetch manifest gopd@^1.2.0
1540 silly packumentCache full:https://registry.npmjs.org/gopd cache-miss
1541 http fetch GET 200 https://registry.npmjs.org/available-typed-arrays 591ms (cache miss)
1542 silly packumentCache full:https://registry.npmjs.org/available-typed-arrays set size:undefined disposed:false
1543 silly fetch manifest has-property-descriptors@^1.0.2
1544 silly packumentCache full:https://registry.npmjs.org/has-property-descriptors cache-miss
1545 http fetch GET 200 https://registry.npmjs.org/es-to-primitive 398ms (cache miss)
1546 silly packumentCache full:https://registry.npmjs.org/es-to-primitive set size:undefined disposed:false
1547 silly fetch manifest has-proto@^1.2.0
1548 silly packumentCache full:https://registry.npmjs.org/has-proto cache-miss
1549 http cache https://registry.npmjs.org/has-property-descriptors 29ms (cache hit)
1550 silly packumentCache full:https://registry.npmjs.org/has-property-descriptors set size:12452 disposed:false
1551 silly fetch manifest has-symbols@^1.1.0
1552 silly packumentCache full:https://registry.npmjs.org/has-symbols cache-miss
1553 http fetch GET 200 https://registry.npmjs.org/get-proto 188ms (cache miss)
1554 silly packumentCache full:https://registry.npmjs.org/get-proto set size:undefined disposed:false
1555 silly fetch manifest internal-slot@^1.1.0
1556 silly packumentCache full:https://registry.npmjs.org/internal-slot cache-miss
1557 http fetch GET 200 https://registry.npmjs.org/globalthis 380ms (cache miss)
1558 silly packumentCache full:https://registry.npmjs.org/globalthis set size:undefined disposed:false
1559 silly fetch manifest is-array-buffer@^3.0.5
1560 silly packumentCache full:https://registry.npmjs.org/is-array-buffer cache-miss
1561 http fetch GET 200 https://registry.npmjs.org/function.prototype.name 501ms (cache miss)
1562 silly packumentCache full:https://registry.npmjs.org/function.prototype.name set size:undefined disposed:false
1563 silly fetch manifest is-callable@^1.2.7
1564 silly packumentCache full:https://registry.npmjs.org/is-callable cache-miss
1565 http fetch GET 200 https://registry.npmjs.org/gopd 509ms (cache miss)
1566 silly packumentCache full:https://registry.npmjs.org/gopd set size:undefined disposed:false
1567 silly fetch manifest is-data-view@^1.0.2
1568 silly packumentCache full:https://registry.npmjs.org/is-data-view cache-miss
1569 http fetch GET 200 https://registry.npmjs.org/get-symbol-description 612ms (cache miss)
1570 silly packumentCache full:https://registry.npmjs.org/get-symbol-description set size:undefined disposed:false
1571 silly fetch manifest is-negative-zero@^2.0.3
1572 silly packumentCache full:https://registry.npmjs.org/is-negative-zero cache-miss
1573 http fetch GET 200 https://registry.npmjs.org/has-proto 582ms (cache miss)
1574 silly packumentCache full:https://registry.npmjs.org/has-proto set size:undefined disposed:false
1575 silly fetch manifest is-regex@^1.2.1
1576 silly packumentCache full:https://registry.npmjs.org/is-regex cache-miss
1577 http fetch GET 200 https://registry.npmjs.org/has-symbols 665ms (cache miss)
1578 silly packumentCache full:https://registry.npmjs.org/has-symbols set size:undefined disposed:false
1579 silly fetch manifest is-set@^2.0.3
1580 silly packumentCache full:https://registry.npmjs.org/is-set cache-miss
1581 http fetch GET 200 https://registry.npmjs.org/internal-slot 637ms (cache miss)
1582 silly packumentCache full:https://registry.npmjs.org/internal-slot set size:undefined disposed:false
1583 silly fetch manifest is-shared-array-buffer@^1.0.4
1584 silly packumentCache full:https://registry.npmjs.org/is-shared-array-buffer cache-miss
1585 http fetch GET 200 https://registry.npmjs.org/is-array-buffer 526ms (cache miss)
1586 silly packumentCache full:https://registry.npmjs.org/is-array-buffer set size:undefined disposed:false
1587 silly fetch manifest is-typed-array@^1.1.15
1588 silly packumentCache full:https://registry.npmjs.org/is-typed-array cache-miss
1589 http fetch GET 200 https://registry.npmjs.org/is-data-view 399ms (cache miss)
1590 silly packumentCache full:https://registry.npmjs.org/is-data-view set size:undefined disposed:false
1591 silly fetch manifest is-weakref@^1.1.1
1592 silly packumentCache full:https://registry.npmjs.org/is-weakref cache-miss
1593 http fetch GET 200 https://registry.npmjs.org/is-callable 502ms (cache miss)
1594 silly packumentCache full:https://registry.npmjs.org/is-callable set size:undefined disposed:false
1595 silly fetch manifest object-inspect@^1.13.4
1596 silly packumentCache full:https://registry.npmjs.org/object-inspect cache-miss
1597 http fetch GET 200 https://registry.npmjs.org/is-regex 347ms (cache miss)
1598 silly packumentCache full:https://registry.npmjs.org/is-regex set size:undefined disposed:false
1599 silly fetch manifest object.assign@^4.1.7
1600 silly packumentCache full:https://registry.npmjs.org/object.assign cache-miss
1601 http fetch GET 200 https://registry.npmjs.org/is-negative-zero 351ms (cache miss)
1602 silly packumentCache full:https://registry.npmjs.org/is-negative-zero set size:undefined disposed:false
1603 silly fetch manifest own-keys@^1.0.1
1604 silly packumentCache full:https://registry.npmjs.org/own-keys cache-miss
1605 http fetch GET 200 https://registry.npmjs.org/is-set 304ms (cache miss)
1606 silly packumentCache full:https://registry.npmjs.org/is-set set size:undefined disposed:false
1607 silly fetch manifest regexp.prototype.flags@^1.5.4
1608 silly packumentCache full:https://registry.npmjs.org/regexp.prototype.flags cache-miss
1609 http fetch GET 200 https://registry.npmjs.org/is-shared-array-buffer 231ms (cache miss)
1610 silly packumentCache full:https://registry.npmjs.org/is-shared-array-buffer set size:undefined disposed:false
1611 silly fetch manifest safe-array-concat@^1.1.3
1612 silly packumentCache full:https://registry.npmjs.org/safe-array-concat cache-miss
1613 http fetch GET 200 https://registry.npmjs.org/is-typed-array 344ms (cache miss)
1614 silly packumentCache full:https://registry.npmjs.org/is-typed-array set size:undefined disposed:false
1615 silly fetch manifest safe-push-apply@^1.0.0
1616 silly packumentCache full:https://registry.npmjs.org/safe-push-apply cache-miss
1617 http fetch GET 200 https://registry.npmjs.org/object-inspect 303ms (cache miss)
1618 silly packumentCache full:https://registry.npmjs.org/object-inspect set size:undefined disposed:false
1619 silly fetch manifest safe-regex-test@^1.1.0
1620 silly packumentCache full:https://registry.npmjs.org/safe-regex-test cache-miss
1621 http fetch GET 200 https://registry.npmjs.org/safe-array-concat 275ms (cache miss)
1622 silly packumentCache full:https://registry.npmjs.org/safe-array-concat set size:undefined disposed:false
1623 silly fetch manifest set-proto@^1.0.0
1624 silly packumentCache full:https://registry.npmjs.org/set-proto cache-miss
1625 http fetch GET 200 https://registry.npmjs.org/object.assign 329ms (cache miss)
1626 silly packumentCache full:https://registry.npmjs.org/object.assign set size:undefined disposed:false
1627 silly fetch manifest stop-iteration-iterator@^1.1.0
1628 silly packumentCache full:https://registry.npmjs.org/stop-iteration-iterator cache-miss
1629 http fetch GET 200 https://registry.npmjs.org/is-weakref 383ms (cache miss)
1630 silly packumentCache full:https://registry.npmjs.org/is-weakref set size:undefined disposed:false
1631 silly fetch manifest string.prototype.trim@^1.2.10
1632 silly packumentCache full:https://registry.npmjs.org/string.prototype.trim cache-miss
1633 http fetch GET 200 https://registry.npmjs.org/own-keys 333ms (cache miss)
1634 silly packumentCache full:https://registry.npmjs.org/own-keys set size:undefined disposed:false
1635 silly fetch manifest string.prototype.trimstart@^1.0.8
1636 silly packumentCache full:https://registry.npmjs.org/string.prototype.trimstart cache-miss
1637 http fetch GET 200 https://registry.npmjs.org/regexp.prototype.flags 290ms (cache miss)
1638 silly packumentCache full:https://registry.npmjs.org/regexp.prototype.flags set size:undefined disposed:false
1639 silly fetch manifest typed-array-buffer@^1.0.3
1640 silly packumentCache full:https://registry.npmjs.org/typed-array-buffer cache-miss
1641 http cache https://registry.npmjs.org/safe-regex-test 42ms (cache hit)
1642 silly packumentCache full:https://registry.npmjs.org/safe-regex-test set size:17412 disposed:false
1643 silly fetch manifest typed-array-byte-length@^1.0.3
1644 silly packumentCache full:https://registry.npmjs.org/typed-array-byte-length cache-miss
1645 http fetch GET 200 https://registry.npmjs.org/safe-push-apply 137ms (cache miss)
1646 silly packumentCache full:https://registry.npmjs.org/safe-push-apply set size:undefined disposed:false
1647 silly fetch manifest typed-array-byte-offset@^1.0.4
1648 silly packumentCache full:https://registry.npmjs.org/typed-array-byte-offset cache-miss
1649 http fetch GET 200 https://registry.npmjs.org/stop-iteration-iterator 341ms (cache miss)
1650 silly packumentCache full:https://registry.npmjs.org/stop-iteration-iterator set size:undefined disposed:false
1651 silly fetch manifest typed-array-length@^1.0.7
1652 silly packumentCache full:https://registry.npmjs.org/typed-array-length cache-miss
1653 http fetch GET 200 https://registry.npmjs.org/set-proto 374ms (cache miss)
1654 silly packumentCache full:https://registry.npmjs.org/set-proto set size:undefined disposed:false
1655 silly fetch manifest unbox-primitive@^1.1.0
1656 silly packumentCache full:https://registry.npmjs.org/unbox-primitive cache-miss
1657 http fetch GET 200 https://registry.npmjs.org/string.prototype.trim 372ms (cache miss)
1658 silly packumentCache full:https://registry.npmjs.org/string.prototype.trim set size:undefined disposed:false
1659 silly fetch manifest which-typed-array@^1.1.19
1660 silly packumentCache full:https://registry.npmjs.org/which-typed-array cache-miss
1661 http fetch GET 200 https://registry.npmjs.org/string.prototype.trimstart 372ms (cache miss)
1662 silly packumentCache full:https://registry.npmjs.org/string.prototype.trimstart set size:undefined disposed:false
1663 silly fetch manifest has-tostringtag@^1.0.2
1664 silly packumentCache full:https://registry.npmjs.org/has-tostringtag cache-miss
1665 http fetch GET 200 https://registry.npmjs.org/typed-array-byte-length 366ms (cache miss)
1666 silly packumentCache full:https://registry.npmjs.org/typed-array-byte-length set size:undefined disposed:false
1667 http fetch GET 200 https://registry.npmjs.org/typed-array-buffer 373ms (cache miss)
1668 silly packumentCache full:https://registry.npmjs.org/typed-array-buffer set size:undefined disposed:false
1669 http fetch GET 200 https://registry.npmjs.org/typed-array-byte-offset 315ms (cache miss)
1670 silly packumentCache full:https://registry.npmjs.org/typed-array-byte-offset set size:undefined disposed:false
1671 http fetch GET 200 https://registry.npmjs.org/unbox-primitive 127ms (cache miss)
1672 silly packumentCache full:https://registry.npmjs.org/unbox-primitive set size:undefined disposed:false
1673 http fetch GET 200 https://registry.npmjs.org/typed-array-length 250ms (cache miss)
1674 silly packumentCache full:https://registry.npmjs.org/typed-array-length set size:undefined disposed:false
1675 http fetch GET 200 https://registry.npmjs.org/has-tostringtag 286ms (cache miss)
1676 silly packumentCache full:https://registry.npmjs.org/has-tostringtag set size:undefined disposed:false
1677 http fetch GET 200 https://registry.npmjs.org/which-typed-array 291ms (cache miss)
1678 silly packumentCache full:https://registry.npmjs.org/which-typed-array set size:undefined disposed:false
1679 silly placeDep ROOT es-errors@1.3.0 OK for: array.prototype.findlastindex@1.2.6 want: ^1.3.0
1680 silly placeDep ROOT es-shim-unscopables@1.1.0 OK for: array.prototype.findlastindex@1.2.6 want: ^1.1.0
1681 silly placeDep ROOT call-bind-apply-helpers@1.0.2 OK for: call-bind@1.0.9 want: ^1.0.2
1682 silly placeDep ROOT es-define-property@1.0.1 OK for: call-bind@1.0.9 want: ^1.0.1
1683 silly placeDep ROOT set-function-length@1.2.2 OK for: call-bind@1.0.9 want: ^1.2.2
1684 silly fetch manifest define-data-property@^1.1.4
1685 silly packumentCache full:https://registry.npmjs.org/define-data-property cache-miss
1686 silly fetch manifest gopd@^1.0.1
1687 silly packumentCache full:https://registry.npmjs.org/gopd cache-miss
1688 http cache https://registry.npmjs.org/gopd 9ms (cache hit)
1689 silly packumentCache full:https://registry.npmjs.org/gopd set size:11458 disposed:false
1690 http cache https://registry.npmjs.org/define-data-property 10ms (cache hit)
1691 silly packumentCache full:https://registry.npmjs.org/define-data-property set size:28048 disposed:false
1692 silly placeDep ROOT function-bind@1.1.2 OK for: call-bind-apply-helpers@1.0.2 want: ^1.1.2
1693 silly placeDep ROOT define-data-property@1.1.4 OK for: define-properties@1.2.1 want: ^1.0.1
1694 silly placeDep ROOT has-property-descriptors@1.0.2 OK for: define-properties@1.2.1 want: ^1.0.0
1695 silly placeDep ROOT object-keys@1.1.1 OK for: define-properties@1.2.1 want: ^1.1.1
1696 silly placeDep ROOT gopd@1.2.0 OK for: define-data-property@1.1.4 want: ^1.0.1
1697 silly placeDep ROOT array-buffer-byte-length@1.0.2 OK for: es-abstract@1.24.2 want: ^1.0.2
1698 silly placeDep ROOT arraybuffer.prototype.slice@1.0.4 OK for: es-abstract@1.24.2 want: ^1.0.4
1699 silly placeDep ROOT available-typed-arrays@1.0.7 OK for: es-abstract@1.24.2 want: ^1.0.7
1700 silly placeDep ROOT data-view-buffer@1.0.2 OK for: es-abstract@1.24.2 want: ^1.0.2
1701 silly placeDep ROOT data-view-byte-length@1.0.2 OK for: es-abstract@1.24.2 want: ^1.0.2
1702 silly placeDep ROOT data-view-byte-offset@1.0.1 OK for: es-abstract@1.24.2 want: ^1.0.1
1703 silly placeDep ROOT es-set-tostringtag@2.1.0 OK for: es-abstract@1.24.2 want: ^2.1.0
1704 silly placeDep ROOT es-to-primitive@1.3.4 OK for: es-abstract@1.24.2 want: ^1.3.0
1705 silly placeDep ROOT function.prototype.name@1.2.0 OK for: es-abstract@1.24.2 want: ^1.1.8
1706 silly placeDep ROOT get-proto@1.0.1 OK for: es-abstract@1.24.2 want: ^1.0.1
1707 silly placeDep ROOT get-symbol-description@1.1.0 OK for: es-abstract@1.24.2 want: ^1.1.0
1708 silly placeDep ROOT globalthis@1.0.4 OK for: es-abstract@1.24.2 want: ^1.0.4
1709 silly placeDep ROOT has-proto@1.2.0 OK for: es-abstract@1.24.2 want: ^1.2.0
1710 silly placeDep ROOT has-symbols@1.1.0 OK for: es-abstract@1.24.2 want: ^1.1.0
1711 silly placeDep ROOT internal-slot@1.1.0 OK for: es-abstract@1.24.2 want: ^1.1.0
1712 silly placeDep ROOT is-array-buffer@3.0.5 OK for: es-abstract@1.24.2 want: ^3.0.5
1713 silly placeDep ROOT is-callable@1.2.7 OK for: es-abstract@1.24.2 want: ^1.2.7
1714 silly placeDep ROOT is-data-view@1.0.2 OK for: es-abstract@1.24.2 want: ^1.0.2
1715 silly placeDep ROOT is-negative-zero@2.0.3 OK for: es-abstract@1.24.2 want: ^2.0.3
1716 silly placeDep ROOT is-regex@1.2.1 OK for: es-abstract@1.24.2 want: ^1.2.1
1717 silly placeDep ROOT is-set@2.0.3 OK for: es-abstract@1.24.2 want: ^2.0.3
1718 silly placeDep ROOT is-shared-array-buffer@1.0.4 OK for: es-abstract@1.24.2 want: ^1.0.4
1719 silly placeDep ROOT is-typed-array@1.1.15 OK for: es-abstract@1.24.2 want: ^1.1.15
1720 silly placeDep ROOT is-weakref@1.1.1 OK for: es-abstract@1.24.2 want: ^1.1.1
1721 silly placeDep ROOT object-inspect@1.13.4 OK for: es-abstract@1.24.2 want: ^1.13.4
1722 silly placeDep ROOT object.assign@4.1.7 OK for: es-abstract@1.24.2 want: ^4.1.7
1723 silly placeDep ROOT own-keys@1.0.1 OK for: es-abstract@1.24.2 want: ^1.0.1
1724 silly placeDep ROOT regexp.prototype.flags@1.5.4 OK for: es-abstract@1.24.2 want: ^1.5.4
1725 silly placeDep ROOT safe-array-concat@1.1.4 OK for: es-abstract@1.24.2 want: ^1.1.3
1726 silly placeDep ROOT safe-push-apply@1.0.0 OK for: es-abstract@1.24.2 want: ^1.0.0
1727 silly placeDep ROOT safe-regex-test@1.1.0 OK for: es-abstract@1.24.2 want: ^1.1.0
1728 silly placeDep ROOT set-proto@1.0.0 OK for: es-abstract@1.24.2 want: ^1.0.0
1729 silly placeDep ROOT stop-iteration-iterator@1.1.0 OK for: es-abstract@1.24.2 want: ^1.1.0
1730 silly placeDep ROOT string.prototype.trim@1.2.11 OK for: es-abstract@1.24.2 want: ^1.2.10
1731 silly placeDep ROOT string.prototype.trimstart@1.0.8 OK for: es-abstract@1.24.2 want: ^1.0.8
1732 silly placeDep ROOT typed-array-buffer@1.0.3 OK for: es-abstract@1.24.2 want: ^1.0.3
1733 silly placeDep ROOT typed-array-byte-length@1.0.3 OK for: es-abstract@1.24.2 want: ^1.0.3
1734 silly placeDep ROOT typed-array-byte-offset@1.0.4 OK for: es-abstract@1.24.2 want: ^1.0.4
1735 silly placeDep ROOT typed-array-length@1.0.8 OK for: es-abstract@1.24.2 want: ^1.0.7
1736 silly placeDep ROOT unbox-primitive@1.1.0 OK for: es-abstract@1.24.2 want: ^1.1.0
1737 silly placeDep ROOT which-typed-array@1.1.22 OK for: es-abstract@1.24.2 want: ^1.1.19
1738 silly fetch manifest is-array-buffer@^3.0.4
1739 silly packumentCache full:https://registry.npmjs.org/is-array-buffer cache-miss
1740 silly fetch manifest possible-typed-array-names@^1.0.0
1741 silly packumentCache full:https://registry.npmjs.org/possible-typed-array-names cache-miss
1742 silly fetch manifest is-data-view@^1.0.1
1743 silly packumentCache full:https://registry.npmjs.org/is-data-view cache-miss
1744 silly fetch manifest is-symbol@^1.1.1
1745 silly packumentCache full:https://registry.npmjs.org/is-symbol cache-miss
1746 silly fetch manifest is-date-object@^1.1.0
1747 silly packumentCache full:https://registry.npmjs.org/is-date-object cache-miss
1748 silly fetch manifest es-abstract-get@^1.0.0
1749 silly packumentCache full:https://registry.npmjs.org/es-abstract-get cache-miss
1750 silly fetch manifest is-document.all@^1.0.0
1751 silly packumentCache full:https://registry.npmjs.org/is-document.all cache-miss
1752 http cache https://registry.npmjs.org/is-array-buffer 19ms (cache hit)
1753 silly packumentCache full:https://registry.npmjs.org/is-array-buffer set size:33562 disposed:false
1754 silly fetch manifest functions-have-names@^1.2.3
1755 silly packumentCache full:https://registry.npmjs.org/functions-have-names cache-miss
1756 http cache https://registry.npmjs.org/is-data-view 19ms (cache hit)
1757 silly packumentCache full:https://registry.npmjs.org/is-data-view set size:13756 disposed:false
1758 silly fetch manifest dunder-proto@^1.0.1
1759 silly packumentCache full:https://registry.npmjs.org/dunder-proto cache-miss
1760 http fetch GET 200 https://registry.npmjs.org/is-date-object 459ms (cache miss)
1761 silly packumentCache full:https://registry.npmjs.org/is-date-object set size:undefined disposed:false
1762 silly fetch manifest dunder-proto@^1.0.0
1763 silly packumentCache full:https://registry.npmjs.org/dunder-proto cache-miss
1764 http fetch GET 200 https://registry.npmjs.org/possible-typed-array-names 464ms (cache miss)
1765 silly packumentCache full:https://registry.npmjs.org/possible-typed-array-names set size:undefined disposed:false
1766 silly fetch manifest side-channel@^1.1.0
1767 silly packumentCache full:https://registry.npmjs.org/side-channel cache-miss
1768 http fetch GET 200 https://registry.npmjs.org/is-document.all 742ms (cache miss)
1769 silly packumentCache full:https://registry.npmjs.org/is-document.all set size:undefined disposed:false
1770 silly fetch manifest is-typed-array@^1.1.13
1771 silly packumentCache full:https://registry.npmjs.org/is-typed-array cache-miss
1772 http fetch GET 200 https://registry.npmjs.org/is-symbol 748ms (cache miss)
1773 silly packumentCache full:https://registry.npmjs.org/is-symbol set size:undefined disposed:false
1774 silly fetch manifest which-typed-array@^1.1.16
1775 silly packumentCache full:https://registry.npmjs.org/which-typed-array cache-miss
1776 http fetch GET 200 https://registry.npmjs.org/dunder-proto 733ms (cache miss)
1777 silly packumentCache full:https://registry.npmjs.org/dunder-proto set size:undefined disposed:false
1778 silly fetch manifest set-function-name@^2.0.2
1779 silly packumentCache full:https://registry.npmjs.org/set-function-name cache-miss
1780 http fetch GET 200 https://registry.npmjs.org/functions-have-names 738ms (cache miss)
1781 silly packumentCache full:https://registry.npmjs.org/functions-have-names set size:undefined disposed:false
1782 silly fetch manifest isarray@^2.0.5
1783 silly packumentCache full:https://registry.npmjs.org/isarray cache-miss
1784 http fetch GET 200 https://registry.npmjs.org/es-abstract-get 760ms (cache miss)
1785 silly packumentCache full:https://registry.npmjs.org/es-abstract-get set size:undefined disposed:false
1786 silly fetch manifest isarray@^2.0.5
1787 silly packumentCache full:https://registry.npmjs.org/isarray cache-miss
1788 http fetch GET 200 https://registry.npmjs.org/dunder-proto 304ms (cache miss)
1789 silly packumentCache full:https://registry.npmjs.org/dunder-proto set size:undefined disposed:false
1790 silly fetch manifest for-each@^0.3.3
1791 silly packumentCache full:https://registry.npmjs.org/for-each cache-miss
1792 http fetch GET 200 https://registry.npmjs.org/side-channel 306ms (cache miss)
1793 silly packumentCache full:https://registry.npmjs.org/side-channel set size:undefined disposed:false
1794 silly fetch manifest for-each@^0.3.3
1795 silly packumentCache full:https://registry.npmjs.org/for-each cache-miss
1796 http cache https://registry.npmjs.org/is-typed-array 27ms (cache hit)
1797 silly packumentCache full:https://registry.npmjs.org/is-typed-array set size:79965 disposed:false
1798 silly fetch manifest reflect.getprototypeof@^1.0.9
1799 silly packumentCache full:https://registry.npmjs.org/reflect.getprototypeof cache-miss
1800 http cache https://registry.npmjs.org/which-typed-array 25ms (cache hit)
1801 silly packumentCache full:https://registry.npmjs.org/which-typed-array set size:101551 disposed:false
1802 silly fetch manifest for-each@^0.3.5
1803 silly packumentCache full:https://registry.npmjs.org/for-each cache-miss
1804 http fetch GET 200 https://registry.npmjs.org/isarray 124ms (cache miss)
1805 silly packumentCache full:https://registry.npmjs.org/isarray set size:undefined disposed:false
1806 silly fetch manifest possible-typed-array-names@^1.1.0
1807 silly packumentCache full:https://registry.npmjs.org/possible-typed-array-names cache-miss
1808 http fetch GET 200 https://registry.npmjs.org/isarray 124ms (cache miss)
1809 silly packumentCache full:https://registry.npmjs.org/isarray set size:undefined disposed:false
1810 silly fetch manifest reflect.getprototypeof@^1.0.10
1811 silly packumentCache full:https://registry.npmjs.org/reflect.getprototypeof cache-miss
1812 http fetch GET 200 https://registry.npmjs.org/set-function-name 140ms (cache miss)
1813 silly packumentCache full:https://registry.npmjs.org/set-function-name set size:undefined disposed:false
1814 silly fetch manifest has-bigints@^1.0.2
1815 silly packumentCache full:https://registry.npmjs.org/has-bigints cache-miss
1816 http fetch GET 200 https://registry.npmjs.org/for-each 132ms (cache miss)
1817 silly packumentCache full:https://registry.npmjs.org/for-each set size:undefined disposed:false
1818 silly fetch manifest which-boxed-primitive@^1.1.1
1819 silly packumentCache full:https://registry.npmjs.org/which-boxed-primitive cache-miss
1820 http cache https://registry.npmjs.org/possible-typed-array-names 24ms (cache hit)
1821 silly packumentCache full:https://registry.npmjs.org/possible-typed-array-names set size:9167 disposed:false
1822 silly fetch manifest for-each@^0.3.5
1823 silly packumentCache full:https://registry.npmjs.org/for-each cache-miss
1824 http fetch GET 200 https://registry.npmjs.org/for-each 158ms (cache miss)
1825 silly packumentCache full:https://registry.npmjs.org/for-each set size:undefined disposed:false
1826 http fetch GET 200 https://registry.npmjs.org/for-each 153ms (cache miss)
1827 silly packumentCache full:https://registry.npmjs.org/for-each set size:undefined disposed:false
1828 http fetch GET 200 https://registry.npmjs.org/reflect.getprototypeof 159ms (cache miss)
1829 silly packumentCache full:https://registry.npmjs.org/reflect.getprototypeof set size:undefined disposed:false
1830 http cache https://registry.npmjs.org/for-each 30ms (cache hit)
1831 silly packumentCache full:https://registry.npmjs.org/for-each set size:14327 disposed:false
1832 http fetch GET 200 https://registry.npmjs.org/reflect.getprototypeof 124ms (cache miss)
1833 silly packumentCache full:https://registry.npmjs.org/reflect.getprototypeof set size:undefined disposed:false
1834 http fetch GET 200 https://registry.npmjs.org/has-bigints 125ms (cache miss)
1835 silly packumentCache full:https://registry.npmjs.org/has-bigints set size:undefined disposed:false
1836 http fetch GET 200 https://registry.npmjs.org/which-boxed-primitive 324ms (cache miss)
1837 silly packumentCache full:https://registry.npmjs.org/which-boxed-primitive set size:undefined disposed:false
1838 silly placeDep ROOT possible-typed-array-names@1.1.0 OK for: available-typed-arrays@1.0.7 want: ^1.0.0
1839 silly placeDep ROOT has-tostringtag@1.0.2 OK for: es-set-tostringtag@2.1.0 want: ^1.0.2
1840 silly placeDep ROOT es-abstract-get@1.0.0 OK for: es-to-primitive@1.3.4 want: ^1.0.0
1841 silly placeDep ROOT is-date-object@1.1.0 OK for: es-to-primitive@1.3.4 want: ^1.1.0
1842 silly placeDep ROOT is-symbol@1.1.1 OK for: es-to-primitive@1.3.4 want: ^1.1.1
1843 silly placeDep node_modules/eslint-module-utils debug@3.2.7 OK for: eslint-module-utils@2.14.0 want: ^3.2.7
1844 silly placeDep ROOT aria-query@5.3.2 OK for: eslint-plugin-jsx-a11y@6.10.2 want: ^5.3.2
1845 silly placeDep ROOT ast-types-flow@0.0.8 OK for: eslint-plugin-jsx-a11y@6.10.2 want: ^0.0.8
1846 silly placeDep ROOT axe-core@4.12.1 OK for: eslint-plugin-jsx-a11y@6.10.2 want: ^4.10.0
1847 silly placeDep ROOT axobject-query@4.1.0 OK for: eslint-plugin-jsx-a11y@6.10.2 want: ^4.1.0
1848 silly placeDep ROOT damerau-levenshtein@1.0.8 OK for: eslint-plugin-jsx-a11y@6.10.2 want: ^1.0.8
1849 silly placeDep ROOT emoji-regex@9.2.2 OK for: eslint-plugin-jsx-a11y@6.10.2 want: ^9.2.2
1850 silly placeDep ROOT jsx-ast-utils@3.3.5 OK for: eslint-plugin-jsx-a11y@6.10.2 want: ^3.3.5
1851 silly placeDep ROOT language-tags@1.0.9 OK for: eslint-plugin-jsx-a11y@6.10.2 want: ^1.0.9
1852 silly placeDep node_modules/eslint-plugin-jsx-a11y minimatch@3.1.5 OK for: eslint-plugin-jsx-a11y@6.10.2 want: ^3.1.2
1853 silly placeDep ROOT string.prototype.includes@2.0.1 OK for: eslint-plugin-jsx-a11y@6.10.2 want: ^2.0.1
1854 silly fetch manifest language-subtag-registry@^0.3.20
1855 silly packumentCache full:https://registry.npmjs.org/language-subtag-registry cache-miss
1856 http fetch GET 200 https://registry.npmjs.org/language-subtag-registry 133ms (cache miss)
1857 silly packumentCache full:https://registry.npmjs.org/language-subtag-registry set size:undefined disposed:false
1858 silly placeDep ROOT array.prototype.findlast@1.2.5 OK for: eslint-plugin-react@7.37.5 want: ^1.2.5
1859 silly placeDep ROOT array.prototype.tosorted@1.1.4 OK for: eslint-plugin-react@7.37.5 want: ^1.1.4
1860 silly placeDep ROOT es-iterator-helpers@1.3.3 OK for: eslint-plugin-react@7.37.5 want: ^1.2.1
1861 silly placeDep ROOT estraverse@5.3.0 OK for: eslint-plugin-react@7.37.5 want: ^5.3.0
1862 silly placeDep node_modules/eslint-plugin-react minimatch@3.1.5 OK for: eslint-plugin-react@7.37.5 want: ^3.1.2
1863 silly placeDep ROOT object.entries@1.1.9 OK for: eslint-plugin-react@7.37.5 want: ^1.1.9
1864 silly placeDep ROOT prop-types@15.8.1 OK for: eslint-plugin-react@7.37.5 want: ^15.8.1
1865 silly placeDep ROOT string.prototype.matchall@4.0.12 OK for: eslint-plugin-react@7.37.5 want: ^4.0.12
1866 silly placeDep ROOT string.prototype.repeat@1.0.0 OK for: eslint-plugin-react@7.37.5 want: ^1.0.0
1867 silly fetch manifest iterator.prototype@^1.1.5
1868 silly packumentCache full:https://registry.npmjs.org/iterator.prototype cache-miss
1869 silly fetch manifest loose-envify@^1.4.0
1870 silly packumentCache full:https://registry.npmjs.org/loose-envify cache-miss
1871 silly fetch manifest object-assign@^4.1.1
1872 silly packumentCache full:https://registry.npmjs.org/object-assign cache-miss
1873 silly fetch manifest react-is@^16.13.1
1874 silly packumentCache full:https://registry.npmjs.org/react-is cache-miss
1875 http fetch GET 200 https://registry.npmjs.org/loose-envify 129ms (cache miss)
1876 silly packumentCache full:https://registry.npmjs.org/loose-envify set size:undefined disposed:false
1877 http fetch GET 200 https://registry.npmjs.org/iterator.prototype 131ms (cache miss)
1878 silly packumentCache full:https://registry.npmjs.org/iterator.prototype set size:undefined disposed:false
1879 http fetch GET 200 https://registry.npmjs.org/object-assign 203ms (cache miss)
1880 silly packumentCache full:https://registry.npmjs.org/object-assign set size:undefined disposed:false
1881 http fetch GET 200 https://registry.npmjs.org/react-is 289ms (cache miss)
1882 silly packumentCache full:https://registry.npmjs.org/react-is set size:undefined disposed:false
1883 silly placeDep ROOT iterator.prototype@1.1.5 OK for: es-iterator-helpers@1.3.3 want: ^1.1.5
1884 silly placeDep ROOT @babel/core@7.29.7 OK for: eslint-plugin-react-hooks@7.1.1 want: ^7.24.4
1885 silly placeDep ROOT @babel/parser@7.29.7 OK for: eslint-plugin-react-hooks@7.1.1 want: ^7.24.4
1886 silly placeDep ROOT hermes-parser@0.25.1 OK for: eslint-plugin-react-hooks@7.1.1 want: ^0.25.1
1887 silly placeDep ROOT zod-validation-error@4.0.2 OK for: eslint-plugin-react-hooks@7.1.1 want: ^3.5.0 || ^4.0.0
1888 silly fetch manifest json5@^2.2.3
1889 silly packumentCache full:https://registry.npmjs.org/json5 cache-miss
1890 silly fetch manifest gensync@^1.0.0-beta.2
1891 silly packumentCache full:https://registry.npmjs.org/gensync cache-miss
1892 silly fetch manifest @babel/types@^7.29.7
1893 silly packumentCache full:https://registry.npmjs.org/@babel%2ftypes cache-miss
1894 silly fetch manifest @babel/parser@^7.29.7
1895 silly packumentCache full:https://registry.npmjs.org/@babel%2fparser cache-miss
1896 silly fetch manifest @babel/helpers@^7.29.7
1897 silly packumentCache full:https://registry.npmjs.org/@babel%2fhelpers cache-miss
1898 silly fetch manifest @babel/template@^7.29.7
1899 silly packumentCache full:https://registry.npmjs.org/@babel%2ftemplate cache-miss
1900 silly fetch manifest @babel/traverse@^7.29.7
1901 silly packumentCache full:https://registry.npmjs.org/@babel%2ftraverse cache-miss
1902 http cache https://registry.npmjs.org/json5 16ms (cache hit)
1903 silly packumentCache full:https://registry.npmjs.org/json5 set size:86136 disposed:false
1904 silly fetch manifest @babel/generator@^7.29.7
1905 silly packumentCache full:https://registry.npmjs.org/@babel%2fgenerator cache-miss
1906 http cache https://registry.npmjs.org/@babel%2fparser 20ms (cache hit)
1907 silly packumentCache full:https://registry.npmjs.org/@babel%2fparser set size:732981 disposed:false
1908 silly fetch manifest @babel/code-frame@^7.29.7
1909 silly packumentCache full:https://registry.npmjs.org/@babel%2fcode-frame cache-miss
1910 http fetch GET 200 https://registry.npmjs.org/gensync 133ms (cache miss)
1911 silly packumentCache full:https://registry.npmjs.org/gensync set size:undefined disposed:false
1912 silly fetch manifest convert-source-map@^2.0.0
1913 silly packumentCache full:https://registry.npmjs.org/convert-source-map cache-miss
1914 http fetch GET 200 https://registry.npmjs.org/@babel%2ftemplate 155ms (cache miss)
1915 silly packumentCache full:https://registry.npmjs.org/@babel%2ftemplate set size:undefined disposed:false
1916 silly fetch manifest @jridgewell/remapping@^2.3.5
1917 silly packumentCache full:https://registry.npmjs.org/@jridgewell%2fremapping cache-miss
1918 http fetch GET 200 https://registry.npmjs.org/@babel%2ftypes 263ms (cache miss)
1919 silly packumentCache full:https://registry.npmjs.org/@babel%2ftypes set size:undefined disposed:false
1920 silly fetch manifest @babel/helper-module-transforms@^7.29.7
1921 silly packumentCache full:https://registry.npmjs.org/@babel%2fhelper-module-transforms cache-miss
1922 http fetch GET 200 https://registry.npmjs.org/convert-source-map 141ms (cache miss)
1923 silly packumentCache full:https://registry.npmjs.org/convert-source-map set size:undefined disposed:false
1924 silly fetch manifest @babel/helper-compilation-targets@^7.29.7
1925 silly packumentCache full:https://registry.npmjs.org/@babel%2fhelper-compilation-targets cache-miss
1926 http fetch GET 200 https://registry.npmjs.org/@babel%2fcode-frame 250ms (cache miss)
1927 silly packumentCache full:https://registry.npmjs.org/@babel%2fcode-frame set size:undefined disposed:false
1928 silly fetch manifest hermes-estree@0.25.1
1929 silly packumentCache full:https://registry.npmjs.org/hermes-estree cache-miss
1930 http fetch GET 200 https://registry.npmjs.org/@babel%2fhelpers 285ms (cache miss)
1931 silly packumentCache full:https://registry.npmjs.org/@babel%2fhelpers set size:undefined disposed:false
1932 http fetch GET 200 https://registry.npmjs.org/@babel%2fgenerator 275ms (cache miss)
1933 silly packumentCache full:https://registry.npmjs.org/@babel%2fgenerator set size:undefined disposed:false
1934 http fetch GET 200 https://registry.npmjs.org/@babel%2ftraverse 298ms (cache miss)
1935 silly packumentCache full:https://registry.npmjs.org/@babel%2ftraverse set size:undefined disposed:false
1936 http fetch GET 200 https://registry.npmjs.org/@jridgewell%2fremapping 154ms (cache miss)
1937 silly packumentCache full:https://registry.npmjs.org/@jridgewell%2fremapping set size:undefined disposed:false
1938 http fetch GET 200 https://registry.npmjs.org/hermes-estree 127ms (cache miss)
1939 silly packumentCache full:https://registry.npmjs.org/hermes-estree set size:undefined disposed:false
1940 http fetch GET 200 https://registry.npmjs.org/@babel%2fhelper-module-transforms 163ms (cache miss)
1941 silly packumentCache full:https://registry.npmjs.org/@babel%2fhelper-module-transforms set size:undefined disposed:false
1942 http fetch GET 200 https://registry.npmjs.org/@babel%2fhelper-compilation-targets 167ms (cache miss)
1943 silly packumentCache full:https://registry.npmjs.org/@babel%2fhelper-compilation-targets set size:undefined disposed:false
1944 silly placeDep ROOT @babel/code-frame@7.29.7 OK for: @babel/core@7.29.7 want: ^7.29.7
1945 silly placeDep ROOT @babel/generator@7.29.7 OK for: @babel/core@7.29.7 want: ^7.29.7
1946 silly placeDep ROOT @babel/helper-compilation-targets@7.29.7 OK for: @babel/core@7.29.7 want: ^7.29.7
1947 silly placeDep ROOT @babel/helper-module-transforms@7.29.7 OK for: @babel/core@7.29.7 want: ^7.29.7
1948 silly placeDep ROOT @babel/helpers@7.29.7 OK for: @babel/core@7.29.7 want: ^7.29.7
1949 silly placeDep ROOT @babel/template@7.29.7 OK for: @babel/core@7.29.7 want: ^7.29.7
1950 silly placeDep ROOT @babel/traverse@7.29.7 OK for: @babel/core@7.29.7 want: ^7.29.7
1951 silly placeDep ROOT @babel/types@7.29.7 OK for: @babel/core@7.29.7 want: ^7.29.7
1952 silly placeDep ROOT @jridgewell/remapping@2.3.5 OK for: @babel/core@7.29.7 want: ^2.3.5
1953 silly placeDep ROOT convert-source-map@2.0.0 OK for: @babel/core@7.29.7 want: ^2.0.0
1954 silly placeDep ROOT gensync@1.0.0-beta.2 OK for: @babel/core@7.29.7 want: ^1.0.0-beta.2
1955 silly placeDep ROOT json5@2.2.3 OK for: @babel/core@7.29.7 want: ^2.2.3
1956 silly fetch manifest js-tokens@^4.0.0
1957 silly packumentCache full:https://registry.npmjs.org/js-tokens cache-miss
1958 silly fetch manifest @babel/helper-validator-identifier@^7.29.7
1959 silly packumentCache full:https://registry.npmjs.org/@babel%2fhelper-validator-identifier cache-miss
1960 silly fetch manifest jsesc@^3.0.2
1961 silly packumentCache full:https://registry.npmjs.org/jsesc cache-miss
1962 silly fetch manifest @jridgewell/gen-mapping@^0.3.12
1963 silly packumentCache full:https://registry.npmjs.org/@jridgewell%2fgen-mapping cache-miss
1964 silly fetch manifest @jridgewell/trace-mapping@^0.3.28
1965 silly packumentCache full:https://registry.npmjs.org/@jridgewell%2ftrace-mapping cache-miss
1966 silly fetch manifest lru-cache@^5.1.1
1967 silly packumentCache full:https://registry.npmjs.org/lru-cache cache-miss
1968 silly fetch manifest @babel/compat-data@^7.29.7
1969 silly packumentCache full:https://registry.npmjs.org/@babel%2fcompat-data cache-miss
1970 http fetch GET 200 https://registry.npmjs.org/js-tokens 140ms (cache miss)
1971 silly packumentCache full:https://registry.npmjs.org/js-tokens set size:undefined disposed:false
1972 silly fetch manifest @babel/helper-validator-option@^7.29.7
1973 silly packumentCache full:https://registry.npmjs.org/@babel%2fhelper-validator-option cache-miss
1974 http fetch GET 200 https://registry.npmjs.org/jsesc 143ms (cache miss)
1975 silly packumentCache full:https://registry.npmjs.org/jsesc set size:undefined disposed:false
1976 silly fetch manifest @babel/helper-module-imports@^7.29.7
1977 silly packumentCache full:https://registry.npmjs.org/@babel%2fhelper-module-imports cache-miss
1978 http fetch GET 200 https://registry.npmjs.org/@babel%2fhelper-validator-identifier 153ms (cache miss)
1979 silly packumentCache full:https://registry.npmjs.org/@babel%2fhelper-validator-identifier set size:undefined disposed:false
1980 silly fetch manifest @babel/helper-globals@^7.29.7
1981 silly packumentCache full:https://registry.npmjs.org/@babel%2fhelper-globals cache-miss
1982 http fetch GET 200 https://registry.npmjs.org/@jridgewell%2fgen-mapping 167ms (cache miss)
1983 silly packumentCache full:https://registry.npmjs.org/@jridgewell%2fgen-mapping set size:undefined disposed:false
1984 silly fetch manifest @babel/helper-string-parser@^7.29.7
1985 silly packumentCache full:https://registry.npmjs.org/@babel%2fhelper-string-parser cache-miss
1986 http fetch GET 200 https://registry.npmjs.org/@jridgewell%2ftrace-mapping 172ms (cache miss)
1987 silly packumentCache full:https://registry.npmjs.org/@jridgewell%2ftrace-mapping set size:undefined disposed:false
1988 silly fetch manifest @jridgewell/gen-mapping@^0.3.5
1989 silly packumentCache full:https://registry.npmjs.org/@jridgewell%2fgen-mapping cache-miss
1990 http fetch GET 200 https://registry.npmjs.org/@babel%2fcompat-data 181ms (cache miss)
1991 silly packumentCache full:https://registry.npmjs.org/@babel%2fcompat-data set size:undefined disposed:false
1992 silly fetch manifest @jridgewell/trace-mapping@^0.3.24
1993 silly packumentCache full:https://registry.npmjs.org/@jridgewell%2ftrace-mapping cache-miss
1994 http fetch GET 200 https://registry.npmjs.org/lru-cache 188ms (cache miss)
1995 silly packumentCache full:https://registry.npmjs.org/lru-cache set size:undefined disposed:false
1996 http cache https://registry.npmjs.org/@jridgewell%2fgen-mapping 25ms (cache hit)
1997 silly packumentCache full:https://registry.npmjs.org/@jridgewell%2fgen-mapping set size:75941 disposed:false
1998 http cache https://registry.npmjs.org/@jridgewell%2ftrace-mapping 19ms (cache hit)
1999 silly packumentCache full:https://registry.npmjs.org/@jridgewell%2ftrace-mapping set size:170909 disposed:false
2000 http fetch GET 200 https://registry.npmjs.org/@babel%2fhelper-module-imports 146ms (cache miss)
2001 silly packumentCache full:https://registry.npmjs.org/@babel%2fhelper-module-imports set size:undefined disposed:false
2002 http fetch GET 200 https://registry.npmjs.org/@babel%2fhelper-globals 141ms (cache miss)
2003 silly packumentCache full:https://registry.npmjs.org/@babel%2fhelper-globals set size:undefined disposed:false
2004 http fetch GET 200 https://registry.npmjs.org/@babel%2fhelper-validator-option 157ms (cache miss)
2005 silly packumentCache full:https://registry.npmjs.org/@babel%2fhelper-validator-option set size:undefined disposed:false
2006 http fetch GET 200 https://registry.npmjs.org/@babel%2fhelper-string-parser 143ms (cache miss)
2007 silly packumentCache full:https://registry.npmjs.org/@babel%2fhelper-string-parser set size:undefined disposed:false
2008 silly placeDep ROOT @babel/helper-validator-identifier@7.29.7 OK for: @babel/code-frame@7.29.7 want: ^7.29.7
2009 silly placeDep ROOT js-tokens@4.0.0 OK for: @babel/code-frame@7.29.7 want: ^4.0.0
2010 silly placeDep ROOT @jridgewell/gen-mapping@0.3.13 OK for: @babel/generator@7.29.7 want: ^0.3.12
2011 silly placeDep ROOT @jridgewell/trace-mapping@0.3.31 OK for: @babel/generator@7.29.7 want: ^0.3.28
2012 silly placeDep ROOT jsesc@3.1.0 OK for: @babel/generator@7.29.7 want: ^3.0.2
2013 silly fetch manifest @jridgewell/sourcemap-codec@^1.5.0
2014 silly packumentCache full:https://registry.npmjs.org/@jridgewell%2fsourcemap-codec cache-miss
2015 silly fetch manifest @jridgewell/resolve-uri@^3.1.0
2016 silly packumentCache full:https://registry.npmjs.org/@jridgewell%2fresolve-uri cache-miss
2017 silly fetch manifest @jridgewell/sourcemap-codec@^1.4.14
2018 silly packumentCache full:https://registry.npmjs.org/@jridgewell%2fsourcemap-codec cache-miss
2019 http fetch GET 200 https://registry.npmjs.org/@jridgewell%2fsourcemap-codec 143ms (cache miss)
2020 silly packumentCache full:https://registry.npmjs.org/@jridgewell%2fsourcemap-codec set size:undefined disposed:false
2021 http fetch GET 200 https://registry.npmjs.org/@jridgewell%2fsourcemap-codec 155ms (cache miss)
2022 silly packumentCache full:https://registry.npmjs.org/@jridgewell%2fsourcemap-codec set size:undefined disposed:false
2023 http fetch GET 200 https://registry.npmjs.org/@jridgewell%2fresolve-uri 157ms (cache miss)
2024 silly packumentCache full:https://registry.npmjs.org/@jridgewell%2fresolve-uri set size:undefined disposed:false
2025 silly placeDep ROOT @babel/compat-data@7.29.7 OK for: @babel/helper-compilation-targets@7.29.7 want: ^7.29.7
2026 silly placeDep ROOT @babel/helper-validator-option@7.29.7 OK for: @babel/helper-compilation-targets@7.29.7 want: ^7.29.7
2027 silly placeDep ROOT lru-cache@5.1.1 OK for: @babel/helper-compilation-targets@7.29.7 want: ^5.1.1
2028 silly fetch manifest yallist@^3.0.2
2029 silly packumentCache full:https://registry.npmjs.org/yallist cache-miss
2030 http fetch GET 200 https://registry.npmjs.org/yallist 136ms (cache miss)
2031 silly packumentCache full:https://registry.npmjs.org/yallist set size:undefined disposed:false
2032 silly placeDep ROOT @babel/helper-module-imports@7.29.7 OK for: @babel/helper-module-transforms@7.29.7 want: ^7.29.7
2033 silly placeDep ROOT @babel/helper-globals@7.29.7 OK for: @babel/traverse@7.29.7 want: ^7.29.7
2034 silly placeDep ROOT @babel/helper-string-parser@7.29.7 OK for: @babel/types@7.29.7 want: ^7.29.7
2035 silly placeDep ROOT @jridgewell/sourcemap-codec@1.5.5 OK for: @jridgewell/gen-mapping@0.3.13 want: ^1.5.0
2036 silly placeDep ROOT @jridgewell/resolve-uri@3.1.2 OK for: @jridgewell/trace-mapping@0.3.31 want: ^3.1.0
2037 silly placeDep ROOT @types/esrecurse@4.3.1 OK for: eslint-scope@9.1.2 want: ^4.3.1
2038 silly placeDep ROOT esrecurse@4.3.0 OK for: eslint-scope@9.1.2 want: ^4.3.0
2039 silly placeDep ROOT acorn@8.17.0 OK for: espree@11.2.0 want: ^8.16.0
2040 silly placeDep ROOT acorn-jsx@5.3.2 OK for: espree@11.2.0 want: ^5.3.2
2041 silly placeDep ROOT @nodelib/fs.stat@2.0.5 OK for: fast-glob@3.3.1 want: ^2.0.2
2042 silly placeDep ROOT @nodelib/fs.walk@1.2.8 OK for: fast-glob@3.3.1 want: ^1.2.3
2043 silly placeDep node_modules/fast-glob glob-parent@5.1.2 OK for: fast-glob@3.3.1 want: ^5.1.2
2044 silly placeDep ROOT merge2@1.4.1 OK for: fast-glob@3.3.1 want: ^1.3.0
2045 silly placeDep ROOT micromatch@4.0.8 OK for: fast-glob@3.3.1 want: ^4.0.4
2046 silly fetch manifest fastq@^1.6.0
2047 silly packumentCache full:https://registry.npmjs.org/fastq cache-miss
2048 silly fetch manifest @nodelib/fs.scandir@2.1.5
2049 silly packumentCache full:https://registry.npmjs.org/@nodelib%2ffs.scandir cache-miss
2050 silly fetch manifest braces@^3.0.3
2051 silly packumentCache full:https://registry.npmjs.org/braces cache-miss
2052 silly fetch manifest picomatch@^2.3.1
2053 silly packumentCache full:https://registry.npmjs.org/picomatch cache-miss
2054 http cache https://registry.npmjs.org/picomatch 9ms (cache hit)
2055 silly packumentCache full:https://registry.npmjs.org/picomatch set size:128942 disposed:false
2056 http fetch GET 200 https://registry.npmjs.org/fastq 132ms (cache miss)
2057 silly packumentCache full:https://registry.npmjs.org/fastq set size:undefined disposed:false
2058 http fetch GET 200 https://registry.npmjs.org/braces 135ms (cache miss)
2059 silly packumentCache full:https://registry.npmjs.org/braces set size:undefined disposed:false
2060 http fetch GET 200 https://registry.npmjs.org/@nodelib%2ffs.scandir 144ms (cache miss)
2061 silly packumentCache full:https://registry.npmjs.org/@nodelib%2ffs.scandir set size:undefined disposed:false
2062 silly placeDep ROOT @nodelib/fs.scandir@2.1.5 OK for: @nodelib/fs.walk@1.2.8 want: 2.1.5
2063 silly placeDep ROOT fastq@1.20.1 OK for: @nodelib/fs.walk@1.2.8 want: ^1.6.0
2064 silly fetch manifest run-parallel@^1.1.9
2065 silly packumentCache full:https://registry.npmjs.org/run-parallel cache-miss
2066 silly fetch manifest reusify@^1.0.4
2067 silly packumentCache full:https://registry.npmjs.org/reusify cache-miss
2068 http fetch GET 200 https://registry.npmjs.org/run-parallel 118ms (cache miss)
2069 silly packumentCache full:https://registry.npmjs.org/run-parallel set size:undefined disposed:false
2070 http fetch GET 200 https://registry.npmjs.org/reusify 131ms (cache miss)
2071 silly packumentCache full:https://registry.npmjs.org/reusify set size:undefined disposed:false
2072 silly placeDep ROOT run-parallel@1.2.0 OK for: @nodelib/fs.scandir@2.1.5 want: ^1.1.9
2073 silly fetch manifest queue-microtask@^1.2.2
2074 silly packumentCache full:https://registry.npmjs.org/queue-microtask cache-miss
2075 http fetch GET 200 https://registry.npmjs.org/queue-microtask 135ms (cache miss)
2076 silly packumentCache full:https://registry.npmjs.org/queue-microtask set size:undefined disposed:false
2077 silly placeDep ROOT reusify@1.1.0 OK for: fastq@1.20.1 want: ^1.0.4
2078 silly placeDep ROOT flat-cache@4.0.1 OK for: file-entry-cache@8.0.0 want: ^4.0.0
2079 silly fetch manifest keyv@^4.5.4
2080 silly packumentCache full:https://registry.npmjs.org/keyv cache-miss
2081 silly fetch manifest flatted@^3.2.9
2082 silly packumentCache full:https://registry.npmjs.org/flatted cache-miss
2083 http fetch GET 200 https://registry.npmjs.org/flatted 128ms (cache miss)
2084 silly packumentCache full:https://registry.npmjs.org/flatted set size:undefined disposed:false
2085 http fetch GET 200 https://registry.npmjs.org/keyv 139ms (cache miss)
2086 silly packumentCache full:https://registry.npmjs.org/keyv set size:undefined disposed:false
2087 silly placeDep ROOT locate-path@6.0.0 OK for: find-up@5.0.0 want: ^6.0.0
2088 silly placeDep ROOT path-exists@4.0.0 OK for: find-up@5.0.0 want: ^4.0.0
2089 silly fetch manifest p-locate@^5.0.0
2090 silly packumentCache full:https://registry.npmjs.org/p-locate cache-miss
2091 http fetch GET 200 https://registry.npmjs.org/p-locate 152ms (cache miss)
2092 silly packumentCache full:https://registry.npmjs.org/p-locate set size:undefined disposed:false
2093 silly placeDep ROOT flatted@3.4.2 OK for: flat-cache@4.0.1 want: ^3.2.9
2094 silly placeDep ROOT keyv@4.5.4 OK for: flat-cache@4.0.1 want: ^4.5.4
2095 silly fetch manifest json-buffer@3.0.1
2096 silly packumentCache full:https://registry.npmjs.org/json-buffer cache-miss
2097 http fetch GET 200 https://registry.npmjs.org/json-buffer 123ms (cache miss)
2098 silly packumentCache full:https://registry.npmjs.org/json-buffer set size:undefined disposed:false
2099 silly placeDep ROOT functions-have-names@1.2.3 OK for: function.prototype.name@1.2.0 want: ^1.2.3
2100 silly placeDep ROOT is-document.all@1.0.0 OK for: function.prototype.name@1.2.0 want: ^1.0.0
2101 silly placeDep ROOT dunder-proto@1.0.1 OK for: get-proto@1.0.1 want: ^1.0.1
2102 silly placeDep ROOT resolve-pkg-maps@1.0.0 OK for: get-tsconfig@4.14.0 want: ^1.0.0
2103 silly placeDep ROOT hermes-estree@0.25.1 OK for: hermes-parser@0.25.1 want: 0.25.1
2104 silly placeDep ROOT side-channel@1.1.1 OK for: internal-slot@1.1.0 want: ^1.1.0
2105 silly fetch manifest side-channel-list@^1.0.1
2106 silly packumentCache full:https://registry.npmjs.org/side-channel-list cache-miss
2107 silly fetch manifest side-channel-map@^1.0.1
2108 silly packumentCache full:https://registry.npmjs.org/side-channel-map cache-miss
2109 silly fetch manifest side-channel-weakmap@^1.0.2
2110 silly packumentCache full:https://registry.npmjs.org/side-channel-weakmap cache-miss
2111 http fetch GET 200 https://registry.npmjs.org/side-channel-list 129ms (cache miss)
2112 silly packumentCache full:https://registry.npmjs.org/side-channel-list set size:undefined disposed:false
2113 http fetch GET 200 https://registry.npmjs.org/side-channel-map 134ms (cache miss)
2114 silly packumentCache full:https://registry.npmjs.org/side-channel-map set size:undefined disposed:false
2115 http fetch GET 200 https://registry.npmjs.org/side-channel-weakmap 136ms (cache miss)
2116 silly packumentCache full:https://registry.npmjs.org/side-channel-weakmap set size:undefined disposed:false
2117 silly placeDep node_modules/is-bun-module semver@7.8.5 OK for: is-bun-module@2.0.0 want: ^7.7.1
2118 silly placeDep ROOT is-extglob@2.1.1 OK for: is-glob@4.0.3 want: ^2.1.1
2119 silly placeDep ROOT set-function-name@2.0.2 OK for: iterator.prototype@1.1.5 want: ^2.0.2
2120 silly placeDep ROOT json-buffer@3.0.1 OK for: keyv@4.5.4 want: 3.0.1
2121 silly placeDep ROOT language-subtag-registry@0.3.23 OK for: language-tags@1.0.9 want: ^0.3.20
2122 silly placeDep ROOT prelude-ls@1.2.1 OK for: levn@0.4.1 want: ^1.2.1
2123 silly placeDep ROOT type-check@0.4.0 OK for: levn@0.4.1 want: ~0.4.0
2124 silly placeDep ROOT p-locate@5.0.0 OK for: locate-path@6.0.0 want: ^5.0.0
2125 silly fetch manifest p-limit@^3.0.2
2126 silly packumentCache full:https://registry.npmjs.org/p-limit cache-miss
2127 http fetch GET 200 https://registry.npmjs.org/p-limit 131ms (cache miss)
2128 silly packumentCache full:https://registry.npmjs.org/p-limit set size:undefined disposed:false
2129 silly placeDep ROOT yallist@3.1.1 OK for: lru-cache@5.1.1 want: ^3.0.2
2130 silly placeDep ROOT braces@3.0.3 OK for: micromatch@4.0.8 want: ^3.0.3
2131 silly placeDep ROOT picomatch@2.3.2 OK for: micromatch@4.0.8 want: ^2.3.1
2132 silly fetch manifest fill-range@^7.1.1
2133 silly packumentCache full:https://registry.npmjs.org/fill-range cache-miss
2134 http fetch GET 200 https://registry.npmjs.org/fill-range 130ms (cache miss)
2135 silly packumentCache full:https://registry.npmjs.org/fill-range set size:undefined disposed:false
2136 silly placeDep ROOT fill-range@7.1.1 OK for: braces@3.0.3 want: ^7.1.1
2137 silly fetch manifest to-regex-range@^5.0.1
2138 silly packumentCache full:https://registry.npmjs.org/to-regex-range cache-miss
2139 http fetch GET 200 https://registry.npmjs.org/to-regex-range 128ms (cache miss)
2140 silly packumentCache full:https://registry.npmjs.org/to-regex-range set size:undefined disposed:false
2141 silly placeDep ROOT to-regex-range@5.0.1 OK for: fill-range@7.1.1 want: ^5.0.1
2142 silly fetch manifest is-number@^7.0.0
2143 silly packumentCache full:https://registry.npmjs.org/is-number cache-miss
2144 http fetch GET 200 https://registry.npmjs.org/is-number 126ms (cache miss)
2145 silly packumentCache full:https://registry.npmjs.org/is-number set size:undefined disposed:false
2146 silly placeDep ROOT brace-expansion@5.0.7 OK for: minimatch@10.2.5 want: ^5.0.5
2147 silly fetch manifest balanced-match@^4.0.2
2148 silly packumentCache full:https://registry.npmjs.org/balanced-match cache-miss
2149 http fetch GET 200 https://registry.npmjs.org/balanced-match 119ms (cache miss)
2150 silly packumentCache full:https://registry.npmjs.org/balanced-match set size:undefined disposed:false
2151 silly placeDep ROOT balanced-match@4.0.4 OK for: brace-expansion@5.0.7 want: ^4.0.2
2152 silly placeDep ROOT @next/env@16.2.10 OK for: next@16.2.10 want: 16.2.10
2153 silly placeDep ROOT @next/swc-darwin-arm64@16.2.10 OK for: next@16.2.10 want: 16.2.10
2154 silly placeDep ROOT @next/swc-darwin-x64@16.2.10 OK for: next@16.2.10 want: 16.2.10
2155 silly placeDep ROOT @next/swc-linux-arm64-gnu@16.2.10 OK for: next@16.2.10 want: 16.2.10
2156 silly placeDep ROOT @next/swc-linux-arm64-musl@16.2.10 OK for: next@16.2.10 want: 16.2.10
2157 silly placeDep ROOT @next/swc-linux-x64-gnu@16.2.10 OK for: next@16.2.10 want: 16.2.10
2158 silly placeDep ROOT @next/swc-linux-x64-musl@16.2.10 OK for: next@16.2.10 want: 16.2.10
2159 silly placeDep ROOT @next/swc-win32-arm64-msvc@16.2.10 OK for: next@16.2.10 want: 16.2.10
2160 silly placeDep ROOT @next/swc-win32-x64-msvc@16.2.10 OK for: next@16.2.10 want: 16.2.10
2161 silly placeDep ROOT @swc/helpers@0.5.15 OK for: next@16.2.10 want: 0.5.15
2162 silly placeDep node_modules/next postcss@8.4.31 OK for: next@16.2.10 want: 8.4.31
2163 silly placeDep ROOT sharp@0.34.5 OK for: next@16.2.10 want: ^0.34.5
2164 silly placeDep ROOT styled-jsx@5.1.6 OK for: next@16.2.10 want: 5.1.6
2165 silly fetch manifest tslib@^2.8.0
2166 silly packumentCache full:https://registry.npmjs.org/tslib cache-miss
2167 silly fetch manifest nanoid@^3.3.6
2168 silly packumentCache full:https://registry.npmjs.org/nanoid cache-miss
2169 silly fetch manifest source-map-js@^1.0.2
2170 silly packumentCache full:https://registry.npmjs.org/source-map-js cache-miss
2171 silly fetch manifest semver@^7.7.3
2172 silly packumentCache full:https://registry.npmjs.org/semver cache-hit
2173 silly fetch manifest @img/colour@^1.0.0
2174 silly packumentCache full:https://registry.npmjs.org/@img%2fcolour cache-miss
2175 silly fetch manifest detect-libc@^2.1.2
2176 silly packumentCache full:https://registry.npmjs.org/detect-libc cache-miss
2177 silly fetch manifest @img/sharp-wasm32@0.34.5
2178 silly packumentCache full:https://registry.npmjs.org/@img%2fsharp-wasm32 cache-miss
2179 silly fetch manifest @img/sharp-linux-arm@0.34.5
2180 silly packumentCache full:https://registry.npmjs.org/@img%2fsharp-linux-arm cache-miss
2181 http cache https://registry.npmjs.org/source-map-js 13ms (cache hit)
2182 silly packumentCache full:https://registry.npmjs.org/source-map-js set size:62640 disposed:false
2183 silly fetch manifest @img/sharp-linux-x64@0.34.5
2184 silly packumentCache full:https://registry.npmjs.org/@img%2fsharp-linux-x64 cache-miss
2185 http cache https://registry.npmjs.org/nanoid 18ms (cache hit)
2186 silly packumentCache full:https://registry.npmjs.org/nanoid set size:330515 disposed:false
2187 silly fetch manifest @img/sharp-win32-x64@0.34.5
2188 silly packumentCache full:https://registry.npmjs.org/@img%2fsharp-win32-x64 cache-miss
2189 http fetch GET 200 https://registry.npmjs.org/detect-libc 126ms (cache miss)
2190 silly packumentCache full:https://registry.npmjs.org/detect-libc set size:undefined disposed:false
2191 silly fetch manifest @img/sharp-darwin-x64@0.34.5
2192 silly packumentCache full:https://registry.npmjs.org/@img%2fsharp-darwin-x64 cache-miss
2193 http fetch GET 200 https://registry.npmjs.org/tslib 145ms (cache miss)
2194 silly packumentCache full:https://registry.npmjs.org/tslib set size:undefined disposed:false
2195 silly fetch manifest @img/sharp-win32-ia32@0.34.5
2196 silly packumentCache full:https://registry.npmjs.org/@img%2fsharp-win32-ia32 cache-miss
2197 http fetch GET 200 https://registry.npmjs.org/@img%2fcolour 153ms (cache miss)
2198 silly packumentCache full:https://registry.npmjs.org/@img%2fcolour set size:undefined disposed:false
2199 silly fetch manifest @img/sharp-linux-arm64@0.34.5
2200 silly packumentCache full:https://registry.npmjs.org/@img%2fsharp-linux-arm64 cache-miss
2201 http fetch GET 200 https://registry.npmjs.org/@img%2fsharp-linux-arm 153ms (cache miss)
2202 silly packumentCache full:https://registry.npmjs.org/@img%2fsharp-linux-arm set size:undefined disposed:false
2203 silly fetch manifest @img/sharp-linux-ppc64@0.34.5
2204 silly packumentCache full:https://registry.npmjs.org/@img%2fsharp-linux-ppc64 cache-miss
2205 http fetch GET 200 https://registry.npmjs.org/@img%2fsharp-wasm32 162ms (cache miss)
2206 silly packumentCache full:https://registry.npmjs.org/@img%2fsharp-wasm32 set size:undefined disposed:false
2207 silly fetch manifest @img/sharp-linux-s390x@0.34.5
2208 silly packumentCache full:https://registry.npmjs.org/@img%2fsharp-linux-s390x cache-miss
2209 http fetch GET 200 https://registry.npmjs.org/@img%2fsharp-win32-x64 149ms (cache miss)
2210 silly packumentCache full:https://registry.npmjs.org/@img%2fsharp-win32-x64 set size:undefined disposed:false
2211 silly fetch manifest @img/sharp-win32-arm64@0.34.5
2212 silly packumentCache full:https://registry.npmjs.org/@img%2fsharp-win32-arm64 cache-miss
2213 http fetch GET 200 https://registry.npmjs.org/@img%2fsharp-linux-x64 161ms (cache miss)
2214 silly packumentCache full:https://registry.npmjs.org/@img%2fsharp-linux-x64 set size:undefined disposed:false
2215 silly fetch manifest @img/sharp-darwin-arm64@0.34.5
2216 silly packumentCache full:https://registry.npmjs.org/@img%2fsharp-darwin-arm64 cache-miss
2217 http fetch GET 200 https://registry.npmjs.org/@img%2fsharp-darwin-x64 141ms (cache miss)
2218 silly packumentCache full:https://registry.npmjs.org/@img%2fsharp-darwin-x64 set size:undefined disposed:false
2219 silly fetch manifest @img/sharp-linux-riscv64@0.34.5
2220 silly packumentCache full:https://registry.npmjs.org/@img%2fsharp-linux-riscv64 cache-miss
2221 http fetch GET 200 https://registry.npmjs.org/@img%2fsharp-win32-ia32 147ms (cache miss)
2222 silly packumentCache full:https://registry.npmjs.org/@img%2fsharp-win32-ia32 set size:undefined disposed:false
2223 silly fetch manifest @img/sharp-linuxmusl-x64@0.34.5
2224 silly packumentCache full:https://registry.npmjs.org/@img%2fsharp-linuxmusl-x64 cache-miss
2225 http fetch GET 200 https://registry.npmjs.org/@img%2fsharp-linux-ppc64 159ms (cache miss)
2226 silly packumentCache full:https://registry.npmjs.org/@img%2fsharp-linux-ppc64 set size:undefined disposed:false
2227 silly fetch manifest @img/sharp-linuxmusl-arm64@0.34.5
2228 silly packumentCache full:https://registry.npmjs.org/@img%2fsharp-linuxmusl-arm64 cache-miss
2229 http fetch GET 200 https://registry.npmjs.org/@img%2fsharp-linux-arm64 171ms (cache miss)
2230 silly packumentCache full:https://registry.npmjs.org/@img%2fsharp-linux-arm64 set size:undefined disposed:false
2231 silly fetch manifest @img/sharp-libvips-linux-arm@1.2.4
2232 silly packumentCache full:https://registry.npmjs.org/@img%2fsharp-libvips-linux-arm cache-miss
2233 http fetch GET 200 https://registry.npmjs.org/@img%2fsharp-win32-arm64 156ms (cache miss)
2234 silly packumentCache full:https://registry.npmjs.org/@img%2fsharp-win32-arm64 set size:undefined disposed:false
2235 silly fetch manifest @img/sharp-libvips-linux-x64@1.2.4
2236 silly packumentCache full:https://registry.npmjs.org/@img%2fsharp-libvips-linux-x64 cache-miss
2237 http fetch GET 200 https://registry.npmjs.org/@img%2fsharp-linux-s390x 170ms (cache miss)
2238 silly packumentCache full:https://registry.npmjs.org/@img%2fsharp-linux-s390x set size:undefined disposed:false
2239 silly fetch manifest @img/sharp-libvips-darwin-x64@1.2.4
2240 silly packumentCache full:https://registry.npmjs.org/@img%2fsharp-libvips-darwin-x64 cache-miss
2241 http fetch GET 200 https://registry.npmjs.org/@img%2fsharp-darwin-arm64 167ms (cache miss)
2242 silly packumentCache full:https://registry.npmjs.org/@img%2fsharp-darwin-arm64 set size:undefined disposed:false
2243 silly fetch manifest @img/sharp-libvips-linux-arm64@1.2.4
2244 silly packumentCache full:https://registry.npmjs.org/@img%2fsharp-libvips-linux-arm64 cache-miss
2245 http fetch GET 200 https://registry.npmjs.org/@img%2fsharp-linux-riscv64 139ms (cache miss)
2246 silly packumentCache full:https://registry.npmjs.org/@img%2fsharp-linux-riscv64 set size:undefined disposed:false
2247 silly fetch manifest @img/sharp-libvips-linux-ppc64@1.2.4
2248 silly packumentCache full:https://registry.npmjs.org/@img%2fsharp-libvips-linux-ppc64 cache-miss
2249 http fetch GET 200 https://registry.npmjs.org/@img%2fsharp-libvips-darwin-x64 207ms (cache miss)
2250 silly packumentCache full:https://registry.npmjs.org/@img%2fsharp-libvips-darwin-x64 set size:undefined disposed:false
2251 silly fetch manifest @img/sharp-libvips-linux-s390x@1.2.4
2252 silly packumentCache full:https://registry.npmjs.org/@img%2fsharp-libvips-linux-s390x cache-miss
2253 http fetch GET 200 https://registry.npmjs.org/@img%2fsharp-libvips-linux-x64 214ms (cache miss)
2254 silly packumentCache full:https://registry.npmjs.org/@img%2fsharp-libvips-linux-x64 set size:undefined disposed:false
2255 silly fetch manifest @img/sharp-libvips-darwin-arm64@1.2.4
2256 silly packumentCache full:https://registry.npmjs.org/@img%2fsharp-libvips-darwin-arm64 cache-miss
2257 http fetch GET 200 https://registry.npmjs.org/@img%2fsharp-linuxmusl-arm64 229ms (cache miss)
2258 silly packumentCache full:https://registry.npmjs.org/@img%2fsharp-linuxmusl-arm64 set size:undefined disposed:false
2259 silly fetch manifest @img/sharp-libvips-linux-riscv64@1.2.4
2260 silly packumentCache full:https://registry.npmjs.org/@img%2fsharp-libvips-linux-riscv64 cache-miss
2261 http fetch GET 200 https://registry.npmjs.org/@img%2fsharp-libvips-linux-arm 228ms (cache miss)
2262 silly packumentCache full:https://registry.npmjs.org/@img%2fsharp-libvips-linux-arm set size:undefined disposed:false
2263 silly fetch manifest @img/sharp-libvips-linuxmusl-x64@1.2.4
2264 silly packumentCache full:https://registry.npmjs.org/@img%2fsharp-libvips-linuxmusl-x64 cache-miss
2265 http fetch GET 200 https://registry.npmjs.org/@img%2fsharp-libvips-linux-arm64 216ms (cache miss)
2266 silly packumentCache full:https://registry.npmjs.org/@img%2fsharp-libvips-linux-arm64 set size:undefined disposed:false
2267 silly fetch manifest @img/sharp-libvips-linuxmusl-arm64@1.2.4
2268 silly packumentCache full:https://registry.npmjs.org/@img%2fsharp-libvips-linuxmusl-arm64 cache-miss
2269 http fetch GET 200 https://registry.npmjs.org/@img%2fsharp-libvips-linux-ppc64 155ms (cache miss)
2270 silly packumentCache full:https://registry.npmjs.org/@img%2fsharp-libvips-linux-ppc64 set size:undefined disposed:false
2271 silly fetch manifest client-only@0.0.1
2272 silly packumentCache full:https://registry.npmjs.org/client-only cache-miss
2273 http fetch GET 200 https://registry.npmjs.org/@img%2fsharp-linuxmusl-x64 377ms (cache miss)
2274 silly packumentCache full:https://registry.npmjs.org/@img%2fsharp-linuxmusl-x64 set size:undefined disposed:false
2275 http fetch GET 200 https://registry.npmjs.org/@img%2fsharp-libvips-linux-riscv64 138ms (cache miss)
2276 silly packumentCache full:https://registry.npmjs.org/@img%2fsharp-libvips-linux-riscv64 set size:undefined disposed:false
2277 http fetch GET 200 https://registry.npmjs.org/@img%2fsharp-libvips-linux-s390x 148ms (cache miss)
2278 silly packumentCache full:https://registry.npmjs.org/@img%2fsharp-libvips-linux-s390x set size:undefined disposed:false
2279 http fetch GET 200 https://registry.npmjs.org/client-only 138ms (cache miss)
2280 silly packumentCache full:https://registry.npmjs.org/client-only set size:undefined disposed:false
2281 http fetch GET 200 https://registry.npmjs.org/@img%2fsharp-libvips-linuxmusl-x64 151ms (cache miss)
2282 silly packumentCache full:https://registry.npmjs.org/@img%2fsharp-libvips-linuxmusl-x64 set size:undefined disposed:false
2283 http fetch GET 200 https://registry.npmjs.org/@img%2fsharp-libvips-linuxmusl-arm64 146ms (cache miss)
2284 silly packumentCache full:https://registry.npmjs.org/@img%2fsharp-libvips-linuxmusl-arm64 set size:undefined disposed:false
2285 http fetch GET 200 https://registry.npmjs.org/@img%2fsharp-libvips-darwin-arm64 166ms (cache miss)
2286 silly packumentCache full:https://registry.npmjs.org/@img%2fsharp-libvips-darwin-arm64 set size:undefined disposed:false
2287 silly placeDep ROOT tslib@2.8.1 OK for: @swc/helpers@0.5.15 want: ^2.8.0
2288 silly placeDep ROOT deep-is@0.1.4 OK for: optionator@0.9.4 want: ^0.1.3
2289 silly placeDep ROOT fast-levenshtein@2.0.6 OK for: optionator@0.9.4 want: ^2.0.6
2290 silly placeDep ROOT word-wrap@1.2.5 OK for: optionator@0.9.4 want: ^1.2.5
2291 silly placeDep ROOT p-limit@3.1.0 OK for: p-locate@5.0.0 want: ^3.0.2
2292 silly fetch manifest yocto-queue@^0.1.0
2293 silly packumentCache full:https://registry.npmjs.org/yocto-queue cache-miss
2294 http fetch GET 200 https://registry.npmjs.org/yocto-queue 128ms (cache miss)
2295 silly packumentCache full:https://registry.npmjs.org/yocto-queue set size:undefined disposed:false
2296 silly placeDep ROOT yocto-queue@0.1.0 OK for: p-limit@3.1.0 want: ^0.1.0
2297 silly placeDep ROOT nanoid@3.3.15 OK for: postcss@8.5.16 want: ^3.3.12
2298 silly placeDep ROOT source-map-js@1.2.1 OK for: postcss@8.5.16 want: ^1.2.1
2299 silly placeDep ROOT @prisma/config@7.8.0 OK for: prisma@7.8.0 want: 7.8.0
2300 silly placeDep ROOT @prisma/dev@0.24.3 OK for: prisma@7.8.0 want: 0.24.3
2301 silly placeDep ROOT @prisma/engines@7.8.0 OK for: prisma@7.8.0 want: 7.8.0
2302 silly placeDep ROOT @prisma/studio-core@0.27.3 OK for: prisma@7.8.0 want: 0.27.3
2303 silly placeDep ROOT mysql2@3.15.3 OK for: prisma@7.8.0 want: 3.15.3
2304 silly placeDep ROOT postgres@3.4.7 OK for: prisma@7.8.0 want: 3.4.7
2305 silly fetch manifest c12@3.3.4
2306 silly packumentCache full:https://registry.npmjs.org/c12 cache-miss
2307 silly fetch manifest effect@3.20.0
2308 silly packumentCache full:https://registry.npmjs.org/effect cache-miss
2309 silly fetch manifest empathic@2.0.0
2310 silly packumentCache full:https://registry.npmjs.org/empathic cache-miss
2311 silly fetch manifest deepmerge-ts@7.1.5
2312 silly packumentCache full:https://registry.npmjs.org/deepmerge-ts cache-miss
2313 silly fetch manifest hono@^4.12.8
2314 silly packumentCache full:https://registry.npmjs.org/hono cache-miss
2315 silly fetch manifest pathe@2.0.3
2316 silly packumentCache full:https://registry.npmjs.org/pathe cache-miss
2317 silly fetch manifest remeda@2.33.4
2318 silly packumentCache full:https://registry.npmjs.org/remeda cache-miss
2319 http fetch GET 200 https://registry.npmjs.org/empathic 128ms (cache miss)
2320 silly packumentCache full:https://registry.npmjs.org/empathic set size:undefined disposed:false
2321 silly fetch manifest std-env@3.10.0
2322 silly packumentCache full:https://registry.npmjs.org/std-env cache-miss
2323 http fetch GET 200 https://registry.npmjs.org/pathe 142ms (cache miss)
2324 silly packumentCache full:https://registry.npmjs.org/pathe set size:undefined disposed:false
2325 silly fetch manifest valibot@1.2.0
2326 silly packumentCache full:https://registry.npmjs.org/valibot cache-miss
2327 http fetch GET 200 https://registry.npmjs.org/c12 152ms (cache miss)
2328 silly packumentCache full:https://registry.npmjs.org/c12 set size:undefined disposed:false
2329 silly fetch manifest zeptomatch@2.1.0
2330 silly packumentCache full:https://registry.npmjs.org/zeptomatch cache-miss
2331 http fetch GET 200 https://registry.npmjs.org/deepmerge-ts 162ms (cache miss)
2332 silly packumentCache full:https://registry.npmjs.org/deepmerge-ts set size:undefined disposed:false
2333 silly fetch manifest get-port-please@3.2.0
2334 silly packumentCache full:https://registry.npmjs.org/get-port-please cache-miss
2335 http fetch GET 200 https://registry.npmjs.org/remeda 177ms (cache miss)
2336 silly packumentCache full:https://registry.npmjs.org/remeda set size:undefined disposed:false
2337 silly fetch manifest proper-lockfile@4.1.2
2338 silly packumentCache full:https://registry.npmjs.org/proper-lockfile cache-miss
2339 http fetch GET 200 https://registry.npmjs.org/hono 247ms (cache miss)
2340 silly packumentCache full:https://registry.npmjs.org/hono set size:undefined disposed:false
2341 silly fetch manifest foreground-child@3.3.1
2342 silly packumentCache full:https://registry.npmjs.org/foreground-child cache-miss
2343 http fetch GET 200 https://registry.npmjs.org/zeptomatch 181ms (cache miss)
2344 silly packumentCache full:https://registry.npmjs.org/zeptomatch set size:undefined disposed:false
2345 silly fetch manifest @hono/node-server@1.19.11
2346 silly packumentCache full:https://registry.npmjs.org/@hono%2fnode-server cache-miss
2347 http fetch GET 200 https://registry.npmjs.org/std-env 212ms (cache miss)
2348 silly packumentCache full:https://registry.npmjs.org/std-env set size:undefined disposed:false
2349 silly fetch manifest http-status-codes@2.3.0
2350 silly packumentCache full:https://registry.npmjs.org/http-status-codes cache-miss
2351 http fetch GET 200 https://registry.npmjs.org/get-port-please 175ms (cache miss)
2352 silly packumentCache full:https://registry.npmjs.org/get-port-please set size:undefined disposed:false
2353 silly fetch manifest @electric-sql/pglite@0.4.1
2354 silly packumentCache full:https://registry.npmjs.org/@electric-sql%2fpglite cache-miss
2355 http fetch GET 200 https://registry.npmjs.org/proper-lockfile 159ms (cache miss)
2356 silly packumentCache full:https://registry.npmjs.org/proper-lockfile set size:undefined disposed:false
2357 silly fetch manifest @prisma/get-platform@7.2.0
2358 silly packumentCache full:https://registry.npmjs.org/@prisma%2fget-platform cache-miss
2359 http fetch GET 200 https://registry.npmjs.org/valibot 209ms (cache miss)
2360 silly packumentCache full:https://registry.npmjs.org/valibot set size:undefined disposed:false
2361 silly fetch manifest @prisma/streams-local@0.1.2
2362 silly packumentCache full:https://registry.npmjs.org/@prisma%2fstreams-local cache-miss
2363 http cache https://registry.npmjs.org/@electric-sql%2fpglite 40ms (cache hit)
2364 silly packumentCache full:https://registry.npmjs.org/@electric-sql%2fpglite set size:344589 disposed:false
2365 silly fetch manifest @electric-sql/pglite-tools@0.3.1
2366 silly packumentCache full:https://registry.npmjs.org/@electric-sql%2fpglite-tools cache-miss
2367 http fetch GET 200 https://registry.npmjs.org/foreground-child 514ms (cache miss)
2368 silly packumentCache full:https://registry.npmjs.org/foreground-child set size:undefined disposed:false
2369 silly fetch manifest @electric-sql/pglite-socket@0.1.1
2370 silly packumentCache full:https://registry.npmjs.org/@electric-sql%2fpglite-socket cache-miss
2371 http fetch GET 200 https://registry.npmjs.org/@electric-sql%2fpglite-tools 436ms (cache miss)
2372 silly packumentCache full:https://registry.npmjs.org/@electric-sql%2fpglite-tools set size:undefined disposed:false
2373 silly fetch manifest @prisma/query-plan-executor@7.2.0
2374 silly packumentCache full:https://registry.npmjs.org/@prisma%2fquery-plan-executor cache-miss
2375 http fetch GET 200 https://registry.npmjs.org/@prisma%2fstreams-local 468ms (cache miss)
2376 silly packumentCache full:https://registry.npmjs.org/@prisma%2fstreams-local set size:undefined disposed:false
2377 silly fetch manifest @prisma/debug@7.8.0
2378 silly packumentCache full:https://registry.npmjs.org/@prisma%2fdebug cache-miss
2379 http fetch GET 200 https://registry.npmjs.org/http-status-codes 489ms (cache miss)
2380 silly packumentCache full:https://registry.npmjs.org/http-status-codes set size:undefined disposed:false
2381 silly fetch manifest @prisma/fetch-engine@7.8.0
2382 silly packumentCache full:https://registry.npmjs.org/@prisma%2ffetch-engine cache-miss
2383 http fetch GET 200 https://registry.npmjs.org/@hono%2fnode-server 502ms (cache miss)
2384 silly packumentCache full:https://registry.npmjs.org/@hono%2fnode-server set size:undefined disposed:false
2385 silly fetch manifest @prisma/get-platform@7.8.0
2386 silly packumentCache full:https://registry.npmjs.org/@prisma%2fget-platform cache-miss
2387 http fetch GET 200 https://registry.npmjs.org/effect 936ms (cache miss)
2388 silly packumentCache full:https://registry.npmjs.org/effect set size:undefined disposed:false
2389 silly fetch manifest @prisma/engines-version@7.8.0-6.3c6e192761c0362d496ed980de936e2f3cebcd3a
2390 silly packumentCache full:https://registry.npmjs.org/@prisma%2fengines-version cache-miss
2391 http fetch GET 200 https://registry.npmjs.org/@electric-sql%2fpglite-socket 313ms (cache miss)
2392 silly packumentCache full:https://registry.npmjs.org/@electric-sql%2fpglite-socket set size:undefined disposed:false
2393 silly fetch manifest chart.js@4.5.1
2394 silly packumentCache full:https://registry.npmjs.org/chart.js cache-miss
2395 http fetch GET 200 https://registry.npmjs.org/@prisma%2fquery-plan-executor 361ms (cache miss)
2396 silly packumentCache full:https://registry.npmjs.org/@prisma%2fquery-plan-executor set size:undefined disposed:false
2397 silly fetch manifest @radix-ui/react-toggle@1.1.10
2398 silly packumentCache full:https://registry.npmjs.org/@radix-ui%2freact-toggle cache-miss
2399 http fetch GET 200 https://registry.npmjs.org/chart.js 707ms (cache miss)
2400 silly packumentCache full:https://registry.npmjs.org/chart.js set size:undefined disposed:false
2401 silly fetch manifest long@^5.2.1
2402 silly packumentCache full:https://registry.npmjs.org/long cache-miss
2403 http fetch GET 200 https://registry.npmjs.org/@radix-ui%2freact-toggle 726ms (cache miss)
2404 silly packumentCache full:https://registry.npmjs.org/@radix-ui%2freact-toggle set size:undefined disposed:false
2405 silly fetch manifest denque@^2.1.0
2406 silly packumentCache full:https://registry.npmjs.org/denque cache-miss
2407 http fetch GET 200 https://registry.npmjs.org/denque 422ms (cache miss)
2408 silly packumentCache full:https://registry.npmjs.org/denque set size:undefined disposed:false
2409 silly fetch manifest lru.min@^1.0.0
2410 silly packumentCache full:https://registry.npmjs.org/lru.min cache-miss
2411 http fetch GET 200 https://registry.npmjs.org/long 515ms (cache miss)
2412 silly packumentCache full:https://registry.npmjs.org/long set size:undefined disposed:false
2413 silly fetch manifest seq-queue@^0.0.5
2414 silly packumentCache full:https://registry.npmjs.org/seq-queue cache-miss
2415 http fetch GET 200 https://registry.npmjs.org/@prisma%2fget-platform 2025ms (cache miss)
2416 silly packumentCache full:https://registry.npmjs.org/@prisma%2fget-platform set size:undefined disposed:false
2417 silly fetch manifest sqlstring@^2.3.2
2418 silly packumentCache full:https://registry.npmjs.org/sqlstring cache-miss
2419 http fetch GET 200 https://registry.npmjs.org/lru.min 292ms (cache miss)
2420 silly packumentCache full:https://registry.npmjs.org/lru.min set size:undefined disposed:false
2421 silly fetch manifest iconv-lite@^0.7.0
2422 silly packumentCache full:https://registry.npmjs.org/iconv-lite cache-miss
2423 http fetch GET 200 https://registry.npmjs.org/seq-queue 279ms (cache miss)
2424 silly packumentCache full:https://registry.npmjs.org/seq-queue set size:undefined disposed:false
2425 silly fetch manifest aws-ssl-profiles@^1.1.1
2426 silly packumentCache full:https://registry.npmjs.org/aws-ssl-profiles cache-miss
2427 http fetch GET 200 https://registry.npmjs.org/@prisma%2fengines-version 1687ms (cache miss)
2428 silly packumentCache full:https://registry.npmjs.org/@prisma%2fengines-version set size:undefined disposed:false
2429 silly fetch manifest generate-function@^2.3.1
2430 silly packumentCache full:https://registry.npmjs.org/generate-function cache-miss
2431 http fetch GET 200 https://registry.npmjs.org/sqlstring 1668ms (cache miss)
2432 silly packumentCache full:https://registry.npmjs.org/sqlstring set size:undefined disposed:false
2433 silly fetch manifest named-placeholders@^1.1.3
2434 silly packumentCache full:https://registry.npmjs.org/named-placeholders cache-miss
2435 http fetch GET 200 https://registry.npmjs.org/generate-function 1492ms (cache miss)
2436 silly packumentCache full:https://registry.npmjs.org/generate-function set size:undefined disposed:false
2437 http fetch GET 200 https://registry.npmjs.org/aws-ssl-profiles 1638ms (cache miss)
2438 silly packumentCache full:https://registry.npmjs.org/aws-ssl-profiles set size:undefined disposed:false
2439 http fetch GET 200 https://registry.npmjs.org/iconv-lite 1643ms (cache miss)
2440 silly packumentCache full:https://registry.npmjs.org/iconv-lite set size:undefined disposed:false
2441 http fetch GET 200 https://registry.npmjs.org/named-placeholders 164ms (cache miss)
2442 silly packumentCache full:https://registry.npmjs.org/named-placeholders set size:undefined disposed:false
2443 http fetch GET 200 https://registry.npmjs.org/@prisma%2fget-platform 4052ms (cache miss)
2444 silly packumentCache full:https://registry.npmjs.org/@prisma%2fget-platform set size:undefined disposed:false
2445 http fetch GET 200 https://registry.npmjs.org/@prisma%2fdebug 4273ms (cache miss)
2446 silly packumentCache full:https://registry.npmjs.org/@prisma%2fdebug set size:undefined disposed:false
2447 http fetch GET 200 https://registry.npmjs.org/@prisma%2ffetch-engine 4445ms (cache miss)
2448 silly packumentCache full:https://registry.npmjs.org/@prisma%2ffetch-engine set size:undefined disposed:false
2449 silly placeDep ROOT c12@3.3.4 OK for: @prisma/config@7.8.0 want: 3.3.4
2450 silly placeDep ROOT deepmerge-ts@7.1.5 OK for: @prisma/config@7.8.0 want: 7.1.5
2451 silly placeDep ROOT effect@3.20.0 OK for: @prisma/config@7.8.0 want: 3.20.0
2452 silly placeDep ROOT empathic@2.0.0 OK for: @prisma/config@7.8.0 want: 2.0.0
2453 silly fetch manifest rc9@^3.0.1
2454 silly packumentCache full:https://registry.npmjs.org/rc9 cache-miss
2455 silly fetch manifest jiti@^2.6.1
2456 silly packumentCache full:https://registry.npmjs.org/jiti cache-hit
2457 silly fetch manifest giget@^3.2.0
2458 silly packumentCache full:https://registry.npmjs.org/giget cache-miss
2459 silly fetch manifest ohash@^2.0.11
2460 silly packumentCache full:https://registry.npmjs.org/ohash cache-miss
2461 silly fetch manifest pathe@^2.0.3
2462 silly packumentCache full:https://registry.npmjs.org/pathe cache-miss
2463 silly fetch manifest dotenv@^17.3.1
2464 silly packumentCache full:https://registry.npmjs.org/dotenv cache-miss
2465 silly fetch manifest confbox@^0.2.4
2466 silly packumentCache full:https://registry.npmjs.org/confbox cache-miss
2467 silly fetch manifest exsolve@^1.0.8
2468 silly packumentCache full:https://registry.npmjs.org/exsolve cache-miss
2469 http cache https://registry.npmjs.org/pathe 13ms (cache hit)
2470 silly packumentCache full:https://registry.npmjs.org/pathe set size:68788 disposed:false
2471 silly fetch manifest chokidar@^5.0.0
2472 silly packumentCache full:https://registry.npmjs.org/chokidar cache-miss
2473 http cache https://registry.npmjs.org/chokidar 6ms (cache hit)
2474 silly packumentCache full:https://registry.npmjs.org/chokidar set size:255902 disposed:false
2475 silly fetch manifest pkg-types@^2.3.0
2476 silly packumentCache full:https://registry.npmjs.org/pkg-types cache-miss
2477 http fetch GET 200 https://registry.npmjs.org/rc9 137ms (cache miss)
2478 silly packumentCache full:https://registry.npmjs.org/rc9 set size:undefined disposed:false
2479 silly fetch manifest perfect-debounce@^2.1.0
2480 silly packumentCache full:https://registry.npmjs.org/perfect-debounce cache-miss
2481 http fetch GET 200 https://registry.npmjs.org/exsolve 141ms (cache miss)
2482 silly packumentCache full:https://registry.npmjs.org/exsolve set size:undefined disposed:false
2483 silly fetch manifest fast-check@^3.23.1
2484 silly packumentCache full:https://registry.npmjs.org/fast-check cache-miss
2485 http fetch GET 200 https://registry.npmjs.org/giget 150ms (cache miss)
2486 silly packumentCache full:https://registry.npmjs.org/giget set size:undefined disposed:false
2487 http fetch GET 200 https://registry.npmjs.org/ohash 152ms (cache miss)
2488 silly packumentCache full:https://registry.npmjs.org/ohash set size:undefined disposed:false
2489 http fetch GET 200 https://registry.npmjs.org/confbox 328ms (cache miss)
2490 silly packumentCache full:https://registry.npmjs.org/confbox set size:undefined disposed:false
2491 http fetch GET 200 https://registry.npmjs.org/perfect-debounce 194ms (cache miss)
2492 silly packumentCache full:https://registry.npmjs.org/perfect-debounce set size:undefined disposed:false
2493 http fetch GET 200 https://registry.npmjs.org/pkg-types 310ms (cache miss)
2494 silly packumentCache full:https://registry.npmjs.org/pkg-types set size:undefined disposed:false
2495 http fetch GET 200 https://registry.npmjs.org/fast-check 206ms (cache miss)
2496 silly packumentCache full:https://registry.npmjs.org/fast-check set size:undefined disposed:false
2497 http fetch GET 200 https://registry.npmjs.org/dotenv 860ms (cache miss)
2498 silly packumentCache full:https://registry.npmjs.org/dotenv set size:undefined disposed:false
2499 silly placeDep ROOT @electric-sql/pglite@0.4.1 OK for: @prisma/dev@0.24.3 want: 0.4.1
2500 silly placeDep ROOT @electric-sql/pglite-socket@0.1.1 OK for: @prisma/dev@0.24.3 want: 0.1.1
2501 silly placeDep ROOT @electric-sql/pglite-tools@0.3.1 OK for: @prisma/dev@0.24.3 want: 0.3.1
2502 silly placeDep ROOT @hono/node-server@1.19.11 OK for: @prisma/dev@0.24.3 want: 1.19.11
2503 silly placeDep ROOT @prisma/get-platform@7.2.0 OK for: @prisma/dev@0.24.3 want: 7.2.0
2504 silly placeDep ROOT @prisma/query-plan-executor@7.2.0 OK for: @prisma/dev@0.24.3 want: 7.2.0
2505 silly placeDep ROOT @prisma/streams-local@0.1.2 OK for: @prisma/dev@0.24.3 want: 0.1.2
2506 silly placeDep ROOT foreground-child@3.3.1 OK for: @prisma/dev@0.24.3 want: 3.3.1
2507 silly placeDep ROOT get-port-please@3.2.0 OK for: @prisma/dev@0.24.3 want: 3.2.0
2508 silly placeDep ROOT hono@4.12.28 OK for: @prisma/dev@0.24.3 want: ^4.12.8
2509 silly placeDep ROOT http-status-codes@2.3.0 OK for: @prisma/dev@0.24.3 want: 2.3.0
2510 silly placeDep ROOT pathe@2.0.3 OK for: @prisma/dev@0.24.3 want: 2.0.3
2511 silly placeDep ROOT proper-lockfile@4.1.2 OK for: @prisma/dev@0.24.3 want: 4.1.2
2512 silly placeDep ROOT remeda@2.33.4 OK for: @prisma/dev@0.24.3 want: 2.33.4
2513 silly placeDep ROOT std-env@3.10.0 OK for: @prisma/dev@0.24.3 want: 3.10.0
2514 silly placeDep ROOT valibot@1.2.0 OK for: @prisma/dev@0.24.3 want: 1.2.0
2515 silly placeDep ROOT zeptomatch@2.1.0 OK for: @prisma/dev@0.24.3 want: 2.1.0
2516 silly fetch manifest @prisma/debug@7.2.0
2517 silly packumentCache full:https://registry.npmjs.org/@prisma%2fdebug cache-miss
2518 silly fetch manifest ajv@^8.12.0
2519 silly packumentCache full:https://registry.npmjs.org/ajv cache-miss
2520 silly fetch manifest env-paths@^3.0.0
2521 silly packumentCache full:https://registry.npmjs.org/env-paths cache-miss
2522 silly fetch manifest better-result@^2.7.0
2523 silly packumentCache full:https://registry.npmjs.org/better-result cache-miss
2524 silly fetch manifest proper-lockfile@^4.1.2
2525 silly packumentCache full:https://registry.npmjs.org/proper-lockfile cache-miss
2526 silly fetch manifest signal-exit@^4.0.1
2527 silly packumentCache full:https://registry.npmjs.org/signal-exit cache-miss
2528 silly fetch manifest graceful-fs@^4.2.4
2529 silly packumentCache full:https://registry.npmjs.org/graceful-fs cache-miss
2530 http cache https://registry.npmjs.org/proper-lockfile 18ms (cache hit)
2531 silly packumentCache full:https://registry.npmjs.org/proper-lockfile set size:82421 disposed:false
2532 silly fetch manifest retry@^0.12.0
2533 silly packumentCache full:https://registry.npmjs.org/retry cache-miss
2534 http cache https://registry.npmjs.org/ajv 25ms (cache hit)
2535 silly packumentCache full:https://registry.npmjs.org/ajv set size:1142658 disposed:false
2536 silly fetch manifest signal-exit@^3.0.2
2537 silly packumentCache full:https://registry.npmjs.org/signal-exit cache-miss
2538 http cache https://registry.npmjs.org/@prisma%2fdebug 143ms (cache hit)
2539 silly packumentCache full:https://registry.npmjs.org/@prisma%2fdebug set size:28734619 disposed:false
2540 silly fetch manifest grammex@^3.1.11
2541 silly packumentCache full:https://registry.npmjs.org/grammex cache-miss
2542 http fetch GET 200 https://registry.npmjs.org/signal-exit 466ms (cache miss)
2543 silly packumentCache full:https://registry.npmjs.org/signal-exit set size:undefined disposed:false
2544 silly fetch manifest graphmatch@^1.1.0
2545 silly packumentCache full:https://registry.npmjs.org/graphmatch cache-miss
2546 http fetch GET 200 https://registry.npmjs.org/better-result 471ms (cache miss)
2547 silly packumentCache full:https://registry.npmjs.org/better-result set size:undefined disposed:false
2548 http fetch GET 200 https://registry.npmjs.org/env-paths 473ms (cache miss)
2549 silly packumentCache full:https://registry.npmjs.org/env-paths set size:undefined disposed:false
2550 http fetch GET 200 https://registry.npmjs.org/retry 454ms (cache miss)
2551 silly packumentCache full:https://registry.npmjs.org/retry set size:undefined disposed:false
2552 http fetch GET 200 https://registry.npmjs.org/signal-exit 523ms (cache miss)
2553 silly packumentCache full:https://registry.npmjs.org/signal-exit set size:undefined disposed:false
2554 http fetch GET 200 https://registry.npmjs.org/graphmatch 129ms (cache miss)
2555 silly packumentCache full:https://registry.npmjs.org/graphmatch set size:undefined disposed:false
2556 http fetch GET 200 https://registry.npmjs.org/graceful-fs 606ms (cache miss)
2557 silly packumentCache full:https://registry.npmjs.org/graceful-fs set size:undefined disposed:false
2558 http fetch GET 200 https://registry.npmjs.org/grammex 235ms (cache miss)
2559 silly packumentCache full:https://registry.npmjs.org/grammex set size:undefined disposed:false
2560 silly placeDep ROOT @prisma/debug@7.8.0 OK for: @prisma/engines@7.8.0 want: 7.8.0
2561 silly placeDep ROOT @prisma/engines-version@7.8.0-6.3c6e192761c0362d496ed980de936e2f3cebcd3a OK for: @prisma/engines@7.8.0 want: 7.8.0-6.3c6e192761c0362d496ed980de936e2f3cebcd3a
2562 silly placeDep ROOT @prisma/fetch-engine@7.8.0 OK for: @prisma/engines@7.8.0 want: 7.8.0
2563 silly placeDep node_modules/@prisma/engines @prisma/get-platform@7.8.0 OK for: @prisma/engines@7.8.0 want: 7.8.0
2564 silly placeDep node_modules/@prisma/fetch-engine @prisma/get-platform@7.8.0 OK for: @prisma/fetch-engine@7.8.0 want: 7.8.0
2565 silly placeDep node_modules/@prisma/get-platform @prisma/debug@7.2.0 OK for: @prisma/get-platform@7.2.0 want: 7.2.0
2566 silly placeDep node_modules/@prisma/streams-local ajv@8.20.0 OK for: @prisma/streams-local@0.1.2 want: ^8.12.0
2567 silly placeDep ROOT better-result@2.9.2 OK for: @prisma/streams-local@0.1.2 want: ^2.7.0
2568 silly placeDep ROOT env-paths@3.0.0 OK for: @prisma/streams-local@0.1.2 want: ^3.0.0
2569 silly fetch manifest fast-uri@^3.0.1
2570 silly packumentCache full:https://registry.npmjs.org/fast-uri cache-miss
2571 silly fetch manifest json-schema-traverse@^1.0.0
2572 silly packumentCache full:https://registry.npmjs.org/json-schema-traverse cache-miss
2573 silly fetch manifest require-from-string@^2.0.2
2574 silly packumentCache full:https://registry.npmjs.org/require-from-string cache-miss
2575 http cache https://registry.npmjs.org/json-schema-traverse 53ms (cache hit)
2576 silly packumentCache full:https://registry.npmjs.org/json-schema-traverse set size:23537 disposed:false
2577 http fetch GET 200 https://registry.npmjs.org/require-from-string 133ms (cache miss)
2578 silly packumentCache full:https://registry.npmjs.org/require-from-string set size:undefined disposed:false
2579 http fetch GET 200 https://registry.npmjs.org/fast-uri 136ms (cache miss)
2580 silly packumentCache full:https://registry.npmjs.org/fast-uri set size:undefined disposed:false
2581 silly placeDep ROOT @radix-ui/react-toggle@1.1.10 OK for: @prisma/studio-core@0.27.3 want: 1.1.10
2582 silly placeDep ROOT chart.js@4.5.1 OK for: @prisma/studio-core@0.27.3 want: 4.5.1
2583 silly fetch manifest @radix-ui/primitive@1.1.3
2584 silly packumentCache full:https://registry.npmjs.org/@radix-ui%2fprimitive cache-miss
2585 silly fetch manifest @radix-ui/react-primitive@2.1.3
2586 silly packumentCache full:https://registry.npmjs.org/@radix-ui%2freact-primitive cache-miss
2587 silly fetch manifest @radix-ui/react-use-controllable-state@1.2.2
2588 silly packumentCache full:https://registry.npmjs.org/@radix-ui%2freact-use-controllable-state cache-miss
2589 silly fetch manifest @kurkle/color@^0.3.0
2590 silly packumentCache full:https://registry.npmjs.org/@kurkle%2fcolor cache-miss
2591 http fetch GET 200 https://registry.npmjs.org/@radix-ui%2fprimitive 204ms (cache miss)
2592 silly packumentCache full:https://registry.npmjs.org/@radix-ui%2fprimitive set size:undefined disposed:false
2593 http fetch GET 200 https://registry.npmjs.org/@radix-ui%2freact-use-controllable-state 212ms (cache miss)
2594 silly packumentCache full:https://registry.npmjs.org/@radix-ui%2freact-use-controllable-state set size:undefined disposed:false
2595 http fetch GET 200 https://registry.npmjs.org/@radix-ui%2freact-primitive 221ms (cache miss)
2596 silly packumentCache full:https://registry.npmjs.org/@radix-ui%2freact-primitive set size:undefined disposed:false
2597 http fetch GET 200 https://registry.npmjs.org/@kurkle%2fcolor 369ms (cache miss)
2598 silly packumentCache full:https://registry.npmjs.org/@kurkle%2fcolor set size:undefined disposed:false
2599 silly placeDep ROOT @radix-ui/primitive@1.1.3 OK for: @radix-ui/react-toggle@1.1.10 want: 1.1.3
2600 silly placeDep ROOT @radix-ui/react-primitive@2.1.3 OK for: @radix-ui/react-toggle@1.1.10 want: 2.1.3
2601 silly placeDep ROOT @radix-ui/react-use-controllable-state@1.2.2 OK for: @radix-ui/react-toggle@1.1.10 want: 1.2.2
2602 silly fetch manifest @radix-ui/react-slot@1.2.3
2603 silly packumentCache full:https://registry.npmjs.org/@radix-ui%2freact-slot cache-miss
2604 silly fetch manifest @radix-ui/react-use-effect-event@0.0.2
2605 silly packumentCache full:https://registry.npmjs.org/@radix-ui%2freact-use-effect-event cache-miss
2606 silly fetch manifest @radix-ui/react-use-layout-effect@1.1.1
2607 silly packumentCache full:https://registry.npmjs.org/@radix-ui%2freact-use-layout-effect cache-miss
2608 http fetch GET 200 https://registry.npmjs.org/@radix-ui%2freact-use-effect-event 142ms (cache miss)
2609 silly packumentCache full:https://registry.npmjs.org/@radix-ui%2freact-use-effect-event set size:undefined disposed:false
2610 http fetch GET 200 https://registry.npmjs.org/@radix-ui%2freact-use-layout-effect 222ms (cache miss)
2611 silly packumentCache full:https://registry.npmjs.org/@radix-ui%2freact-use-layout-effect set size:undefined disposed:false
2612 http fetch GET 200 https://registry.npmjs.org/@radix-ui%2freact-slot 879ms (cache miss)
2613 silly packumentCache full:https://registry.npmjs.org/@radix-ui%2freact-slot set size:undefined disposed:false
2614 silly placeDep ROOT @radix-ui/react-slot@1.2.3 OK for: @radix-ui/react-primitive@2.1.3 want: 1.2.3
2615 silly fetch manifest @radix-ui/react-compose-refs@1.1.2
2616 silly packumentCache full:https://registry.npmjs.org/@radix-ui%2freact-compose-refs cache-miss
2617 http fetch GET 200 https://registry.npmjs.org/@radix-ui%2freact-compose-refs 158ms (cache miss)
2618 silly packumentCache full:https://registry.npmjs.org/@radix-ui%2freact-compose-refs set size:undefined disposed:false
2619 silly placeDep ROOT @radix-ui/react-compose-refs@1.1.2 OK for: @radix-ui/react-slot@1.2.3 want: 1.1.2
2620 silly placeDep ROOT @radix-ui/react-use-effect-event@0.0.2 OK for: @radix-ui/react-use-controllable-state@1.2.2 want: 0.0.2
2621 silly placeDep ROOT @radix-ui/react-use-layout-effect@1.1.1 OK for: @radix-ui/react-use-controllable-state@1.2.2 want: 1.1.1
2622 silly placeDep ROOT chokidar@5.0.0 OK for: c12@3.3.4 want: ^5.0.0
2623 silly placeDep ROOT confbox@0.2.4 OK for: c12@3.3.4 want: ^0.2.4
2624 silly placeDep ROOT dotenv@17.4.2 OK for: c12@3.3.4 want: ^17.3.1
2625 silly placeDep ROOT exsolve@1.1.0 OK for: c12@3.3.4 want: ^1.0.8
2626 silly placeDep ROOT giget@3.3.0 OK for: c12@3.3.4 want: ^3.2.0
2627 silly placeDep ROOT jiti@2.7.0 OK for: c12@3.3.4 want: ^2.6.1
2628 silly placeDep ROOT ohash@2.0.11 OK for: c12@3.3.4 want: ^2.0.11
2629 silly placeDep ROOT perfect-debounce@2.1.0 OK for: c12@3.3.4 want: ^2.1.0
2630 silly placeDep ROOT pkg-types@2.3.1 OK for: c12@3.3.4 want: ^2.3.0
2631 silly placeDep ROOT rc9@3.0.1 OK for: c12@3.3.4 want: ^3.0.1
2632 silly fetch manifest readdirp@^5.0.0
2633 silly packumentCache full:https://registry.npmjs.org/readdirp cache-miss
2634 silly fetch manifest destr@^2.0.5
2635 silly packumentCache full:https://registry.npmjs.org/destr cache-miss
2636 http fetch GET 200 https://registry.npmjs.org/readdirp 129ms (cache miss)
2637 silly packumentCache full:https://registry.npmjs.org/readdirp set size:undefined disposed:false
2638 http fetch GET 200 https://registry.npmjs.org/destr 134ms (cache miss)
2639 silly packumentCache full:https://registry.npmjs.org/destr set size:undefined disposed:false
2640 silly placeDep ROOT @kurkle/color@0.3.4 OK for: chart.js@4.5.1 want: ^0.3.0
2641 silly placeDep ROOT readdirp@5.0.0 OK for: chokidar@5.0.0 want: ^5.0.0
2642 silly placeDep ROOT fast-check@3.23.2 OK for: effect@3.20.0 want: ^3.23.1
2643 silly fetch manifest pure-rand@^6.1.0
2644 silly packumentCache full:https://registry.npmjs.org/pure-rand cache-miss
2645 http fetch GET 200 https://registry.npmjs.org/pure-rand 557ms (cache miss)
2646 silly packumentCache full:https://registry.npmjs.org/pure-rand set size:undefined disposed:false
2647 silly placeDep ROOT pure-rand@6.1.0 OK for: fast-check@3.23.2 want: ^6.1.0
2648 silly placeDep ROOT signal-exit@4.1.0 OK for: foreground-child@3.3.1 want: ^4.0.1
2649 silly placeDep ROOT aws-ssl-profiles@1.1.2 OK for: mysql2@3.15.3 want: ^1.1.1
2650 silly placeDep ROOT denque@2.1.0 OK for: mysql2@3.15.3 want: ^2.1.0
2651 silly placeDep ROOT generate-function@2.3.1 OK for: mysql2@3.15.3 want: ^2.3.1
2652 silly placeDep ROOT iconv-lite@0.7.3 OK for: mysql2@3.15.3 want: ^0.7.0
2653 silly placeDep ROOT long@5.3.2 OK for: mysql2@3.15.3 want: ^5.2.1
2654 silly placeDep ROOT lru.min@1.1.4 OK for: mysql2@3.15.3 want: ^1.0.0
2655 silly placeDep ROOT named-placeholders@1.1.6 OK for: mysql2@3.15.3 want: ^1.1.3
2656 silly placeDep ROOT seq-queue@0.0.5 OK for: mysql2@3.15.3 want: ^0.0.5
2657 silly placeDep ROOT sqlstring@2.3.3 OK for: mysql2@3.15.3 want: ^2.3.2
2658 silly fetch manifest is-property@^1.0.2
2659 silly packumentCache full:https://registry.npmjs.org/is-property cache-miss
2660 silly fetch manifest safer-buffer@>= 2.1.2 < 3.0.0
2661 silly packumentCache full:https://registry.npmjs.org/safer-buffer cache-miss
2662 http fetch GET 200 https://registry.npmjs.org/is-property 124ms (cache miss)
2663 silly packumentCache full:https://registry.npmjs.org/is-property set size:undefined disposed:false
2664 http fetch GET 200 https://registry.npmjs.org/safer-buffer 129ms (cache miss)
2665 silly packumentCache full:https://registry.npmjs.org/safer-buffer set size:undefined disposed:false
2666 silly placeDep ROOT is-property@1.0.2 OK for: generate-function@2.3.1 want: ^1.0.2
2667 silly placeDep ROOT safer-buffer@2.1.2 OK for: iconv-lite@0.7.3 want: >= 2.1.2 < 3.0.0
2668 silly placeDep ROOT loose-envify@1.4.0 OK for: prop-types@15.8.1 want: ^1.4.0
2669 silly placeDep ROOT object-assign@4.1.1 OK for: prop-types@15.8.1 want: ^4.1.1
2670 silly placeDep ROOT react-is@16.13.1 OK for: prop-types@15.8.1 want: ^16.13.1
2671 silly placeDep ROOT graceful-fs@4.2.11 OK for: proper-lockfile@4.1.2 want: ^4.2.4
2672 silly placeDep ROOT retry@0.12.0 OK for: proper-lockfile@4.1.2 want: ^0.12.0
2673 silly placeDep node_modules/proper-lockfile signal-exit@3.0.7 OK for: proper-lockfile@4.1.2 want: ^3.0.2
2674 silly placeDep ROOT destr@2.0.5 OK for: rc9@3.0.1 want: ^2.0.5
2675 silly placeDep ROOT scheduler@0.27.0 OK for: react-dom@19.2.7 want: ^0.27.0
2676 silly placeDep ROOT node-exports-info@1.6.2 OK for: resolve@2.0.0-next.7 want: ^1.6.0
2677 silly placeDep ROOT path-parse@1.0.7 OK for: resolve@2.0.0-next.7 want: ^1.0.7
2678 silly placeDep ROOT supports-preserve-symlinks-flag@1.0.0 OK for: resolve@2.0.0-next.7 want: ^1.0.0
2679 silly placeDep ROOT queue-microtask@1.2.3 OK for: run-parallel@1.2.0 want: ^1.2.2
2680 silly placeDep ROOT isarray@2.0.5 OK for: safe-array-concat@1.1.4 want: ^2.0.5
2681 silly placeDep ROOT @img/colour@1.1.0 OK for: sharp@0.34.5 want: ^1.0.0
2682 silly placeDep ROOT @img/sharp-darwin-arm64@0.34.5 OK for: sharp@0.34.5 want: 0.34.5
2683 silly placeDep ROOT @img/sharp-darwin-x64@0.34.5 OK for: sharp@0.34.5 want: 0.34.5
2684 silly placeDep ROOT @img/sharp-libvips-darwin-arm64@1.2.4 OK for: sharp@0.34.5 want: 1.2.4
2685 silly placeDep ROOT @img/sharp-libvips-darwin-x64@1.2.4 OK for: sharp@0.34.5 want: 1.2.4
2686 silly placeDep ROOT @img/sharp-libvips-linux-arm@1.2.4 OK for: sharp@0.34.5 want: 1.2.4
2687 silly placeDep ROOT @img/sharp-libvips-linux-arm64@1.2.4 OK for: sharp@0.34.5 want: 1.2.4
2688 silly placeDep ROOT @img/sharp-libvips-linux-ppc64@1.2.4 OK for: sharp@0.34.5 want: 1.2.4
2689 silly placeDep ROOT @img/sharp-libvips-linux-riscv64@1.2.4 OK for: sharp@0.34.5 want: 1.2.4
2690 silly placeDep ROOT @img/sharp-libvips-linux-s390x@1.2.4 OK for: sharp@0.34.5 want: 1.2.4
2691 silly placeDep ROOT @img/sharp-libvips-linux-x64@1.2.4 OK for: sharp@0.34.5 want: 1.2.4
2692 silly placeDep ROOT @img/sharp-libvips-linuxmusl-arm64@1.2.4 OK for: sharp@0.34.5 want: 1.2.4
2693 silly placeDep ROOT @img/sharp-libvips-linuxmusl-x64@1.2.4 OK for: sharp@0.34.5 want: 1.2.4
2694 silly placeDep ROOT @img/sharp-linux-arm@0.34.5 OK for: sharp@0.34.5 want: 0.34.5
2695 silly placeDep ROOT @img/sharp-linux-arm64@0.34.5 OK for: sharp@0.34.5 want: 0.34.5
2696 silly placeDep ROOT @img/sharp-linux-ppc64@0.34.5 OK for: sharp@0.34.5 want: 0.34.5
2697 silly placeDep ROOT @img/sharp-linux-riscv64@0.34.5 OK for: sharp@0.34.5 want: 0.34.5
2698 silly placeDep ROOT @img/sharp-linux-s390x@0.34.5 OK for: sharp@0.34.5 want: 0.34.5
2699 silly placeDep ROOT @img/sharp-linux-x64@0.34.5 OK for: sharp@0.34.5 want: 0.34.5
2700 silly placeDep ROOT @img/sharp-linuxmusl-arm64@0.34.5 OK for: sharp@0.34.5 want: 0.34.5
2701 silly placeDep ROOT @img/sharp-linuxmusl-x64@0.34.5 OK for: sharp@0.34.5 want: 0.34.5
2702 silly placeDep ROOT @img/sharp-wasm32@0.34.5 OK for: sharp@0.34.5 want: 0.34.5
2703 silly placeDep ROOT @img/sharp-win32-arm64@0.34.5 OK for: sharp@0.34.5 want: 0.34.5
2704 silly placeDep ROOT @img/sharp-win32-ia32@0.34.5 OK for: sharp@0.34.5 want: 0.34.5
2705 silly placeDep ROOT @img/sharp-win32-x64@0.34.5 OK for: sharp@0.34.5 want: 0.34.5
2706 silly placeDep ROOT detect-libc@2.1.2 OK for: sharp@0.34.5 want: ^2.1.2
2707 silly placeDep node_modules/sharp semver@7.8.5 OK for: sharp@0.34.5 want: ^7.7.3
2708 silly fetch manifest @emnapi/runtime@^1.7.0
2709 silly packumentCache full:https://registry.npmjs.org/@emnapi%2fruntime cache-miss
2710 http fetch GET 200 https://registry.npmjs.org/@emnapi%2fruntime 299ms (cache miss)
2711 silly packumentCache full:https://registry.npmjs.org/@emnapi%2fruntime set size:undefined disposed:false
2712 silly placeDep ROOT @emnapi/runtime@1.11.2 OK for: @img/sharp-wasm32@0.34.5 want: ^1.7.0
2713 silly placeDep ROOT shebang-regex@3.0.0 OK for: shebang-command@2.0.0 want: ^3.0.0
2714 silly placeDep ROOT side-channel-list@1.0.1 OK for: side-channel@1.1.1 want: ^1.0.1
2715 silly placeDep ROOT side-channel-map@1.0.1 OK for: side-channel@1.1.1 want: ^1.0.1
2716 silly placeDep ROOT side-channel-weakmap@1.0.2 OK for: side-channel@1.1.1 want: ^1.0.2
2717 silly placeDep ROOT client-only@0.0.1 OK for: styled-jsx@5.1.6 want: 0.0.1
2718 silly placeDep ROOT copy-anything@4.0.5 OK for: superjson@2.2.6 want: ^4
2719 silly fetch manifest is-what@^5.2.0
2720 silly packumentCache full:https://registry.npmjs.org/is-what cache-miss
2721 http fetch GET 200 https://registry.npmjs.org/is-what 133ms (cache miss)
2722 silly packumentCache full:https://registry.npmjs.org/is-what set size:undefined disposed:false
2723 silly placeDep ROOT is-what@5.5.0 OK for: copy-anything@4.0.5 want: ^5.2.0
2724 silly placeDep ROOT @alloc/quick-lru@5.2.0 OK for: tailwindcss@3.4.19 want: ^5.2.0
2725 silly placeDep ROOT arg@5.0.2 OK for: tailwindcss@3.4.19 want: ^5.0.2
2726 silly placeDep node_modules/tailwindcss chokidar@3.6.0 OK for: tailwindcss@3.4.19 want: ^3.6.0
2727 silly placeDep ROOT didyoumean@1.2.2 OK for: tailwindcss@3.4.19 want: ^1.2.2
2728 silly placeDep ROOT dlv@1.1.3 OK for: tailwindcss@3.4.19 want: ^1.1.3
2729 silly placeDep node_modules/tailwindcss fast-glob@3.3.3 OK for: tailwindcss@3.4.19 want: ^3.3.2
2730 silly placeDep node_modules/tailwindcss jiti@1.21.7 OK for: tailwindcss@3.4.19 want: ^1.21.7
2731 silly placeDep ROOT lilconfig@3.1.3 OK for: tailwindcss@3.4.19 want: ^3.1.3
2732 silly placeDep ROOT normalize-path@3.0.0 OK for: tailwindcss@3.4.19 want: ^3.0.0
2733 silly placeDep ROOT object-hash@3.0.0 OK for: tailwindcss@3.4.19 want: ^3.0.0
2734 silly placeDep ROOT postcss-import@15.1.0 OK for: tailwindcss@3.4.19 want: ^15.1.0
2735 silly placeDep ROOT postcss-js@4.1.0 OK for: tailwindcss@3.4.19 want: ^4.0.1
2736 silly placeDep ROOT postcss-load-config@6.0.1 OK for: tailwindcss@3.4.19 want: ^4.0.2 || ^5.0 || ^6.0
2737 silly placeDep ROOT postcss-nested@6.2.0 OK for: tailwindcss@3.4.19 want: ^6.2.0
2738 silly placeDep ROOT postcss-selector-parser@6.1.4 OK for: tailwindcss@3.4.19 want: ^6.1.2
2739 silly placeDep node_modules/tailwindcss resolve@1.22.12 OK for: tailwindcss@3.4.19 want: ^1.22.8
2740 silly placeDep ROOT sucrase@3.35.1 OK for: tailwindcss@3.4.19 want: ^3.35.0
2741 silly fetch manifest anymatch@~3.1.2
2742 silly packumentCache full:https://registry.npmjs.org/anymatch cache-miss
2743 silly fetch manifest readdirp@~3.6.0
2744 silly packumentCache full:https://registry.npmjs.org/readdirp cache-miss
2745 silly fetch manifest glob-parent@~5.1.2
2746 silly packumentCache full:https://registry.npmjs.org/glob-parent cache-hit
2747 silly fetch manifest is-binary-path@~2.1.0
2748 silly packumentCache full:https://registry.npmjs.org/is-binary-path cache-miss
2749 silly fetch manifest normalize-path@~3.0.0
2750 silly packumentCache full:https://registry.npmjs.org/normalize-path cache-miss
2751 silly fetch manifest fsevents@~2.3.2
2752 silly packumentCache full:https://registry.npmjs.org/fsevents cache-miss
2753 silly fetch manifest resolve@^1.1.7
2754 silly packumentCache full:https://registry.npmjs.org/resolve cache-hit
2755 silly fetch manifest read-cache@^1.0.0
2756 silly packumentCache full:https://registry.npmjs.org/read-cache cache-miss
2757 silly fetch manifest camelcase-css@^2.0.1
2758 silly packumentCache full:https://registry.npmjs.org/camelcase-css cache-miss
2759 http cache https://registry.npmjs.org/normalize-path 14ms (cache hit)
2760 silly packumentCache full:https://registry.npmjs.org/normalize-path set size:28713 disposed:false
2761 silly fetch manifest postcss-selector-parser@^6.1.1
2762 silly packumentCache full:https://registry.npmjs.org/postcss-selector-parser cache-miss
2763 http cache https://registry.npmjs.org/fsevents 16ms (cache hit)
2764 silly packumentCache full:https://registry.npmjs.org/fsevents set size:182472 disposed:false
2765 silly fetch manifest cssesc@^3.0.0
2766 silly packumentCache full:https://registry.npmjs.org/cssesc cache-miss
2767 http cache https://registry.npmjs.org/readdirp 22ms (cache hit)
2768 silly packumentCache full:https://registry.npmjs.org/readdirp set size:107589 disposed:false
2769 silly fetch manifest util-deprecate@^1.0.2
2770 silly packumentCache full:https://registry.npmjs.org/util-deprecate cache-miss
2771 http cache https://registry.npmjs.org/postcss-selector-parser 16ms (cache hit)
2772 silly packumentCache full:https://registry.npmjs.org/postcss-selector-parser set size:193966 disposed:false
2773 silly fetch manifest commander@^4.0.0
2774 silly packumentCache full:https://registry.npmjs.org/commander cache-miss
2775 http fetch GET 200 https://registry.npmjs.org/is-binary-path 135ms (cache miss)
2776 silly packumentCache full:https://registry.npmjs.org/is-binary-path set size:undefined disposed:false
2777 silly fetch manifest lines-and-columns@^1.1.6
2778 silly packumentCache full:https://registry.npmjs.org/lines-and-columns cache-miss
2779 http fetch GET 200 https://registry.npmjs.org/camelcase-css 136ms (cache miss)
2780 silly packumentCache full:https://registry.npmjs.org/camelcase-css set size:undefined disposed:false
2781 silly fetch manifest mz@^2.7.0
2782 silly packumentCache full:https://registry.npmjs.org/mz cache-miss
2783 http fetch GET 200 https://registry.npmjs.org/anymatch 144ms (cache miss)
2784 silly packumentCache full:https://registry.npmjs.org/anymatch set size:undefined disposed:false
2785 silly fetch manifest pirates@^4.0.1
2786 silly packumentCache full:https://registry.npmjs.org/pirates cache-miss
2787 http fetch GET 200 https://registry.npmjs.org/read-cache 156ms (cache miss)
2788 silly packumentCache full:https://registry.npmjs.org/read-cache set size:undefined disposed:false
2789 silly fetch manifest ts-interface-checker@^0.1.9
2790 silly packumentCache full:https://registry.npmjs.org/ts-interface-checker cache-miss
2791 http fetch GET 200 https://registry.npmjs.org/cssesc 143ms (cache miss)
2792 silly packumentCache full:https://registry.npmjs.org/cssesc set size:undefined disposed:false
2793 http fetch GET 200 https://registry.npmjs.org/util-deprecate 144ms (cache miss)
2794 silly packumentCache full:https://registry.npmjs.org/util-deprecate set size:undefined disposed:false
2795 http fetch GET 200 https://registry.npmjs.org/commander 142ms (cache miss)
2796 silly packumentCache full:https://registry.npmjs.org/commander set size:undefined disposed:false
2797 http fetch GET 200 https://registry.npmjs.org/lines-and-columns 132ms (cache miss)
2798 silly packumentCache full:https://registry.npmjs.org/lines-and-columns set size:undefined disposed:false
2799 http fetch GET 200 https://registry.npmjs.org/mz 134ms (cache miss)
2800 silly packumentCache full:https://registry.npmjs.org/mz set size:undefined disposed:false
2801 http fetch GET 200 https://registry.npmjs.org/pirates 138ms (cache miss)
2802 silly packumentCache full:https://registry.npmjs.org/pirates set size:undefined disposed:false
2803 http fetch GET 200 https://registry.npmjs.org/ts-interface-checker 277ms (cache miss)
2804 silly packumentCache full:https://registry.npmjs.org/ts-interface-checker set size:undefined disposed:false
2805 silly placeDep ROOT read-cache@1.0.0 OK for: postcss-import@15.1.0 want: ^1.0.0
2806 silly placeDep node_modules/postcss-import resolve@1.22.12 OK for: postcss-import@15.1.0 want: ^1.1.7
2807 silly fetch manifest pify@^2.3.0
2808 silly packumentCache full:https://registry.npmjs.org/pify cache-miss
2809 http fetch GET 200 https://registry.npmjs.org/pify 131ms (cache miss)
2810 silly packumentCache full:https://registry.npmjs.org/pify set size:undefined disposed:false
2811 silly placeDep ROOT camelcase-css@2.0.1 OK for: postcss-js@4.1.0 want: ^2.0.1
2812 silly placeDep ROOT cssesc@3.0.0 OK for: postcss-selector-parser@6.1.4 want: ^3.0.0
2813 silly placeDep ROOT util-deprecate@1.0.2 OK for: postcss-selector-parser@6.1.4 want: ^1.0.2
2814 silly placeDep ROOT pify@2.3.0 OK for: read-cache@1.0.0 want: ^2.3.0
2815 silly placeDep ROOT commander@4.1.1 OK for: sucrase@3.35.1 want: ^4.0.0
2816 silly placeDep ROOT lines-and-columns@1.2.4 OK for: sucrase@3.35.1 want: ^1.1.6
2817 silly placeDep ROOT mz@2.7.0 OK for: sucrase@3.35.1 want: ^2.7.0
2818 silly placeDep ROOT pirates@4.0.7 OK for: sucrase@3.35.1 want: ^4.0.1
2819 silly placeDep ROOT ts-interface-checker@0.1.13 OK for: sucrase@3.35.1 want: ^0.1.9
2820 silly fetch manifest any-promise@^1.0.0
2821 silly packumentCache full:https://registry.npmjs.org/any-promise cache-miss
2822 silly fetch manifest thenify-all@^1.0.0
2823 silly packumentCache full:https://registry.npmjs.org/thenify-all cache-miss
2824 http fetch GET 200 https://registry.npmjs.org/thenify-all 124ms (cache miss)
2825 silly packumentCache full:https://registry.npmjs.org/thenify-all set size:undefined disposed:false
2826 http fetch GET 200 https://registry.npmjs.org/any-promise 167ms (cache miss)
2827 silly packumentCache full:https://registry.npmjs.org/any-promise set size:undefined disposed:false
2828 silly placeDep ROOT any-promise@1.3.0 OK for: mz@2.7.0 want: ^1.0.0
2829 silly placeDep ROOT thenify-all@1.6.0 OK for: mz@2.7.0 want: ^1.0.0
2830 silly fetch manifest thenify@>= 3.1.0 < 4
2831 silly packumentCache full:https://registry.npmjs.org/thenify cache-miss
2832 http fetch GET 200 https://registry.npmjs.org/thenify 124ms (cache miss)
2833 silly packumentCache full:https://registry.npmjs.org/thenify set size:undefined disposed:false
2834 silly placeDep ROOT thenify@3.3.1 OK for: thenify-all@1.6.0 want: >= 3.1.0 < 4
2835 silly placeDep ROOT fdir@6.5.0 OK for: tinyglobby@0.2.17 want: ^6.5.0
2836 silly placeDep node_modules/tinyglobby picomatch@4.0.5 OK for: tinyglobby@0.2.17 want: ^4.0.4
2837 silly placeDep ROOT is-number@7.0.0 OK for: to-regex-range@5.0.1 want: ^7.0.0
2838 silly placeDep ROOT @types/json5@0.0.29 OK for: tsconfig-paths@3.15.0 want: ^0.0.29
2839 silly placeDep node_modules/tsconfig-paths json5@1.0.2 OK for: tsconfig-paths@3.15.0 want: ^1.0.2
2840 silly placeDep ROOT minimist@1.2.8 OK for: tsconfig-paths@3.15.0 want: ^1.2.6
2841 silly placeDep ROOT strip-bom@3.0.0 OK for: tsconfig-paths@3.15.0 want: ^3.0.0
2842 silly fetch manifest minimist@^1.2.0
2843 silly packumentCache full:https://registry.npmjs.org/minimist cache-miss
2844 http cache https://registry.npmjs.org/minimist 7ms (cache hit)
2845 silly packumentCache full:https://registry.npmjs.org/minimist set size:77063 disposed:false
2846 silly placeDep ROOT esbuild@0.28.1 OK for: tsx@4.23.0 want: ~0.28.0
2847 silly placeDep ROOT fsevents@2.3.3 OK for: tsx@4.23.0 want: ~2.3.3
2848 silly fetch manifest @esbuild/aix-ppc64@0.28.1
2849 silly packumentCache full:https://registry.npmjs.org/@esbuild%2faix-ppc64 cache-miss
2850 silly fetch manifest @esbuild/android-arm@0.28.1
2851 silly packumentCache full:https://registry.npmjs.org/@esbuild%2fandroid-arm cache-miss
2852 silly fetch manifest @esbuild/android-arm64@0.28.1
2853 silly packumentCache full:https://registry.npmjs.org/@esbuild%2fandroid-arm64 cache-miss
2854 silly fetch manifest @esbuild/android-x64@0.28.1
2855 silly packumentCache full:https://registry.npmjs.org/@esbuild%2fandroid-x64 cache-miss
2856 silly fetch manifest @esbuild/darwin-arm64@0.28.1
2857 silly packumentCache full:https://registry.npmjs.org/@esbuild%2fdarwin-arm64 cache-miss
2858 silly fetch manifest @esbuild/darwin-x64@0.28.1
2859 silly packumentCache full:https://registry.npmjs.org/@esbuild%2fdarwin-x64 cache-miss
2860 silly fetch manifest @esbuild/freebsd-arm64@0.28.1
2861 silly packumentCache full:https://registry.npmjs.org/@esbuild%2ffreebsd-arm64 cache-miss
2862 http fetch GET 200 https://registry.npmjs.org/@esbuild%2faix-ppc64 140ms (cache miss)
2863 silly packumentCache full:https://registry.npmjs.org/@esbuild%2faix-ppc64 set size:undefined disposed:false
2864 silly fetch manifest @esbuild/freebsd-x64@0.28.1
2865 silly packumentCache full:https://registry.npmjs.org/@esbuild%2ffreebsd-x64 cache-miss
2866 http fetch GET 200 https://registry.npmjs.org/@esbuild%2ffreebsd-arm64 160ms (cache miss)
2867 silly packumentCache full:https://registry.npmjs.org/@esbuild%2ffreebsd-arm64 set size:undefined disposed:false
2868 silly fetch manifest @esbuild/linux-arm@0.28.1
2869 silly packumentCache full:https://registry.npmjs.org/@esbuild%2flinux-arm cache-miss
2870 http fetch GET 200 https://registry.npmjs.org/@esbuild%2fdarwin-arm64 164ms (cache miss)
2871 silly packumentCache full:https://registry.npmjs.org/@esbuild%2fdarwin-arm64 set size:undefined disposed:false
2872 silly fetch manifest @esbuild/linux-arm64@0.28.1
2873 silly packumentCache full:https://registry.npmjs.org/@esbuild%2flinux-arm64 cache-miss
2874 http fetch GET 200 https://registry.npmjs.org/@esbuild%2fandroid-arm 169ms (cache miss)
2875 silly packumentCache full:https://registry.npmjs.org/@esbuild%2fandroid-arm set size:undefined disposed:false
2876 silly fetch manifest @esbuild/linux-ia32@0.28.1
2877 silly packumentCache full:https://registry.npmjs.org/@esbuild%2flinux-ia32 cache-miss
2878 http fetch GET 200 https://registry.npmjs.org/@esbuild%2fandroid-x64 210ms (cache miss)
2879 silly packumentCache full:https://registry.npmjs.org/@esbuild%2fandroid-x64 set size:undefined disposed:false
2880 silly fetch manifest @esbuild/linux-loong64@0.28.1
2881 silly packumentCache full:https://registry.npmjs.org/@esbuild%2flinux-loong64 cache-miss
2882 http fetch GET 200 https://registry.npmjs.org/@esbuild%2flinux-arm 163ms (cache miss)
2883 silly packumentCache full:https://registry.npmjs.org/@esbuild%2flinux-arm set size:undefined disposed:false
2884 silly fetch manifest @esbuild/linux-mips64el@0.28.1
2885 silly packumentCache full:https://registry.npmjs.org/@esbuild%2flinux-mips64el cache-miss
2886 http fetch GET 200 https://registry.npmjs.org/@esbuild%2flinux-arm64 165ms (cache miss)
2887 silly packumentCache full:https://registry.npmjs.org/@esbuild%2flinux-arm64 set size:undefined disposed:false
2888 silly fetch manifest @esbuild/linux-ppc64@0.28.1
2889 silly packumentCache full:https://registry.npmjs.org/@esbuild%2flinux-ppc64 cache-miss
2890 http fetch GET 200 https://registry.npmjs.org/@esbuild%2ffreebsd-x64 194ms (cache miss)
2891 silly packumentCache full:https://registry.npmjs.org/@esbuild%2ffreebsd-x64 set size:undefined disposed:false
2892 silly fetch manifest @esbuild/linux-riscv64@0.28.1
2893 silly packumentCache full:https://registry.npmjs.org/@esbuild%2flinux-riscv64 cache-miss
2894 http fetch GET 200 https://registry.npmjs.org/@esbuild%2flinux-ia32 175ms (cache miss)
2895 silly packumentCache full:https://registry.npmjs.org/@esbuild%2flinux-ia32 set size:undefined disposed:false
2896 silly fetch manifest @esbuild/linux-s390x@0.28.1
2897 silly packumentCache full:https://registry.npmjs.org/@esbuild%2flinux-s390x cache-miss
2898 http fetch GET 200 https://registry.npmjs.org/@esbuild%2flinux-ppc64 298ms (cache miss)
2899 silly packumentCache full:https://registry.npmjs.org/@esbuild%2flinux-ppc64 set size:undefined disposed:false
2900 silly fetch manifest @esbuild/linux-x64@0.28.1
2901 silly packumentCache full:https://registry.npmjs.org/@esbuild%2flinux-x64 cache-miss
2902 http fetch GET 200 https://registry.npmjs.org/@esbuild%2fdarwin-x64 644ms (cache miss)
2903 silly packumentCache full:https://registry.npmjs.org/@esbuild%2fdarwin-x64 set size:undefined disposed:false
2904 silly fetch manifest @esbuild/netbsd-arm64@0.28.1
2905 silly packumentCache full:https://registry.npmjs.org/@esbuild%2fnetbsd-arm64 cache-miss
2906 http fetch GET 200 https://registry.npmjs.org/@esbuild%2flinux-loong64 445ms (cache miss)
2907 silly packumentCache full:https://registry.npmjs.org/@esbuild%2flinux-loong64 set size:undefined disposed:false
2908 silly fetch manifest @esbuild/netbsd-x64@0.28.1
2909 silly packumentCache full:https://registry.npmjs.org/@esbuild%2fnetbsd-x64 cache-miss
2910 http fetch GET 200 https://registry.npmjs.org/@esbuild%2flinux-mips64el 347ms (cache miss)
2911 silly packumentCache full:https://registry.npmjs.org/@esbuild%2flinux-mips64el set size:undefined disposed:false
2912 silly fetch manifest @esbuild/openbsd-arm64@0.28.1
2913 silly packumentCache full:https://registry.npmjs.org/@esbuild%2fopenbsd-arm64 cache-miss
2914 http fetch GET 200 https://registry.npmjs.org/@esbuild%2flinux-riscv64 341ms (cache miss)
2915 silly packumentCache full:https://registry.npmjs.org/@esbuild%2flinux-riscv64 set size:undefined disposed:false
2916 silly fetch manifest @esbuild/openbsd-x64@0.28.1
2917 silly packumentCache full:https://registry.npmjs.org/@esbuild%2fopenbsd-x64 cache-miss
2918 http fetch GET 200 https://registry.npmjs.org/@esbuild%2flinux-s390x 334ms (cache miss)
2919 silly packumentCache full:https://registry.npmjs.org/@esbuild%2flinux-s390x set size:undefined disposed:false
2920 silly fetch manifest @esbuild/openharmony-arm64@0.28.1
2921 silly packumentCache full:https://registry.npmjs.org/@esbuild%2fopenharmony-arm64 cache-miss
2922 http fetch GET 200 https://registry.npmjs.org/@esbuild%2fandroid-arm64 692ms (cache miss)
2923 silly packumentCache full:https://registry.npmjs.org/@esbuild%2fandroid-arm64 set size:undefined disposed:false
2924 silly fetch manifest @esbuild/sunos-x64@0.28.1
2925 silly packumentCache full:https://registry.npmjs.org/@esbuild%2fsunos-x64 cache-miss
2926 http fetch GET 200 https://registry.npmjs.org/@esbuild%2fnetbsd-arm64 159ms (cache miss)
2927 silly packumentCache full:https://registry.npmjs.org/@esbuild%2fnetbsd-arm64 set size:undefined disposed:false
2928 silly fetch manifest @esbuild/win32-arm64@0.28.1
2929 silly packumentCache full:https://registry.npmjs.org/@esbuild%2fwin32-arm64 cache-miss
2930 http fetch GET 200 https://registry.npmjs.org/@esbuild%2fnetbsd-x64 156ms (cache miss)
2931 silly packumentCache full:https://registry.npmjs.org/@esbuild%2fnetbsd-x64 set size:undefined disposed:false
2932 silly fetch manifest @esbuild/win32-ia32@0.28.1
2933 silly packumentCache full:https://registry.npmjs.org/@esbuild%2fwin32-ia32 cache-miss
2934 http fetch GET 200 https://registry.npmjs.org/@esbuild%2fopenbsd-arm64 163ms (cache miss)
2935 silly packumentCache full:https://registry.npmjs.org/@esbuild%2fopenbsd-arm64 set size:undefined disposed:false
2936 silly fetch manifest @esbuild/win32-x64@0.28.1
2937 silly packumentCache full:https://registry.npmjs.org/@esbuild%2fwin32-x64 cache-miss
2938 http fetch GET 200 https://registry.npmjs.org/@esbuild%2fopenbsd-x64 167ms (cache miss)
2939 silly packumentCache full:https://registry.npmjs.org/@esbuild%2fopenbsd-x64 set size:undefined disposed:false
2940 http fetch GET 200 https://registry.npmjs.org/@esbuild%2flinux-x64 212ms (cache miss)
2941 silly packumentCache full:https://registry.npmjs.org/@esbuild%2flinux-x64 set size:undefined disposed:false
2942 http fetch GET 200 https://registry.npmjs.org/@esbuild%2fopenharmony-arm64 184ms (cache miss)
2943 silly packumentCache full:https://registry.npmjs.org/@esbuild%2fopenharmony-arm64 set size:undefined disposed:false
2944 http fetch GET 200 https://registry.npmjs.org/@esbuild%2fwin32-ia32 461ms (cache miss)
2945 silly packumentCache full:https://registry.npmjs.org/@esbuild%2fwin32-ia32 set size:undefined disposed:false
2946 http fetch GET 200 https://registry.npmjs.org/@esbuild%2fwin32-x64 449ms (cache miss)
2947 silly packumentCache full:https://registry.npmjs.org/@esbuild%2fwin32-x64 set size:undefined disposed:false
2948 http fetch GET 200 https://registry.npmjs.org/@esbuild%2fsunos-x64 605ms (cache miss)
2949 silly packumentCache full:https://registry.npmjs.org/@esbuild%2fsunos-x64 set size:undefined disposed:false
2950 http fetch GET 200 https://registry.npmjs.org/@esbuild%2fwin32-arm64 568ms (cache miss)
2951 silly packumentCache full:https://registry.npmjs.org/@esbuild%2fwin32-arm64 set size:undefined disposed:false
2952 silly placeDep ROOT @esbuild/aix-ppc64@0.28.1 OK for: esbuild@0.28.1 want: 0.28.1
2953 silly placeDep ROOT @esbuild/android-arm@0.28.1 OK for: esbuild@0.28.1 want: 0.28.1
2954 silly placeDep ROOT @esbuild/android-arm64@0.28.1 OK for: esbuild@0.28.1 want: 0.28.1
2955 silly placeDep ROOT @esbuild/android-x64@0.28.1 OK for: esbuild@0.28.1 want: 0.28.1
2956 silly placeDep ROOT @esbuild/darwin-arm64@0.28.1 OK for: esbuild@0.28.1 want: 0.28.1
2957 silly placeDep ROOT @esbuild/darwin-x64@0.28.1 OK for: esbuild@0.28.1 want: 0.28.1
2958 silly placeDep ROOT @esbuild/freebsd-arm64@0.28.1 OK for: esbuild@0.28.1 want: 0.28.1
2959 silly placeDep ROOT @esbuild/freebsd-x64@0.28.1 OK for: esbuild@0.28.1 want: 0.28.1
2960 silly placeDep ROOT @esbuild/linux-arm@0.28.1 OK for: esbuild@0.28.1 want: 0.28.1
2961 silly placeDep ROOT @esbuild/linux-arm64@0.28.1 OK for: esbuild@0.28.1 want: 0.28.1
2962 silly placeDep ROOT @esbuild/linux-ia32@0.28.1 OK for: esbuild@0.28.1 want: 0.28.1
2963 silly placeDep ROOT @esbuild/linux-loong64@0.28.1 OK for: esbuild@0.28.1 want: 0.28.1
2964 silly placeDep ROOT @esbuild/linux-mips64el@0.28.1 OK for: esbuild@0.28.1 want: 0.28.1
2965 silly placeDep ROOT @esbuild/linux-ppc64@0.28.1 OK for: esbuild@0.28.1 want: 0.28.1
2966 silly placeDep ROOT @esbuild/linux-riscv64@0.28.1 OK for: esbuild@0.28.1 want: 0.28.1
2967 silly placeDep ROOT @esbuild/linux-s390x@0.28.1 OK for: esbuild@0.28.1 want: 0.28.1
2968 silly placeDep ROOT @esbuild/linux-x64@0.28.1 OK for: esbuild@0.28.1 want: 0.28.1
2969 silly placeDep ROOT @esbuild/netbsd-arm64@0.28.1 OK for: esbuild@0.28.1 want: 0.28.1
2970 silly placeDep ROOT @esbuild/netbsd-x64@0.28.1 OK for: esbuild@0.28.1 want: 0.28.1
2971 silly placeDep ROOT @esbuild/openbsd-arm64@0.28.1 OK for: esbuild@0.28.1 want: 0.28.1
2972 silly placeDep ROOT @esbuild/openbsd-x64@0.28.1 OK for: esbuild@0.28.1 want: 0.28.1
2973 silly placeDep ROOT @esbuild/openharmony-arm64@0.28.1 OK for: esbuild@0.28.1 want: 0.28.1
2974 silly placeDep ROOT @esbuild/sunos-x64@0.28.1 OK for: esbuild@0.28.1 want: 0.28.1
2975 silly placeDep ROOT @esbuild/win32-arm64@0.28.1 OK for: esbuild@0.28.1 want: 0.28.1
2976 silly placeDep ROOT @esbuild/win32-ia32@0.28.1 OK for: esbuild@0.28.1 want: 0.28.1
2977 silly placeDep ROOT @esbuild/win32-x64@0.28.1 OK for: esbuild@0.28.1 want: 0.28.1
2978 silly placeDep ROOT for-each@0.3.5 OK for: typed-array-byte-length@1.0.3 want: ^0.3.3
2979 silly placeDep ROOT reflect.getprototypeof@1.0.10 OK for: typed-array-byte-offset@1.0.4 want: ^1.0.9
2980 silly fetch manifest which-builtin-type@^1.2.1
2981 silly packumentCache full:https://registry.npmjs.org/which-builtin-type cache-miss
2982 http fetch GET 200 https://registry.npmjs.org/which-builtin-type 128ms (cache miss)
2983 silly packumentCache full:https://registry.npmjs.org/which-builtin-type set size:undefined disposed:false
2984 silly placeDep ROOT which-builtin-type@1.2.1 OK for: reflect.getprototypeof@1.0.10 want: ^1.2.1
2985 silly fetch manifest is-async-function@^2.0.0
2986 silly packumentCache full:https://registry.npmjs.org/is-async-function cache-miss
2987 silly fetch manifest is-finalizationregistry@^1.1.0
2988 silly packumentCache full:https://registry.npmjs.org/is-finalizationregistry cache-miss
2989 silly fetch manifest is-generator-function@^1.0.10
2990 silly packumentCache full:https://registry.npmjs.org/is-generator-function cache-miss
2991 silly fetch manifest which-boxed-primitive@^1.1.0
2992 silly packumentCache full:https://registry.npmjs.org/which-boxed-primitive cache-miss
2993 silly fetch manifest which-collection@^1.0.2
2994 silly packumentCache full:https://registry.npmjs.org/which-collection cache-miss
2995 http cache https://registry.npmjs.org/which-boxed-primitive 7ms (cache hit)
2996 silly packumentCache full:https://registry.npmjs.org/which-boxed-primitive set size:19407 disposed:false
2997 http fetch GET 200 https://registry.npmjs.org/which-collection 129ms (cache miss)
2998 silly packumentCache full:https://registry.npmjs.org/which-collection set size:undefined disposed:false
2999 http fetch GET 200 https://registry.npmjs.org/is-async-function 131ms (cache miss)
3000 silly packumentCache full:https://registry.npmjs.org/is-async-function set size:undefined disposed:false
3001 http fetch GET 200 https://registry.npmjs.org/is-generator-function 135ms (cache miss)
3002 silly packumentCache full:https://registry.npmjs.org/is-generator-function set size:undefined disposed:false
3003 http fetch GET 200 https://registry.npmjs.org/is-finalizationregistry 153ms (cache miss)
3004 silly packumentCache full:https://registry.npmjs.org/is-finalizationregistry set size:undefined disposed:false
3005 silly placeDep ROOT @typescript/typescript-aix-ppc64@7.0.2 OK for: typescript@7.0.2 want: 7.0.2
3006 silly placeDep ROOT @typescript/typescript-darwin-arm64@7.0.2 OK for: typescript@7.0.2 want: 7.0.2
3007 silly placeDep ROOT @typescript/typescript-darwin-x64@7.0.2 OK for: typescript@7.0.2 want: 7.0.2
3008 silly placeDep ROOT @typescript/typescript-freebsd-arm64@7.0.2 OK for: typescript@7.0.2 want: 7.0.2
3009 silly placeDep ROOT @typescript/typescript-freebsd-x64@7.0.2 OK for: typescript@7.0.2 want: 7.0.2
3010 silly placeDep ROOT @typescript/typescript-linux-arm@7.0.2 OK for: typescript@7.0.2 want: 7.0.2
3011 silly placeDep ROOT @typescript/typescript-linux-arm64@7.0.2 OK for: typescript@7.0.2 want: 7.0.2
3012 silly placeDep ROOT @typescript/typescript-linux-loong64@7.0.2 OK for: typescript@7.0.2 want: 7.0.2
3013 silly placeDep ROOT @typescript/typescript-linux-mips64el@7.0.2 OK for: typescript@7.0.2 want: 7.0.2
3014 silly placeDep ROOT @typescript/typescript-linux-ppc64@7.0.2 OK for: typescript@7.0.2 want: 7.0.2
3015 silly placeDep ROOT @typescript/typescript-linux-riscv64@7.0.2 OK for: typescript@7.0.2 want: 7.0.2
3016 silly placeDep ROOT @typescript/typescript-linux-s390x@7.0.2 OK for: typescript@7.0.2 want: 7.0.2
3017 silly placeDep ROOT @typescript/typescript-linux-x64@7.0.2 OK for: typescript@7.0.2 want: 7.0.2
3018 silly placeDep ROOT @typescript/typescript-netbsd-arm64@7.0.2 OK for: typescript@7.0.2 want: 7.0.2
3019 silly placeDep ROOT @typescript/typescript-netbsd-x64@7.0.2 OK for: typescript@7.0.2 want: 7.0.2
3020 silly placeDep ROOT @typescript/typescript-openbsd-arm64@7.0.2 OK for: typescript@7.0.2 want: 7.0.2
3021 silly placeDep ROOT @typescript/typescript-openbsd-x64@7.0.2 OK for: typescript@7.0.2 want: 7.0.2
3022 silly placeDep ROOT @typescript/typescript-sunos-x64@7.0.2 OK for: typescript@7.0.2 want: 7.0.2
3023 silly placeDep ROOT @typescript/typescript-win32-arm64@7.0.2 OK for: typescript@7.0.2 want: 7.0.2
3024 silly placeDep ROOT @typescript/typescript-win32-x64@7.0.2 OK for: typescript@7.0.2 want: 7.0.2
3025 silly placeDep ROOT @typescript-eslint/eslint-plugin@8.63.0 OK for: typescript-eslint@8.63.0 want: 8.63.0
3026 silly placeDep ROOT @typescript-eslint/parser@8.63.0 OK for: typescript-eslint@8.63.0 want: 8.63.0
3027 silly placeDep ROOT @typescript-eslint/typescript-estree@8.63.0 OK for: typescript-eslint@8.63.0 want: 8.63.0
3028 silly placeDep ROOT @typescript-eslint/utils@8.63.0 OK for: typescript-eslint@8.63.0 want: 8.63.0
3029 silly fetch manifest ignore@^7.0.5
3030 silly packumentCache full:https://registry.npmjs.org/ignore cache-miss
3031 silly fetch manifest ts-api-utils@^2.5.0
3032 silly packumentCache full:https://registry.npmjs.org/ts-api-utils cache-miss
3033 silly fetch manifest @typescript-eslint/type-utils@8.63.0
3034 silly packumentCache full:https://registry.npmjs.org/@typescript-eslint%2ftype-utils cache-miss
3035 silly fetch manifest @typescript-eslint/visitor-keys@8.63.0
3036 silly packumentCache full:https://registry.npmjs.org/@typescript-eslint%2fvisitor-keys cache-miss
3037 silly fetch manifest @typescript-eslint/scope-manager@8.63.0
3038 silly packumentCache full:https://registry.npmjs.org/@typescript-eslint%2fscope-manager cache-miss
3039 silly fetch manifest @typescript-eslint/types@8.63.0
3040 silly packumentCache full:https://registry.npmjs.org/@typescript-eslint%2ftypes cache-miss
3041 silly fetch manifest @typescript-eslint/visitor-keys@8.63.0
3042 silly packumentCache full:https://registry.npmjs.org/@typescript-eslint%2fvisitor-keys cache-miss
3043 http cache https://registry.npmjs.org/ignore 12ms (cache hit)
3044 silly packumentCache full:https://registry.npmjs.org/ignore set size:237380 disposed:false
3045 silly fetch manifest @typescript-eslint/scope-manager@8.63.0
3046 silly packumentCache full:https://registry.npmjs.org/@typescript-eslint%2fscope-manager cache-miss
3047 http fetch GET 200 https://registry.npmjs.org/ts-api-utils 144ms (cache miss)
3048 silly packumentCache full:https://registry.npmjs.org/ts-api-utils set size:undefined disposed:false
3049 silly fetch manifest @typescript-eslint/types@8.63.0
3050 silly packumentCache full:https://registry.npmjs.org/@typescript-eslint%2ftypes cache-miss
3051 http fetch GET 200 https://registry.npmjs.org/@typescript-eslint%2fvisitor-keys 1231ms (cache miss)
3052 silly packumentCache full:https://registry.npmjs.org/@typescript-eslint%2fvisitor-keys set size:undefined disposed:false
3053 silly fetch manifest @typescript-eslint/tsconfig-utils@8.63.0
3054 silly packumentCache full:https://registry.npmjs.org/@typescript-eslint%2ftsconfig-utils cache-miss
3055 http fetch GET 200 https://registry.npmjs.org/@typescript-eslint%2ftypes 1166ms (cache miss)
3056 silly packumentCache full:https://registry.npmjs.org/@typescript-eslint%2ftypes set size:undefined disposed:false
3057 silly fetch manifest @typescript-eslint/project-service@8.63.0
3058 silly packumentCache full:https://registry.npmjs.org/@typescript-eslint%2fproject-service cache-miss
3059 http fetch GET 200 https://registry.npmjs.org/@typescript-eslint%2ftypes 1446ms (cache miss)
3060 silly packumentCache full:https://registry.npmjs.org/@typescript-eslint%2ftypes set size:undefined disposed:false
3061 silly fetch manifest @typescript-eslint/scope-manager@8.63.0
3062 silly packumentCache full:https://registry.npmjs.org/@typescript-eslint%2fscope-manager cache-miss
3063 http fetch GET 200 https://registry.npmjs.org/@typescript-eslint%2ftsconfig-utils 307ms (cache miss)
3064 silly packumentCache full:https://registry.npmjs.org/@typescript-eslint%2ftsconfig-utils set size:undefined disposed:false
3065 http fetch GET 200 https://registry.npmjs.org/@typescript-eslint%2fproject-service 221ms (cache miss)
3066 silly packumentCache full:https://registry.npmjs.org/@typescript-eslint%2fproject-service set size:undefined disposed:false
3067 http fetch GET 200 https://registry.npmjs.org/@typescript-eslint%2fvisitor-keys 1668ms (cache miss)
3068 silly packumentCache full:https://registry.npmjs.org/@typescript-eslint%2fvisitor-keys set size:undefined disposed:false
3069 http fetch GET 200 https://registry.npmjs.org/@typescript-eslint%2fscope-manager 469ms (cache miss)
3070 silly packumentCache full:https://registry.npmjs.org/@typescript-eslint%2fscope-manager set size:undefined disposed:false
3071 http fetch GET 200 https://registry.npmjs.org/@typescript-eslint%2fscope-manager 2138ms (cache miss)
3072 silly packumentCache full:https://registry.npmjs.org/@typescript-eslint%2fscope-manager set size:undefined disposed:false
3073 http fetch GET 200 https://registry.npmjs.org/@typescript-eslint%2ftype-utils 3646ms (cache miss)
3074 silly packumentCache full:https://registry.npmjs.org/@typescript-eslint%2ftype-utils set size:undefined disposed:false
3075 http fetch GET 200 https://registry.npmjs.org/@typescript-eslint%2fscope-manager 7310ms (cache miss)
3076 silly packumentCache full:https://registry.npmjs.org/@typescript-eslint%2fscope-manager set size:undefined disposed:false
3077 silly placeDep ROOT @typescript-eslint/scope-manager@8.63.0 OK for: @typescript-eslint/eslint-plugin@8.63.0 want: 8.63.0
3078 silly placeDep ROOT @typescript-eslint/type-utils@8.63.0 OK for: @typescript-eslint/eslint-plugin@8.63.0 want: 8.63.0
3079 silly placeDep ROOT @typescript-eslint/visitor-keys@8.63.0 OK for: @typescript-eslint/eslint-plugin@8.63.0 want: 8.63.0
3080 silly placeDep node_modules/@typescript-eslint/eslint-plugin ignore@7.0.5 OK for: @typescript-eslint/eslint-plugin@8.63.0 want: ^7.0.5
3081 silly placeDep ROOT ts-api-utils@2.5.0 OK for: @typescript-eslint/eslint-plugin@8.63.0 want: ^2.5.0
3082 silly placeDep ROOT @typescript-eslint/types@8.63.0 OK for: @typescript-eslint/parser@8.63.0 want: 8.63.0
3083 silly placeDep ROOT @typescript-eslint/project-service@8.63.0 OK for: @typescript-eslint/typescript-estree@8.63.0 want: 8.63.0
3084 silly placeDep ROOT @typescript-eslint/tsconfig-utils@8.63.0 OK for: @typescript-eslint/typescript-estree@8.63.0 want: 8.63.0
3085 silly placeDep node_modules/@typescript-eslint/typescript-estree semver@7.8.5 OK for: @typescript-eslint/typescript-estree@8.63.0 want: ^7.7.3
3086 silly fetch manifest @typescript-eslint/tsconfig-utils@^8.63.0
3087 silly packumentCache full:https://registry.npmjs.org/@typescript-eslint%2ftsconfig-utils cache-miss
3088 http cache https://registry.npmjs.org/@typescript-eslint%2ftsconfig-utils 11ms (cache hit)
3089 silly packumentCache full:https://registry.npmjs.org/@typescript-eslint%2ftsconfig-utils set size:1475002 disposed:false
3090 silly placeDep ROOT has-bigints@1.1.0 OK for: unbox-primitive@1.1.0 want: ^1.0.2
3091 silly placeDep ROOT which-boxed-primitive@1.1.1 OK for: unbox-primitive@1.1.0 want: ^1.1.1
3092 silly fetch manifest is-bigint@^1.1.0
3093 silly packumentCache full:https://registry.npmjs.org/is-bigint cache-miss
3094 silly fetch manifest is-boolean-object@^1.2.1
3095 silly packumentCache full:https://registry.npmjs.org/is-boolean-object cache-miss
3096 silly fetch manifest is-number-object@^1.1.1
3097 silly packumentCache full:https://registry.npmjs.org/is-number-object cache-miss
3098 http fetch GET 200 https://registry.npmjs.org/is-number-object 127ms (cache miss)
3099 silly packumentCache full:https://registry.npmjs.org/is-number-object set size:undefined disposed:false
3100 http fetch GET 200 https://registry.npmjs.org/is-boolean-object 137ms (cache miss)
3101 silly packumentCache full:https://registry.npmjs.org/is-boolean-object set size:undefined disposed:false
3102 http fetch GET 200 https://registry.npmjs.org/is-bigint 143ms (cache miss)
3103 silly packumentCache full:https://registry.npmjs.org/is-bigint set size:undefined disposed:false
3104 silly placeDep ROOT @unrs/resolver-binding-android-arm-eabi@1.12.2 OK for: unrs-resolver@1.12.2 want: 1.12.2
3105 silly placeDep ROOT @unrs/resolver-binding-android-arm64@1.12.2 OK for: unrs-resolver@1.12.2 want: 1.12.2
3106 silly placeDep ROOT @unrs/resolver-binding-darwin-arm64@1.12.2 OK for: unrs-resolver@1.12.2 want: 1.12.2
3107 silly placeDep ROOT @unrs/resolver-binding-darwin-x64@1.12.2 OK for: unrs-resolver@1.12.2 want: 1.12.2
3108 silly placeDep ROOT @unrs/resolver-binding-freebsd-x64@1.12.2 OK for: unrs-resolver@1.12.2 want: 1.12.2
3109 silly placeDep ROOT @unrs/resolver-binding-linux-arm-gnueabihf@1.12.2 OK for: unrs-resolver@1.12.2 want: 1.12.2
3110 silly placeDep ROOT @unrs/resolver-binding-linux-arm-musleabihf@1.12.2 OK for: unrs-resolver@1.12.2 want: 1.12.2
3111 silly placeDep ROOT @unrs/resolver-binding-linux-arm64-gnu@1.12.2 OK for: unrs-resolver@1.12.2 want: 1.12.2
3112 silly placeDep ROOT @unrs/resolver-binding-linux-arm64-musl@1.12.2 OK for: unrs-resolver@1.12.2 want: 1.12.2
3113 silly placeDep ROOT @unrs/resolver-binding-linux-loong64-gnu@1.12.2 OK for: unrs-resolver@1.12.2 want: 1.12.2
3114 silly placeDep ROOT @unrs/resolver-binding-linux-loong64-musl@1.12.2 OK for: unrs-resolver@1.12.2 want: 1.12.2
3115 silly placeDep ROOT @unrs/resolver-binding-linux-ppc64-gnu@1.12.2 OK for: unrs-resolver@1.12.2 want: 1.12.2
3116 silly placeDep ROOT @unrs/resolver-binding-linux-riscv64-gnu@1.12.2 OK for: unrs-resolver@1.12.2 want: 1.12.2
3117 silly placeDep ROOT @unrs/resolver-binding-linux-riscv64-musl@1.12.2 OK for: unrs-resolver@1.12.2 want: 1.12.2
3118 silly placeDep ROOT @unrs/resolver-binding-linux-s390x-gnu@1.12.2 OK for: unrs-resolver@1.12.2 want: 1.12.2
3119 silly placeDep ROOT @unrs/resolver-binding-linux-x64-gnu@1.12.2 OK for: unrs-resolver@1.12.2 want: 1.12.2
3120 silly placeDep ROOT @unrs/resolver-binding-linux-x64-musl@1.12.2 OK for: unrs-resolver@1.12.2 want: 1.12.2
3121 silly placeDep ROOT @unrs/resolver-binding-openharmony-arm64@1.12.2 OK for: unrs-resolver@1.12.2 want: 1.12.2
3122 silly placeDep ROOT @unrs/resolver-binding-wasm32-wasi@1.12.2 OK for: unrs-resolver@1.12.2 want: 1.12.2
3123 silly placeDep ROOT @unrs/resolver-binding-win32-arm64-msvc@1.12.2 OK for: unrs-resolver@1.12.2 want: 1.12.2
3124 silly placeDep ROOT @unrs/resolver-binding-win32-ia32-msvc@1.12.2 OK for: unrs-resolver@1.12.2 want: 1.12.2
3125 silly placeDep ROOT @unrs/resolver-binding-win32-x64-msvc@1.12.2 OK for: unrs-resolver@1.12.2 want: 1.12.2
3126 silly placeDep ROOT napi-postinstall@0.3.4 OK for: unrs-resolver@1.12.2 want: ^0.3.4
3127 silly fetch manifest @napi-rs/wasm-runtime@^1.1.4
3128 silly packumentCache full:https://registry.npmjs.org/@napi-rs%2fwasm-runtime cache-miss
3129 silly fetch manifest @emnapi/core@1.10.0
3130 silly packumentCache full:https://registry.npmjs.org/@emnapi%2fcore cache-miss
3131 silly fetch manifest @emnapi/runtime@1.10.0
3132 silly packumentCache full:https://registry.npmjs.org/@emnapi%2fruntime cache-miss
3133 http cache https://registry.npmjs.org/@emnapi%2fruntime 7ms (cache hit)
3134 silly packumentCache full:https://registry.npmjs.org/@emnapi%2fruntime set size:118526 disposed:false
3135 http fetch GET 200 https://registry.npmjs.org/@napi-rs%2fwasm-runtime 142ms (cache miss)
3136 silly packumentCache full:https://registry.npmjs.org/@napi-rs%2fwasm-runtime set size:undefined disposed:false
3137 http fetch GET 200 https://registry.npmjs.org/@emnapi%2fcore 152ms (cache miss)
3138 silly packumentCache full:https://registry.npmjs.org/@emnapi%2fcore set size:undefined disposed:false
3139 silly placeDep ROOT @emnapi/core@1.10.0 OK for: @unrs/resolver-binding-wasm32-wasi@1.12.2 want: 1.10.0
3140 silly placeDep node_modules/@unrs/resolver-binding-wasm32-wasi @emnapi/runtime@1.10.0 OK for: @unrs/resolver-binding-wasm32-wasi@1.12.2 want: 1.10.0
3141 silly placeDep ROOT @napi-rs/wasm-runtime@1.1.6 OK for: @unrs/resolver-binding-wasm32-wasi@1.12.2 want: ^1.1.4
3142 silly fetch manifest @emnapi/wasi-threads@1.2.1
3143 silly packumentCache full:https://registry.npmjs.org/@emnapi%2fwasi-threads cache-miss
3144 silly fetch manifest @tybys/wasm-util@^0.10.3
3145 silly packumentCache full:https://registry.npmjs.org/@tybys%2fwasm-util cache-miss
3146 http fetch GET 200 https://registry.npmjs.org/@emnapi%2fwasi-threads 153ms (cache miss)
3147 silly packumentCache full:https://registry.npmjs.org/@emnapi%2fwasi-threads set size:undefined disposed:false
3148 http fetch GET 200 https://registry.npmjs.org/@tybys%2fwasm-util 175ms (cache miss)
3149 silly packumentCache full:https://registry.npmjs.org/@tybys%2fwasm-util set size:undefined disposed:false
3150 silly placeDep ROOT @emnapi/wasi-threads@1.2.1 OK for: @emnapi/core@1.10.0 want: 1.2.1
3151 silly placeDep ROOT @tybys/wasm-util@0.10.3 OK for: @napi-rs/wasm-runtime@1.1.6 want: ^0.10.3
3152 silly placeDep ROOT escalade@3.2.0 OK for: update-browserslist-db@1.2.3 want: ^3.2.0
3153 silly placeDep ROOT punycode@2.3.1 OK for: uri-js@4.4.1 want: ^2.1.0
3154 silly placeDep ROOT isexe@2.0.0 OK for: which@2.0.2 want: ^2.0.0
3155 silly placeDep ROOT is-bigint@1.1.0 OK for: which-boxed-primitive@1.1.1 want: ^1.1.0
3156 silly placeDep ROOT is-boolean-object@1.2.2 OK for: which-boxed-primitive@1.1.1 want: ^1.2.1
3157 silly placeDep ROOT is-number-object@1.1.1 OK for: which-boxed-primitive@1.1.1 want: ^1.1.1
3158 silly placeDep ROOT is-async-function@2.1.1 OK for: which-builtin-type@1.2.1 want: ^2.0.0
3159 silly placeDep ROOT is-finalizationregistry@1.1.1 OK for: which-builtin-type@1.2.1 want: ^1.1.0
3160 silly placeDep ROOT is-generator-function@1.1.2 OK for: which-builtin-type@1.2.1 want: ^1.0.10
3161 silly placeDep ROOT which-collection@1.0.2 OK for: which-builtin-type@1.2.1 want: ^1.0.2
3162 silly fetch manifest async-function@^1.0.0
3163 silly packumentCache full:https://registry.npmjs.org/async-function cache-miss
3164 silly fetch manifest generator-function@^2.0.0
3165 silly packumentCache full:https://registry.npmjs.org/generator-function cache-miss
3166 silly fetch manifest is-map@^2.0.3
3167 silly packumentCache full:https://registry.npmjs.org/is-map cache-miss
3168 silly fetch manifest is-weakmap@^2.0.2
3169 silly packumentCache full:https://registry.npmjs.org/is-weakmap cache-miss
3170 silly fetch manifest is-weakset@^2.0.3
3171 silly packumentCache full:https://registry.npmjs.org/is-weakset cache-miss
3172 http fetch GET 200 https://registry.npmjs.org/async-function 122ms (cache miss)
3173 silly packumentCache full:https://registry.npmjs.org/async-function set size:undefined disposed:false
3174 http fetch GET 200 https://registry.npmjs.org/is-map 132ms (cache miss)
3175 silly packumentCache full:https://registry.npmjs.org/is-map set size:undefined disposed:false
3176 http fetch GET 200 https://registry.npmjs.org/generator-function 133ms (cache miss)
3177 silly packumentCache full:https://registry.npmjs.org/generator-function set size:undefined disposed:false
3178 http fetch GET 200 https://registry.npmjs.org/is-weakmap 135ms (cache miss)
3179 silly packumentCache full:https://registry.npmjs.org/is-weakmap set size:undefined disposed:false
3180 http fetch GET 200 https://registry.npmjs.org/is-weakset 136ms (cache miss)
3181 silly packumentCache full:https://registry.npmjs.org/is-weakset set size:undefined disposed:false
3182 silly placeDep ROOT async-function@1.0.0 OK for: is-async-function@2.1.1 want: ^1.0.0
3183 silly placeDep ROOT generator-function@2.0.1 OK for: is-generator-function@1.1.2 want: ^2.0.0
3184 silly placeDep ROOT is-map@2.0.3 OK for: which-collection@1.0.2 want: ^2.0.3
3185 silly placeDep ROOT is-weakmap@2.0.2 OK for: which-collection@1.0.2 want: ^2.0.2
3186 silly placeDep ROOT is-weakset@2.0.4 OK for: which-collection@1.0.2 want: ^2.0.3
3187 silly placeDep ROOT grammex@3.1.12 OK for: zeptomatch@2.1.0 want: ^3.1.11
3188 silly placeDep ROOT graphmatch@1.1.1 OK for: zeptomatch@2.1.0 want: ^1.1.0
3189 silly placeDep ROOT fast-uri@3.1.3 OK for: ajv@8.20.0 want: ^3.0.1
3190 silly placeDep node_modules/@prisma/streams-local json-schema-traverse@1.0.0 OK for: ajv@8.20.0 want: ^1.0.0
3191 silly placeDep ROOT require-from-string@2.0.2 OK for: ajv@8.20.0 want: ^2.0.2
3192 silly placeDep node_modules/eslint-plugin-import brace-expansion@1.1.16 OK for: minimatch@3.1.5 want: ^1.1.7
3193 silly fetch manifest concat-map@0.0.1
3194 silly packumentCache full:https://registry.npmjs.org/concat-map cache-miss
3195 silly fetch manifest balanced-match@^1.0.0
3196 silly packumentCache full:https://registry.npmjs.org/balanced-match cache-miss
3197 http cache https://registry.npmjs.org/balanced-match 6ms (cache hit)
3198 silly packumentCache full:https://registry.npmjs.org/balanced-match set size:39082 disposed:false
3199 http fetch GET 200 https://registry.npmjs.org/concat-map 173ms (cache miss)
3200 silly packumentCache full:https://registry.npmjs.org/concat-map set size:undefined disposed:false
3201 silly placeDep node_modules/eslint-plugin-import balanced-match@1.0.2 OK for: brace-expansion@1.1.16 want: ^1.0.0
3202 silly placeDep ROOT concat-map@0.0.1 OK for: brace-expansion@1.1.16 want: 0.0.1
3203 silly placeDep node_modules/eslint-plugin-jsx-a11y brace-expansion@1.1.16 OK for: minimatch@3.1.5 want: ^1.1.7
3204 silly placeDep node_modules/eslint-plugin-jsx-a11y balanced-match@1.0.2 OK for: brace-expansion@1.1.16 want: ^1.0.0
3205 silly placeDep node_modules/eslint-plugin-react brace-expansion@1.1.16 OK for: minimatch@3.1.5 want: ^1.1.7
3206 silly placeDep node_modules/eslint-plugin-react balanced-match@1.0.2 OK for: brace-expansion@1.1.16 want: ^1.0.0
3207 silly placeDep ROOT anymatch@3.1.3 OK for: chokidar@3.6.0 want: ~3.1.2
3208 silly placeDep node_modules/tailwindcss/node_modules/chokidar glob-parent@5.1.2 OK for: chokidar@3.6.0 want: ~5.1.2
3209 silly placeDep ROOT is-binary-path@2.1.0 OK for: chokidar@3.6.0 want: ~2.1.0
3210 silly placeDep node_modules/tailwindcss readdirp@3.6.0 OK for: chokidar@3.6.0 want: ~3.6.0
3211 silly fetch manifest binary-extensions@^2.0.0
3212 silly packumentCache full:https://registry.npmjs.org/binary-extensions cache-miss
3213 http fetch GET 200 https://registry.npmjs.org/binary-extensions 150ms (cache miss)
3214 silly packumentCache full:https://registry.npmjs.org/binary-extensions set size:undefined disposed:false
3215 silly placeDep ROOT binary-extensions@2.3.0 OK for: is-binary-path@2.1.0 want: ^2.0.0
3216 silly placeDep node_modules/tailwindcss/node_modules/fast-glob glob-parent@5.1.2 OK for: fast-glob@3.3.3 want: ^5.1.2
3217 silly reify moves {}
3218 silly audit bulk request {
3218 silly audit   '@better-auth-ui/core': [ '1.6.27' ],
3218 silly audit   '@better-auth-ui/react': [ '1.6.27' ],
3218 silly audit   '@better-auth/prisma-adapter': [ '1.6.23' ],
3218 silly audit   '@prisma/client': [ '7.8.0' ],
3218 silly audit   '@tanstack/react-query': [ '5.101.2' ],
3218 silly audit   '@trpc/client': [ '11.18.0' ],
3218 silly audit   '@trpc/react-query': [ '11.18.0' ],
3218 silly audit   '@trpc/server': [ '11.18.0' ],
3218 silly audit   '@types/node': [ '26.1.1' ],
3218 silly audit   '@types/react': [ '19.2.17' ],
3218 silly audit   '@types/react-dom': [ '19.2.3' ],
3218 silly audit   autoprefixer: [ '10.5.2' ],
3218 silly audit   'better-auth': [ '1.6.23' ],
3218 silly audit   'class-variance-authority': [ '0.7.1' ],
3218 silly audit   clsx: [ '2.1.1' ],
3218 silly audit   eslint: [ '10.6.0' ],
3218 silly audit   'eslint-config-next': [ '16.2.10' ],
3218 silly audit   'lucide-react': [ '1.23.0' ],
3218 silly audit   next: [ '16.2.10' ],
3218 silly audit   'next-themes': [ '0.4.6' ],
3218 silly audit   postcss: [ '8.5.16', '8.4.31' ],
3218 silly audit   prisma: [ '7.8.0' ],
3218 silly audit   react: [ '19.2.7' ],
3218 silly audit   'react-dom': [ '19.2.7' ],
3218 silly audit   sonner: [ '2.0.7' ],
3218 silly audit   superjson: [ '2.2.6' ],
3218 silly audit   'tailwind-merge': [ '3.6.0' ],
3218 silly audit   tailwindcss: [ '3.4.19' ],
3218 silly audit   tsx: [ '4.23.0' ],
3218 silly audit   typescript: [ '7.0.2' ],
3218 silly audit   zod: [ '4.4.3' ],
3218 silly audit   '@prisma/client-runtime-utils': [ '7.8.0' ],
3218 silly audit   '@tanstack/query-core': [ '5.101.2' ],
3218 silly audit   'undici-types': [ '8.3.0' ],
3218 silly audit   csstype: [ '3.2.3' ],
3218 silly audit   browserslist: [ '4.28.5' ],
3218 silly audit   'caniuse-lite': [ '1.0.30001803' ],
3218 silly audit   'fraction.js': [ '5.3.4' ],
3218 silly audit   picocolors: [ '1.1.1' ],
3218 silly audit   'postcss-value-parser': [ '4.2.0' ],
3218 silly audit   '@better-auth/core': [ '1.6.23' ],
3218 silly audit   '@better-auth/drizzle-adapter': [ '1.6.23' ],
3218 silly audit   '@better-auth/kysely-adapter': [ '1.6.23' ],
3218 silly audit   '@better-auth/memory-adapter': [ '1.6.23' ],
3218 silly audit   '@better-auth/mongo-adapter': [ '1.6.23' ],
3218 silly audit   '@better-auth/telemetry': [ '1.6.23' ],
3218 silly audit   '@better-auth/utils': [ '0.4.2' ],
3218 silly audit   '@better-fetch/fetch': [ '1.3.1' ],
3218 silly audit   '@noble/ciphers': [ '2.2.0' ],
3218 silly audit   '@noble/hashes': [ '2.2.0' ],
3218 silly audit   'better-call': [ '1.3.7' ],
3218 silly audit   defu: [ '6.1.7' ],
3218 silly audit   jose: [ '6.2.3' ],
3218 silly audit   kysely: [ '0.29.3' ],
3218 silly audit   nanostores: [ '1.4.0' ],
3218 silly audit   '@opentelemetry/semantic-conventions': [ '1.42.0' ],
3218 silly audit   '@standard-schema/spec': [ '1.1.0' ],
3218 silly audit   rou3: [ '0.7.12' ],
3218 silly audit   'set-cookie-parser': [ '3.1.1' ],
3218 silly audit   'baseline-browser-mapping': [ '2.10.42' ],
3218 silly audit   'electron-to-chromium': [ '1.5.389' ],
3218 silly audit   'node-releases': [ '2.0.50' ],
3218 silly audit   'update-browserslist-db': [ '1.2.3' ],
3218 silly audit   '@eslint-community/eslint-utils': [ '4.9.1' ],
3218 silly audit   '@eslint-community/regexpp': [ '4.12.2' ],
3218 silly audit   '@eslint/config-array': [ '0.23.5' ],
3218 silly audit   '@eslint/config-helpers': [ '0.6.0' ],
3218 silly audit   '@eslint/core': [ '1.2.1' ],
3218 silly audit   '@eslint/plugin-kit': [ '0.7.2' ],
3218 silly audit   '@humanfs/node': [ '0.16.8' ],
3218 silly audit   '@humanwhocodes/module-importer': [ '1.0.1' ],
3218 silly audit   '@humanwhocodes/retry': [ '0.4.3' ],
3218 silly audit   '@types/estree': [ '1.0.9' ],
3218 silly audit   ajv: [ '6.15.0', '8.20.0' ],
3218 silly audit   'cross-spawn': [ '7.0.6' ],
3218 silly audit   debug: [ '4.4.3', '3.2.7' ],
3218 silly audit   'escape-string-regexp': [ '4.0.0' ],
3218 silly audit   'eslint-scope': [ '9.1.2' ],
3218 silly audit   'eslint-visitor-keys': [ '5.0.1', '3.4.3' ],
3218 silly audit   espree: [ '11.2.0' ],
3218 silly audit   esquery: [ '1.7.0' ],
3218 silly audit   esutils: [ '2.0.3' ],
3218 silly audit   'fast-deep-equal': [ '3.1.3' ],
3218 silly audit   'file-entry-cache': [ '8.0.0' ],
3218 silly audit   'find-up': [ '5.0.0' ],
3218 silly audit   'glob-parent': [ '6.0.2', '5.1.2' ],
3218 silly audit   ignore: [ '5.3.2', '7.0.5' ],
3218 silly audit   imurmurhash: [ '0.1.4' ],
3218 silly audit   'is-glob': [ '4.0.3' ],
3218 silly audit   'json-stable-stringify-without-jsonify': [ '1.0.1' ],
3218 silly audit   minimatch: [ '10.2.5', '3.1.5' ],
3218 silly audit   'natural-compare': [ '1.4.0' ],
3218 silly audit   optionator: [ '0.9.4' ],
3218 silly audit   '@eslint/object-schema': [ '3.0.5' ],
3218 silly audit   '@types/json-schema': [ '7.0.15' ],
3218 silly audit   levn: [ '0.4.1' ],
3218 silly audit   '@humanfs/core': [ '0.19.2' ],
3218 silly audit   '@humanfs/types': [ '0.15.0' ],
3218 silly audit   'fast-json-stable-stringify': [ '2.1.0' ],
3218 silly audit   'json-schema-traverse': [ '0.4.1', '1.0.0' ],
3218 silly audit   'uri-js': [ '4.4.1' ],
3218 silly audit   'path-key': [ '3.1.1' ],
3218 silly audit   'shebang-command': [ '2.0.0' ],
3218 silly audit   which: [ '2.0.2' ],
3218 silly audit   ms: [ '2.1.3' ],
3218 silly audit   '@next/eslint-plugin-next': [ '16.2.10' ],
3218 silly audit   'eslint-import-resolver-node': [ '0.3.10' ],
3218 silly audit   'eslint-import-resolver-typescript': [ '3.10.1' ],
3218 silly audit   'eslint-plugin-import': [ '2.32.0' ],
3218 silly audit   'eslint-plugin-jsx-a11y': [ '6.10.2' ],
3218 silly audit   'eslint-plugin-react': [ '7.37.5' ],
3218 silly audit   'eslint-plugin-react-hooks': [ '7.1.1' ],
3218 silly audit   globals: [ '16.4.0' ],
3218 silly audit   'typescript-eslint': [ '8.63.0' ],
3218 silly audit   'fast-glob': [ '3.3.1', '3.3.3' ],
3218 silly audit   'is-core-module': [ '2.16.2' ],
3218 silly audit   resolve: [ '2.0.0-next.7', '1.22.12' ],
3218 silly audit   '@nolyfill/is-core-module': [ '1.0.39' ],
3218 silly audit   'get-tsconfig': [ '4.14.0' ],
3218 silly audit   'is-bun-module': [ '2.0.0' ],
3218 silly audit   'stable-hash': [ '0.0.5' ],
3218 silly audit   tinyglobby: [ '0.2.17' ],
3218 silly audit   'unrs-resolver': [ '1.12.2' ],
3218 silly audit   '@rtsao/scc': [ '1.1.0' ],
3218 silly audit   'array-includes': [ '3.1.9' ],
3218 silly audit   'array.prototype.findlastindex': [ '1.2.6' ],
3218 silly audit   'array.prototype.flat': [ '1.3.3' ],
3218 silly audit   'array.prototype.flatmap': [ '1.3.3' ],
3218 silly audit   doctrine: [ '2.1.0' ],
3218 silly audit   'eslint-module-utils': [ '2.14.0' ],
3218 silly audit   hasown: [ '2.0.4' ],
3218 silly audit   'object.fromentries': [ '2.0.8' ],
3218 silly audit   'object.groupby': [ '1.0.3' ],
3218 silly audit   'object.values': [ '1.2.1' ],
3218 silly audit   semver: [ '6.3.1', '7.8.5' ],
3218 silly audit   'string.prototype.trimend': [ '1.0.10' ],
3218 silly audit   'tsconfig-paths': [ '3.15.0' ],
3218 silly audit   'call-bind': [ '1.0.9' ],
3218 silly audit   'call-bound': [ '1.0.4' ],
3218 silly audit   'define-properties': [ '1.2.1' ],
3218 silly audit   'es-abstract': [ '1.24.2' ],
3218 silly audit   'es-object-atoms': [ '1.1.2' ],
3218 silly audit   'get-intrinsic': [ '1.3.0' ],
3218 silly audit   'is-string': [ '1.1.1' ],
3218 silly audit   'math-intrinsics': [ '1.1.0' ],
3218 silly audit   'es-errors': [ '1.3.0' ],
3218 silly audit   'es-shim-unscopables': [ '1.1.0' ],
3218 silly audit   'call-bind-apply-helpers': [ '1.0.2' ],
3218 silly audit   'es-define-property': [ '1.0.1' ],
3218 silly audit   'set-function-length': [ '1.2.2' ],
3218 silly audit   'function-bind': [ '1.1.2' ],
3218 silly audit   'define-data-property': [ '1.1.4' ],
3218 silly audit   'has-property-descriptors': [ '1.0.2' ],
3218 silly audit   'object-keys': [ '1.1.1' ],
3218 silly audit   gopd: [ '1.2.0' ],
3218 silly audit   'array-buffer-byte-length': [ '1.0.2' ],
3218 silly audit   'arraybuffer.prototype.slice': [ '1.0.4' ],
3218 silly audit   'available-typed-arrays': [ '1.0.7' ],
3218 silly audit   'data-view-buffer': [ '1.0.2' ],
3218 silly audit   'data-view-byte-length': [ '1.0.2' ],
3218 silly audit   'data-view-byte-offset': [ '1.0.1' ],
3218 silly audit   'es-set-tostringtag': [ '2.1.0' ],
3218 silly audit   'es-to-primitive': [ '1.3.4' ],
3218 silly audit   'function.prototype.name': [ '1.2.0' ],
3218 silly audit   'get-proto': [ '1.0.1' ],
3218 silly audit   'get-symbol-description': [ '1.1.0' ],
3218 silly audit   globalthis: [ '1.0.4' ],
3218 silly audit   'has-proto': [ '1.2.0' ],
3218 silly audit   'has-symbols': [ '1.1.0' ],
3218 silly audit   'internal-slot': [ '1.1.0' ],
3218 silly audit   'is-array-buffer': [ '3.0.5' ],
3218 silly audit   'is-callable': [ '1.2.7' ],
3218 silly audit   'is-data-view': [ '1.0.2' ],
3218 silly audit   'is-negative-zero': [ '2.0.3' ],
3218 silly audit   'is-regex': [ '1.2.1' ],
3218 silly audit   'is-set': [ '2.0.3' ],
3218 silly audit   'is-shared-array-buffer': [ '1.0.4' ],
3218 silly audit   'is-typed-array': [ '1.1.15' ],
3218 silly audit   'is-weakref': [ '1.1.1' ],
3218 silly audit   'object-inspect': [ '1.13.4' ],
3218 silly audit   'object.assign': [ '4.1.7' ],
3218 silly audit   'own-keys': [ '1.0.1' ],
3218 silly audit   'regexp.prototype.flags': [ '1.5.4' ],
3218 silly audit   'safe-array-concat': [ '1.1.4' ],
3218 silly audit   'safe-push-apply': [ '1.0.0' ],
3218 silly audit   'safe-regex-test': [ '1.1.0' ],
3218 silly audit   'set-proto': [ '1.0.0' ],
3218 silly audit   'stop-iteration-iterator': [ '1.1.0' ],
3218 silly audit   'string.prototype.trim': [ '1.2.11' ],
3218 silly audit   'string.prototype.trimstart': [ '1.0.8' ],
3218 silly audit   'typed-array-buffer': [ '1.0.3' ],
3218 silly audit   'typed-array-byte-length': [ '1.0.3' ],
3218 silly audit   'typed-array-byte-offset': [ '1.0.4' ],
3218 silly audit   'typed-array-length': [ '1.0.8' ],
3218 silly audit   'unbox-primitive': [ '1.1.0' ],
3218 silly audit   'which-typed-array': [ '1.1.22' ],
3218 silly audit   'possible-typed-array-names': [ '1.1.0' ],
3218 silly audit   'has-tostringtag': [ '1.0.2' ],
3218 silly audit   'es-abstract-get': [ '1.0.0' ],
3218 silly audit   'is-date-object': [ '1.1.0' ],
3218 silly audit   'is-symbol': [ '1.1.1' ],
3218 silly audit   'aria-query': [ '5.3.2' ],
3218 silly audit   'ast-types-flow': [ '0.0.8' ],
3218 silly audit   'axe-core': [ '4.12.1' ],
3218 silly audit   'axobject-query': [ '4.1.0' ],
3218 silly audit   'damerau-levenshtein': [ '1.0.8' ],
3218 silly audit   'emoji-regex': [ '9.2.2' ],
3218 silly audit   'jsx-ast-utils': [ '3.3.5' ],
3218 silly audit   'language-tags': [ '1.0.9' ],
3218 silly audit   'string.prototype.includes': [ '2.0.1' ],
3218 silly audit   'array.prototype.findlast': [ '1.2.5' ],
3218 silly audit   'array.prototype.tosorted': [ '1.1.4' ],
3218 silly audit   'es-iterator-helpers': [ '1.3.3' ],
3218 silly audit   estraverse: [ '5.3.0' ],
3218 silly audit   'object.entries': [ '1.1.9' ],
3218 silly audit   'prop-types': [ '15.8.1' ],
3218 silly audit   'string.prototype.matchall': [ '4.0.12' ],
3218 silly audit   'string.prototype.repeat': [ '1.0.0' ],
3218 silly audit   'iterator.prototype': [ '1.1.5' ],
3218 silly audit   '@babel/core': [ '7.29.7' ],
3218 silly audit   '@babel/parser': [ '7.29.7' ],
3218 silly audit   'hermes-parser': [ '0.25.1' ],
3218 silly audit   'zod-validation-error': [ '4.0.2' ],
3218 silly audit   '@babel/code-frame': [ '7.29.7' ],
3218 silly audit   '@babel/generator': [ '7.29.7' ],
3218 silly audit   '@babel/helper-compilation-targets': [ '7.29.7' ],
3218 silly audit   '@babel/helper-module-transforms': [ '7.29.7' ],
3218 silly audit   '@babel/helpers': [ '7.29.7' ],
3218 silly audit   '@babel/template': [ '7.29.7' ],
3218 silly audit   '@babel/traverse': [ '7.29.7' ],
3218 silly audit   '@babel/types': [ '7.29.7' ],
3218 silly audit   '@jridgewell/remapping': [ '2.3.5' ],
3218 silly audit   'convert-source-map': [ '2.0.0' ],
3218 silly audit   gensync: [ '1.0.0-beta.2' ],
3218 silly audit   json5: [ '2.2.3', '1.0.2' ],
3218 silly audit   '@babel/helper-validator-identifier': [ '7.29.7' ],
3218 silly audit   'js-tokens': [ '4.0.0' ],
3218 silly audit   '@jridgewell/gen-mapping': [ '0.3.13' ],
3218 silly audit   '@jridgewell/trace-mapping': [ '0.3.31' ],
3218 silly audit   jsesc: [ '3.1.0' ],
3218 silly audit   '@babel/compat-data': [ '7.29.7' ],
3218 silly audit   '@babel/helper-validator-option': [ '7.29.7' ],
3218 silly audit   'lru-cache': [ '5.1.1' ],
3218 silly audit   '@babel/helper-module-imports': [ '7.29.7' ],
3218 silly audit   '@babel/helper-globals': [ '7.29.7' ],
3218 silly audit   '@babel/helper-string-parser': [ '7.29.7' ],
3218 silly audit   '@jridgewell/sourcemap-codec': [ '1.5.5' ],
3218 silly audit   '@jridgewell/resolve-uri': [ '3.1.2' ],
3218 silly audit   '@types/esrecurse': [ '4.3.1' ],
3218 silly audit   esrecurse: [ '4.3.0' ],
3218 silly audit   acorn: [ '8.17.0' ],
3218 silly audit   'acorn-jsx': [ '5.3.2' ],
3218 silly audit   '@nodelib/fs.stat': [ '2.0.5' ],
3218 silly audit   '@nodelib/fs.walk': [ '1.2.8' ],
3218 silly audit   merge2: [ '1.4.1' ],
3218 silly audit   micromatch: [ '4.0.8' ],
3218 silly audit   '@nodelib/fs.scandir': [ '2.1.5' ],
3218 silly audit   fastq: [ '1.20.1' ],
3218 silly audit   'run-parallel': [ '1.2.0' ],
3218 silly audit   reusify: [ '1.1.0' ],
3218 silly audit   'flat-cache': [ '4.0.1' ],
3218 silly audit   'locate-path': [ '6.0.0' ],
3218 silly audit   'path-exists': [ '4.0.0' ],
3218 silly audit   flatted: [ '3.4.2' ],
3218 silly audit   keyv: [ '4.5.4' ],
3218 silly audit   'functions-have-names': [ '1.2.3' ],
3218 silly audit   'is-document.all': [ '1.0.0' ],
3218 silly audit   'dunder-proto': [ '1.0.1' ],
3218 silly audit   'resolve-pkg-maps': [ '1.0.0' ],
3218 silly audit   'hermes-estree': [ '0.25.1' ],
3218 silly audit   'side-channel': [ '1.1.1' ],
3218 silly audit   'is-extglob': [ '2.1.1' ],
3218 silly audit   'set-function-name': [ '2.0.2' ],
3218 silly audit   'json-buffer': [ '3.0.1' ],
3218 silly audit   'language-subtag-registry': [ '0.3.23' ],
3218 silly audit   'prelude-ls': [ '1.2.1' ],
3218 silly audit   'type-check': [ '0.4.0' ],
3218 silly audit   'p-locate': [ '5.0.0' ],
3218 silly audit   yallist: [ '3.1.1' ],
3218 silly audit   braces: [ '3.0.3' ],
3218 silly audit   picomatch: [ '2.3.2', '4.0.5' ],
3218 silly audit   'fill-range': [ '7.1.1' ],
3218 silly audit   'to-regex-range': [ '5.0.1' ],
3218 silly audit   'brace-expansion': [ '5.0.7', '1.1.16' ],
3218 silly audit   'balanced-match': [ '4.0.4', '1.0.2' ],
3218 silly audit   '@next/env': [ '16.2.10' ],
3218 silly audit   '@next/swc-darwin-arm64': [ '16.2.10' ],
3218 silly audit   '@next/swc-darwin-x64': [ '16.2.10' ],
3218 silly audit   '@next/swc-linux-arm64-gnu': [ '16.2.10' ],
3218 silly audit   '@next/swc-linux-arm64-musl': [ '16.2.10' ],
3218 silly audit   '@next/swc-linux-x64-gnu': [ '16.2.10' ],
3218 silly audit   '@next/swc-linux-x64-musl': [ '16.2.10' ],
3218 silly audit   '@next/swc-win32-arm64-msvc': [ '16.2.10' ],
3218 silly audit   '@next/swc-win32-x64-msvc': [ '16.2.10' ],
3218 silly audit   '@swc/helpers': [ '0.5.15' ],
3218 silly audit   sharp: [ '0.34.5' ],
3218 silly audit   'styled-jsx': [ '5.1.6' ],
3218 silly audit   tslib: [ '2.8.1' ],
3218 silly audit   'deep-is': [ '0.1.4' ],
3218 silly audit   'fast-levenshtein': [ '2.0.6' ],
3218 silly audit   'word-wrap': [ '1.2.5' ],
3218 silly audit   'p-limit': [ '3.1.0' ],
3218 silly audit   'yocto-queue': [ '0.1.0' ],
3218 silly audit   nanoid: [ '3.3.15' ],
3218 silly audit   'source-map-js': [ '1.2.1' ],
3218 silly audit   '@prisma/config': [ '7.8.0' ],
3218 silly audit   '@prisma/dev': [ '0.24.3' ],
3218 silly audit   '@prisma/engines': [ '7.8.0' ],
3218 silly audit   '@prisma/studio-core': [ '0.27.3' ],
3218 silly audit   mysql2: [ '3.15.3' ],
3218 silly audit   postgres: [ '3.4.7' ],
3218 silly audit   c12: [ '3.3.4' ],
3218 silly audit   'deepmerge-ts': [ '7.1.5' ],
3218 silly audit   effect: [ '3.20.0' ],
3218 silly audit   empathic: [ '2.0.0' ],
3218 silly audit   '@electric-sql/pglite': [ '0.4.1' ],
3218 silly audit   '@electric-sql/pglite-socket': [ '0.1.1' ],
3218 silly audit   '@electric-sql/pglite-tools': [ '0.3.1' ],
3218 silly audit   '@hono/node-server': [ '1.19.11' ],
3218 silly audit   '@prisma/get-platform': [ '7.2.0', '7.8.0' ],
3218 silly audit   '@prisma/query-plan-executor': [ '7.2.0' ],
3218 silly audit   '@prisma/streams-local': [ '0.1.2' ],
3218 silly audit   'foreground-child': [ '3.3.1' ],
3218 silly audit   'get-port-please': [ '3.2.0' ],
3218 silly audit   hono: [ '4.12.28' ],
3218 silly audit   'http-status-codes': [ '2.3.0' ],
3218 silly audit   pathe: [ '2.0.3' ],
3218 silly audit   'proper-lockfile': [ '4.1.2' ],
3218 silly audit   remeda: [ '2.33.4' ],
3218 silly audit   'std-env': [ '3.10.0' ],
3218 silly audit   valibot: [ '1.2.0' ],
3218 silly audit   zeptomatch: [ '2.1.0' ],
3218 silly audit   '@prisma/debug': [ '7.8.0', '7.2.0' ],
3218 silly audit   '@prisma/engines-version': [ '7.8.0-6.3c6e192761c0362d496ed980de936e2f3cebcd3a' ],
3218 silly audit   '@prisma/fetch-engine': [ '7.8.0' ],
3218 silly audit   'better-result': [ '2.9.2' ],
3218 silly audit   'env-paths': [ '3.0.0' ],
3218 silly audit   '@radix-ui/react-toggle': [ '1.1.10' ],
3218 silly audit   'chart.js': [ '4.5.1' ],
3218 silly audit   '@radix-ui/primitive': [ '1.1.3' ],
3218 silly audit   '@radix-ui/react-primitive': [ '2.1.3' ],
3218 silly audit   '@radix-ui/react-use-controllable-state': [ '1.2.2' ],
3218 silly audit   '@radix-ui/react-slot': [ '1.2.3' ],
3218 silly audit   '@radix-ui/react-compose-refs': [ '1.1.2' ],
3218 silly audit   '@radix-ui/react-use-effect-event': [ '0.0.2' ],
3218 silly audit   '@radix-ui/react-use-layout-effect': [ '1.1.1' ],
3218 silly audit   chokidar: [ '5.0.0', '3.6.0' ],
3218 silly audit   confbox: [ '0.2.4' ],
3218 silly audit   dotenv: [ '17.4.2' ],
3218 silly audit   exsolve: [ '1.1.0' ],
3218 silly audit   giget: [ '3.3.0' ],
3218 silly audit   jiti: [ '2.7.0', '1.21.7' ],
3218 silly audit   ohash: [ '2.0.11' ],
3218 silly audit   'perfect-debounce': [ '2.1.0' ],
3218 silly audit   'pkg-types': [ '2.3.1' ],
3218 silly audit   rc9: [ '3.0.1' ],
3218 silly audit   '@kurkle/color': [ '0.3.4' ],
3218 silly audit   readdirp: [ '5.0.0', '3.6.0' ],
3218 silly audit   'fast-check': [ '3.23.2' ],
3218 silly audit   'pure-rand': [ '6.1.0' ],
3218 silly audit   'signal-exit': [ '4.1.0', '3.0.7' ],
3218 silly audit   'aws-ssl-profiles': [ '1.1.2' ],
3218 silly audit   denque: [ '2.1.0' ],
3218 silly audit   'generate-function': [ '2.3.1' ],
3218 silly audit   'iconv-lite': [ '0.7.3' ],
3218 silly audit   long: [ '5.3.2' ],
3218 silly audit   'lru.min': [ '1.1.4' ],
3218 silly audit   'named-placeholders': [ '1.1.6' ],
3218 silly audit   'seq-queue': [ '0.0.5' ],
3218 silly audit   sqlstring: [ '2.3.3' ],
3218 silly audit   'is-property': [ '1.0.2' ],
3218 silly audit   'safer-buffer': [ '2.1.2' ],
3218 silly audit   'loose-envify': [ '1.4.0' ],
3218 silly audit   'object-assign': [ '4.1.1' ],
3218 silly audit   'react-is': [ '16.13.1' ],
3218 silly audit   'graceful-fs': [ '4.2.11' ],
3218 silly audit   retry: [ '0.12.0' ],
3218 silly audit   destr: [ '2.0.5' ],
3218 silly audit   scheduler: [ '0.27.0' ],
3218 silly audit   'node-exports-info': [ '1.6.2' ],
3218 silly audit   'path-parse': [ '1.0.7' ],
3218 silly audit   'supports-preserve-symlinks-flag': [ '1.0.0' ],
3218 silly audit   'queue-microtask': [ '1.2.3' ],
3218 silly audit   isarray: [ '2.0.5' ],
3218 silly audit   '@img/colour': [ '1.1.0' ],
3218 silly audit   '@img/sharp-darwin-arm64': [ '0.34.5' ],
3218 silly audit   '@img/sharp-darwin-x64': [ '0.34.5' ],
3218 silly audit   '@img/sharp-libvips-darwin-arm64': [ '1.2.4' ],
3218 silly audit   '@img/sharp-libvips-darwin-x64': [ '1.2.4' ],
3218 silly audit   '@img/sharp-libvips-linux-arm': [ '1.2.4' ],
3218 silly audit   '@img/sharp-libvips-linux-arm64': [ '1.2.4' ],
3218 silly audit   '@img/sharp-libvips-linux-ppc64': [ '1.2.4' ],
3218 silly audit   '@img/sharp-libvips-linux-riscv64': [ '1.2.4' ],
3218 silly audit   '@img/sharp-libvips-linux-s390x': [ '1.2.4' ],
3218 silly audit   '@img/sharp-libvips-linux-x64': [ '1.2.4' ],
3218 silly audit   '@img/sharp-libvips-linuxmusl-arm64': [ '1.2.4' ],
3218 silly audit   '@img/sharp-libvips-linuxmusl-x64': [ '1.2.4' ],
3218 silly audit   '@img/sharp-linux-arm': [ '0.34.5' ],
3218 silly audit   '@img/sharp-linux-arm64': [ '0.34.5' ],
3218 silly audit   '@img/sharp-linux-ppc64': [ '0.34.5' ],
3218 silly audit   '@img/sharp-linux-riscv64': [ '0.34.5' ],
3218 silly audit   '@img/sharp-linux-s390x': [ '0.34.5' ],
3218 silly audit   '@img/sharp-linux-x64': [ '0.34.5' ],
3218 silly audit   '@img/sharp-linuxmusl-arm64': [ '0.34.5' ],
3218 silly audit   '@img/sharp-linuxmusl-x64': [ '0.34.5' ],
3218 silly audit   '@img/sharp-wasm32': [ '0.34.5' ],
3218 silly audit   '@img/sharp-win32-arm64': [ '0.34.5' ],
3218 silly audit   '@img/sharp-win32-ia32': [ '0.34.5' ],
3218 silly audit   '@img/sharp-win32-x64': [ '0.34.5' ],
3218 silly audit   'detect-libc': [ '2.1.2' ],
3218 silly audit   '@emnapi/runtime': [ '1.11.2', '1.10.0' ],
3218 silly audit   'shebang-regex': [ '3.0.0' ],
3218 silly audit   'side-channel-list': [ '1.0.1' ],
3218 silly audit   'side-channel-map': [ '1.0.1' ],
3218 silly audit   'side-channel-weakmap': [ '1.0.2' ],
3218 silly audit   'client-only': [ '0.0.1' ],
3218 silly audit   'copy-anything': [ '4.0.5' ],
3218 silly audit   'is-what': [ '5.5.0' ],
3218 silly audit   '@alloc/quick-lru': [ '5.2.0' ],
3218 silly audit   arg: [ '5.0.2' ],
3218 silly audit   didyoumean: [ '1.2.2' ],
3218 silly audit   dlv: [ '1.1.3' ],
3218 silly audit   lilconfig: [ '3.1.3' ],
3218 silly audit   'normalize-path': [ '3.0.0' ],
3218 silly audit   'object-hash': [ '3.0.0' ],
3218 silly audit   'postcss-import': [ '15.1.0' ],
3218 silly audit   'postcss-js': [ '4.1.0' ],
3218 silly audit   'postcss-load-config': [ '6.0.1' ],
3218 silly audit   'postcss-nested': [ '6.2.0' ],
3218 silly audit   'postcss-selector-parser': [ '6.1.4' ],
3218 silly audit   sucrase: [ '3.35.1' ],
3218 silly audit   'read-cache': [ '1.0.0' ],
3218 silly audit   'camelcase-css': [ '2.0.1' ],
3218 silly audit   cssesc: [ '3.0.0' ],
3218 silly audit   'util-deprecate': [ '1.0.2' ],
3218 silly audit   pify: [ '2.3.0' ],
3218 silly audit   commander: [ '4.1.1' ],
3218 silly audit   'lines-and-columns': [ '1.2.4' ],
3218 silly audit   mz: [ '2.7.0' ],
3218 silly audit   pirates: [ '4.0.7' ],
3218 silly audit   'ts-interface-checker': [ '0.1.13' ],
3218 silly audit   'any-promise': [ '1.3.0' ],
3218 silly audit   'thenify-all': [ '1.6.0' ],
3218 silly audit   thenify: [ '3.3.1' ],
3218 silly audit   fdir: [ '6.5.0' ],
3218 silly audit   'is-number': [ '7.0.0' ],
3218 silly audit   '@types/json5': [ '0.0.29' ],
3218 silly audit   minimist: [ '1.2.8' ],
3218 silly audit   'strip-bom': [ '3.0.0' ],
3218 silly audit   esbuild: [ '0.28.1' ],
3218 silly audit   fsevents: [ '2.3.3' ],
3218 silly audit   '@esbuild/aix-ppc64': [ '0.28.1' ],
3218 silly audit   '@esbuild/android-arm': [ '0.28.1' ],
3218 silly audit   '@esbuild/android-arm64': [ '0.28.1' ],
3218 silly audit   '@esbuild/android-x64': [ '0.28.1' ],
3218 silly audit   '@esbuild/darwin-arm64': [ '0.28.1' ],
3218 silly audit   '@esbuild/darwin-x64': [ '0.28.1' ],
3218 silly audit   '@esbuild/freebsd-arm64': [ '0.28.1' ],
3218 silly audit   '@esbuild/freebsd-x64': [ '0.28.1' ],
3218 silly audit   '@esbuild/linux-arm': [ '0.28.1' ],
3218 silly audit   '@esbuild/linux-arm64': [ '0.28.1' ],
3218 silly audit   '@esbuild/linux-ia32': [ '0.28.1' ],
3218 silly audit   '@esbuild/linux-loong64': [ '0.28.1' ],
3218 silly audit   '@esbuild/linux-mips64el': [ '0.28.1' ],
3218 silly audit   '@esbuild/linux-ppc64': [ '0.28.1' ],
3218 silly audit   '@esbuild/linux-riscv64': [ '0.28.1' ],
3218 silly audit   '@esbuild/linux-s390x': [ '0.28.1' ],
3218 silly audit   '@esbuild/linux-x64': [ '0.28.1' ],
3218 silly audit   '@esbuild/netbsd-arm64': [ '0.28.1' ],
3218 silly audit   '@esbuild/netbsd-x64': [ '0.28.1' ],
3218 silly audit   '@esbuild/openbsd-arm64': [ '0.28.1' ],
3218 silly audit   '@esbuild/openbsd-x64': [ '0.28.1' ],
3218 silly audit   '@esbuild/openharmony-arm64': [ '0.28.1' ],
3218 silly audit   '@esbuild/sunos-x64': [ '0.28.1' ],
3218 silly audit   '@esbuild/win32-arm64': [ '0.28.1' ],
3218 silly audit   '@esbuild/win32-ia32': [ '0.28.1' ],
3218 silly audit   '@esbuild/win32-x64': [ '0.28.1' ],
3218 silly audit   'for-each': [ '0.3.5' ],
3218 silly audit   'reflect.getprototypeof': [ '1.0.10' ],
3218 silly audit   'which-builtin-type': [ '1.2.1' ],
3218 silly audit   '@typescript/typescript-aix-ppc64': [ '7.0.2' ],
3218 silly audit   '@typescript/typescript-darwin-arm64': [ '7.0.2' ],
3218 silly audit   '@typescript/typescript-darwin-x64': [ '7.0.2' ],
3218 silly audit   '@typescript/typescript-freebsd-arm64': [ '7.0.2' ],
3218 silly audit   '@typescript/typescript-freebsd-x64': [ '7.0.2' ],
3218 silly audit   '@typescript/typescript-linux-arm': [ '7.0.2' ],
3218 silly audit   '@typescript/typescript-linux-arm64': [ '7.0.2' ],
3218 silly audit   '@typescript/typescript-linux-loong64': [ '7.0.2' ],
3218 silly audit   '@typescript/typescript-linux-mips64el': [ '7.0.2' ],
3218 silly audit   '@typescript/typescript-linux-ppc64': [ '7.0.2' ],
3218 silly audit   '@typescript/typescript-linux-riscv64': [ '7.0.2' ],
3218 silly audit   '@typescript/typescript-linux-s390x': [ '7.0.2' ],
3218 silly audit   '@typescript/typescript-linux-x64': [ '7.0.2' ],
3218 silly audit   '@typescript/typescript-netbsd-arm64': [ '7.0.2' ],
3218 silly audit   '@typescript/typescript-netbsd-x64': [ '7.0.2' ],
3218 silly audit   '@typescript/typescript-openbsd-arm64': [ '7.0.2' ],
3218 silly audit   '@typescript/typescript-openbsd-x64': [ '7.0.2' ],
3218 silly audit   '@typescript/typescript-sunos-x64': [ '7.0.2' ],
3218 silly audit   '@typescript/typescript-win32-arm64': [ '7.0.2' ],
3218 silly audit   '@typescript/typescript-win32-x64': [ '7.0.2' ],
3218 silly audit   '@typescript-eslint/eslint-plugin': [ '8.63.0' ],
3218 silly audit   '@typescript-eslint/parser': [ '8.63.0' ],
3218 silly audit   '@typescript-eslint/typescript-estree': [ '8.63.0' ],
3218 silly audit   '@typescript-eslint/utils': [ '8.63.0' ],
3218 silly audit   '@typescript-eslint/scope-manager': [ '8.63.0' ],
3218 silly audit   '@typescript-eslint/type-utils': [ '8.63.0' ],
3218 silly audit   '@typescript-eslint/visitor-keys': [ '8.63.0' ],
3218 silly audit   'ts-api-utils': [ '2.5.0' ],
3218 silly audit   '@typescript-eslint/types': [ '8.63.0' ],
3218 silly audit   '@typescript-eslint/project-service': [ '8.63.0' ],
3218 silly audit   '@typescript-eslint/tsconfig-utils': [ '8.63.0' ],
3218 silly audit   'has-bigints': [ '1.1.0' ],
3218 silly audit   'which-boxed-primitive': [ '1.1.1' ],
3218 silly audit   '@unrs/resolver-binding-android-arm-eabi': [ '1.12.2' ],
3218 silly audit   '@unrs/resolver-binding-android-arm64': [ '1.12.2' ],
3218 silly audit   '@unrs/resolver-binding-darwin-arm64': [ '1.12.2' ],
3218 silly audit   '@unrs/resolver-binding-darwin-x64': [ '1.12.2' ],
3218 silly audit   '@unrs/resolver-binding-freebsd-x64': [ '1.12.2' ],
3218 silly audit   '@unrs/resolver-binding-linux-arm-gnueabihf': [ '1.12.2' ],
3218 silly audit   '@unrs/resolver-binding-linux-arm-musleabihf': [ '1.12.2' ],
3218 silly audit   '@unrs/resolver-binding-linux-arm64-gnu': [ '1.12.2' ],
3218 silly audit   '@unrs/resolver-binding-linux-arm64-musl': [ '1.12.2' ],
3218 silly audit   '@unrs/resolver-binding-linux-loong64-gnu': [ '1.12.2' ],
3218 silly audit   '@unrs/resolver-binding-linux-loong64-musl': [ '1.12.2' ],
3218 silly audit   '@unrs/resolver-binding-linux-ppc64-gnu': [ '1.12.2' ],
3218 silly audit   '@unrs/resolver-binding-linux-riscv64-gnu': [ '1.12.2' ],
3218 silly audit   '@unrs/resolver-binding-linux-riscv64-musl': [ '1.12.2' ],
3218 silly audit   '@unrs/resolver-binding-linux-s390x-gnu': [ '1.12.2' ],
3218 silly audit   '@unrs/resolver-binding-linux-x64-gnu': [ '1.12.2' ],
3218 silly audit   '@unrs/resolver-binding-linux-x64-musl': [ '1.12.2' ],
3218 silly audit   '@unrs/resolver-binding-openharmony-arm64': [ '1.12.2' ],
3218 silly audit   '@unrs/resolver-binding-wasm32-wasi': [ '1.12.2' ],
3218 silly audit   '@unrs/resolver-binding-win32-arm64-msvc': [ '1.12.2' ],
3218 silly audit   '@unrs/resolver-binding-win32-ia32-msvc': [ '1.12.2' ],
3218 silly audit   '@unrs/resolver-binding-win32-x64-msvc': [ '1.12.2' ],
3218 silly audit   'napi-postinstall': [ '0.3.4' ],
3218 silly audit   '@emnapi/core': [ '1.10.0' ],
3218 silly audit   '@napi-rs/wasm-runtime': [ '1.1.6' ],
3218 silly audit   '@emnapi/wasi-threads': [ '1.2.1' ],
3218 silly audit   '@tybys/wasm-util': [ '0.10.3' ],
3218 silly audit   escalade: [ '3.2.0' ],
3218 silly audit   punycode: [ '2.3.1' ],
3218 silly audit   isexe: [ '2.0.0' ],
3218 silly audit   'is-bigint': [ '1.1.0' ],
3218 silly audit   'is-boolean-object': [ '1.2.2' ],
3218 silly audit   'is-number-object': [ '1.1.1' ],
3218 silly audit   'is-async-function': [ '2.1.1' ],
3218 silly audit   'is-finalizationregistry': [ '1.1.1' ],
3218 silly audit   'is-generator-function': [ '1.1.2' ],
3218 silly audit   'which-collection': [ '1.0.2' ],
3218 silly audit   'async-function': [ '1.0.0' ],
3218 silly audit   'generator-function': [ '2.0.1' ],
3218 silly audit   'is-map': [ '2.0.3' ],
3218 silly audit   'is-weakmap': [ '2.0.2' ],
3218 silly audit   'is-weakset': [ '2.0.4' ],
3218 silly audit   grammex: [ '3.1.12' ],
3218 silly audit   graphmatch: [ '1.1.1' ],
3218 silly audit   'fast-uri': [ '3.1.3' ],
3218 silly audit   'require-from-string': [ '2.0.2' ],
3218 silly audit   'concat-map': [ '0.0.1' ],
3218 silly audit   anymatch: [ '3.1.3' ],
3218 silly audit   'is-binary-path': [ '2.1.0' ],
3218 silly audit   'binary-extensions': [ '2.3.0' ]
3218 silly audit }
3219 http cache anymatch@https://registry.npmjs.org/anymatch/-/anymatch-3.1.3.tgz 0ms (cache hit)
3220 http cache is-binary-path@https://registry.npmjs.org/is-binary-path/-/is-binary-path-2.1.0.tgz 0ms (cache hit)
3221 http cache binary-extensions@https://registry.npmjs.org/binary-extensions/-/binary-extensions-2.3.0.tgz 0ms (cache hit)
3222 http cache concat-map@https://registry.npmjs.org/concat-map/-/concat-map-0.0.1.tgz 0ms (cache hit)
3223 http cache fast-uri@https://registry.npmjs.org/fast-uri/-/fast-uri-3.1.3.tgz 0ms (cache hit)
3224 http cache require-from-string@https://registry.npmjs.org/require-from-string/-/require-from-string-2.0.2.tgz 0ms (cache hit)
3225 http cache grammex@https://registry.npmjs.org/grammex/-/grammex-3.1.12.tgz 0ms (cache hit)
3226 http cache graphmatch@https://registry.npmjs.org/graphmatch/-/graphmatch-1.1.1.tgz 0ms (cache hit)
3227 http cache generator-function@https://registry.npmjs.org/generator-function/-/generator-function-2.0.1.tgz 0ms (cache hit)
3228 http cache is-weakset@https://registry.npmjs.org/is-weakset/-/is-weakset-2.0.4.tgz 0ms (cache hit)
3229 http cache is-weakmap@https://registry.npmjs.org/is-weakmap/-/is-weakmap-2.0.2.tgz 0ms (cache hit)
3230 http cache async-function@https://registry.npmjs.org/async-function/-/async-function-1.0.0.tgz 0ms (cache hit)
3231 http cache is-map@https://registry.npmjs.org/is-map/-/is-map-2.0.3.tgz 0ms (cache hit)
3232 http cache is-finalizationregistry@https://registry.npmjs.org/is-finalizationregistry/-/is-finalizationregistry-1.1.1.tgz 0ms (cache hit)
3233 http cache is-async-function@https://registry.npmjs.org/is-async-function/-/is-async-function-2.1.1.tgz 0ms (cache hit)
3234 http cache which-collection@https://registry.npmjs.org/which-collection/-/which-collection-1.0.2.tgz 0ms (cache hit)
3235 http cache is-generator-function@https://registry.npmjs.org/is-generator-function/-/is-generator-function-1.1.2.tgz 0ms (cache hit)
3236 http cache is-number-object@https://registry.npmjs.org/is-number-object/-/is-number-object-1.1.1.tgz 0ms (cache hit)
3237 http cache is-boolean-object@https://registry.npmjs.org/is-boolean-object/-/is-boolean-object-1.2.2.tgz 0ms (cache hit)
3238 http cache punycode@https://registry.npmjs.org/punycode/-/punycode-2.3.1.tgz 0ms (cache hit)
3239 http cache is-bigint@https://registry.npmjs.org/is-bigint/-/is-bigint-1.1.0.tgz 0ms (cache hit)
3240 http cache isexe@https://registry.npmjs.org/isexe/-/isexe-2.0.0.tgz 0ms (cache hit)
3241 http cache escalade@https://registry.npmjs.org/escalade/-/escalade-3.2.0.tgz 0ms (cache hit)
3242 http cache napi-postinstall@https://registry.npmjs.org/napi-postinstall/-/napi-postinstall-0.3.4.tgz 0ms (cache hit)
3243 http cache which-boxed-primitive@https://registry.npmjs.org/which-boxed-primitive/-/which-boxed-primitive-1.1.1.tgz 0ms (cache hit)
3244 http cache has-bigints@https://registry.npmjs.org/has-bigints/-/has-bigints-1.1.0.tgz 0ms (cache hit)
3245 http cache @unrs/resolver-binding-win32-x64-msvc@https://registry.npmjs.org/@unrs/resolver-binding-win32-x64-msvc/-/resolver-binding-win32-x64-msvc-1.12.2.tgz 0ms (cache hit)
3246 http cache @typescript-eslint/tsconfig-utils@https://registry.npmjs.org/@typescript-eslint/tsconfig-utils/-/tsconfig-utils-8.63.0.tgz 0ms (cache hit)
3247 http cache @typescript-eslint/types@https://registry.npmjs.org/@typescript-eslint/types/-/types-8.63.0.tgz 0ms (cache hit)
3248 http cache ts-api-utils@https://registry.npmjs.org/ts-api-utils/-/ts-api-utils-2.5.0.tgz 0ms (cache hit)
3249 http cache @typescript-eslint/visitor-keys@https://registry.npmjs.org/@typescript-eslint/visitor-keys/-/visitor-keys-8.63.0.tgz 0ms (cache hit)
3250 http cache @typescript-eslint/project-service@https://registry.npmjs.org/@typescript-eslint/project-service/-/project-service-8.63.0.tgz 0ms (cache hit)
3251 http cache @typescript-eslint/type-utils@https://registry.npmjs.org/@typescript-eslint/type-utils/-/type-utils-8.63.0.tgz 0ms (cache hit)
3252 http cache @typescript-eslint/utils@https://registry.npmjs.org/@typescript-eslint/utils/-/utils-8.63.0.tgz 0ms (cache hit)
3253 http cache @typescript-eslint/scope-manager@https://registry.npmjs.org/@typescript-eslint/scope-manager/-/scope-manager-8.63.0.tgz 0ms (cache hit)
3254 http cache @typescript-eslint/typescript-estree@https://registry.npmjs.org/@typescript-eslint/typescript-estree/-/typescript-estree-8.63.0.tgz 0ms (cache hit)
3255 http cache @typescript-eslint/parser@https://registry.npmjs.org/@typescript-eslint/parser/-/parser-8.63.0.tgz 0ms (cache hit)
3256 http cache @typescript-eslint/eslint-plugin@https://registry.npmjs.org/@typescript-eslint/eslint-plugin/-/eslint-plugin-8.63.0.tgz 0ms (cache hit)
3257 http cache reflect.getprototypeof@https://registry.npmjs.org/reflect.getprototypeof/-/reflect.getprototypeof-1.0.10.tgz 0ms (cache hit)
3258 http cache for-each@https://registry.npmjs.org/for-each/-/for-each-0.3.5.tgz 0ms (cache hit)
3259 http cache @typescript/typescript-win32-x64@https://registry.npmjs.org/@typescript/typescript-win32-x64/-/typescript-win32-x64-7.0.2.tgz 0ms (cache hit)
3260 http cache which-builtin-type@https://registry.npmjs.org/which-builtin-type/-/which-builtin-type-1.2.1.tgz 0ms (cache hit)
3261 http cache esbuild@https://registry.npmjs.org/esbuild/-/esbuild-0.28.1.tgz 0ms (cache hit)
3262 http cache @esbuild/win32-x64@https://registry.npmjs.org/@esbuild/win32-x64/-/win32-x64-0.28.1.tgz 0ms (cache hit)
3263 http cache minimist@https://registry.npmjs.org/minimist/-/minimist-1.2.8.tgz 0ms (cache hit)
3264 http cache strip-bom@https://registry.npmjs.org/strip-bom/-/strip-bom-3.0.0.tgz 0ms (cache hit)
3265 http cache is-number@https://registry.npmjs.org/is-number/-/is-number-7.0.0.tgz 0ms (cache hit)
3266 http cache @types/json5@https://registry.npmjs.org/@types/json5/-/json5-0.0.29.tgz 0ms (cache hit)
3267 http cache thenify-all@https://registry.npmjs.org/thenify-all/-/thenify-all-1.6.0.tgz 0ms (cache hit)
3268 http cache fdir@https://registry.npmjs.org/fdir/-/fdir-6.5.0.tgz 0ms (cache hit)
3269 http cache thenify@https://registry.npmjs.org/thenify/-/thenify-3.3.1.tgz 0ms (cache hit)
3270 http cache any-promise@https://registry.npmjs.org/any-promise/-/any-promise-1.3.0.tgz 0ms (cache hit)
3271 http cache ts-interface-checker@https://registry.npmjs.org/ts-interface-checker/-/ts-interface-checker-0.1.13.tgz 0ms (cache hit)
3272 http cache lines-and-columns@https://registry.npmjs.org/lines-and-columns/-/lines-and-columns-1.2.4.tgz 0ms (cache hit)
3273 http cache pirates@https://registry.npmjs.org/pirates/-/pirates-4.0.7.tgz 0ms (cache hit)
3274 http cache mz@https://registry.npmjs.org/mz/-/mz-2.7.0.tgz 0ms (cache hit)
3275 http cache commander@https://registry.npmjs.org/commander/-/commander-4.1.1.tgz 0ms (cache hit)
3276 http cache pify@https://registry.npmjs.org/pify/-/pify-2.3.0.tgz 0ms (cache hit)
3277 http cache util-deprecate@https://registry.npmjs.org/util-deprecate/-/util-deprecate-1.0.2.tgz 0ms (cache hit)
3278 http cache read-cache@https://registry.npmjs.org/read-cache/-/read-cache-1.0.0.tgz 0ms (cache hit)
3279 http cache cssesc@https://registry.npmjs.org/cssesc/-/cssesc-3.0.0.tgz 0ms (cache hit)
3280 http cache sucrase@https://registry.npmjs.org/sucrase/-/sucrase-3.35.1.tgz 0ms (cache hit)
3281 http cache camelcase-css@https://registry.npmjs.org/camelcase-css/-/camelcase-css-2.0.1.tgz 0ms (cache hit)
3282 http cache postcss-selector-parser@https://registry.npmjs.org/postcss-selector-parser/-/postcss-selector-parser-6.1.4.tgz 0ms (cache hit)
3283 http cache postcss-nested@https://registry.npmjs.org/postcss-nested/-/postcss-nested-6.2.0.tgz 0ms (cache hit)
3284 http cache postcss-js@https://registry.npmjs.org/postcss-js/-/postcss-js-4.1.0.tgz 0ms (cache hit)
3285 http cache postcss-load-config@https://registry.npmjs.org/postcss-load-config/-/postcss-load-config-6.0.1.tgz 0ms (cache hit)
3286 http cache object-hash@https://registry.npmjs.org/object-hash/-/object-hash-3.0.0.tgz 0ms (cache hit)
3287 http cache lilconfig@https://registry.npmjs.org/lilconfig/-/lilconfig-3.1.3.tgz 0ms (cache hit)
3288 http cache normalize-path@https://registry.npmjs.org/normalize-path/-/normalize-path-3.0.0.tgz 0ms (cache hit)
3289 http cache didyoumean@https://registry.npmjs.org/didyoumean/-/didyoumean-1.2.2.tgz 0ms (cache hit)
3290 http cache postcss-import@https://registry.npmjs.org/postcss-import/-/postcss-import-15.1.0.tgz 0ms (cache hit)
3291 http cache arg@https://registry.npmjs.org/arg/-/arg-5.0.2.tgz 0ms (cache hit)
3292 http cache @alloc/quick-lru@https://registry.npmjs.org/@alloc/quick-lru/-/quick-lru-5.2.0.tgz 0ms (cache hit)
3293 http cache copy-anything@https://registry.npmjs.org/copy-anything/-/copy-anything-4.0.5.tgz 0ms (cache hit)
3294 http cache dlv@https://registry.npmjs.org/dlv/-/dlv-1.1.3.tgz 0ms (cache hit)
3295 http cache client-only@https://registry.npmjs.org/client-only/-/client-only-0.0.1.tgz 0ms (cache hit)
3296 http cache side-channel-map@https://registry.npmjs.org/side-channel-map/-/side-channel-map-1.0.1.tgz 0ms (cache hit)
3297 http cache side-channel-list@https://registry.npmjs.org/side-channel-list/-/side-channel-list-1.0.1.tgz 0ms (cache hit)
3298 http cache shebang-regex@https://registry.npmjs.org/shebang-regex/-/shebang-regex-3.0.0.tgz 0ms (cache hit)
3299 http cache side-channel-weakmap@https://registry.npmjs.org/side-channel-weakmap/-/side-channel-weakmap-1.0.2.tgz 0ms (cache hit)
3300 http cache @img/sharp-win32-x64@https://registry.npmjs.org/@img/sharp-win32-x64/-/sharp-win32-x64-0.34.5.tgz 0ms (cache hit)
3301 http cache detect-libc@https://registry.npmjs.org/detect-libc/-/detect-libc-2.1.2.tgz 0ms (cache hit)
3302 http cache isarray@https://registry.npmjs.org/isarray/-/isarray-2.0.5.tgz 0ms (cache hit)
3303 http cache @img/colour@https://registry.npmjs.org/@img/colour/-/colour-1.1.0.tgz 0ms (cache hit)
3304 http cache queue-microtask@https://registry.npmjs.org/queue-microtask/-/queue-microtask-1.2.3.tgz 0ms (cache hit)
3305 http cache path-parse@https://registry.npmjs.org/path-parse/-/path-parse-1.0.7.tgz 0ms (cache hit)
3306 http cache supports-preserve-symlinks-flag@https://registry.npmjs.org/supports-preserve-symlinks-flag/-/supports-preserve-symlinks-flag-1.0.0.tgz 0ms (cache hit)
3307 http cache node-exports-info@https://registry.npmjs.org/node-exports-info/-/node-exports-info-1.6.2.tgz 0ms (cache hit)
3308 http cache scheduler@https://registry.npmjs.org/scheduler/-/scheduler-0.27.0.tgz 0ms (cache hit)
3309 http cache retry@https://registry.npmjs.org/retry/-/retry-0.12.0.tgz 0ms (cache hit)
3310 http cache react-is@https://registry.npmjs.org/react-is/-/react-is-16.13.1.tgz 0ms (cache hit)
3311 http cache is-what@https://registry.npmjs.org/is-what/-/is-what-5.5.0.tgz 0ms (cache hit)
3312 http cache destr@https://registry.npmjs.org/destr/-/destr-2.0.5.tgz 0ms (cache hit)
3313 http cache graceful-fs@https://registry.npmjs.org/graceful-fs/-/graceful-fs-4.2.11.tgz 0ms (cache hit)
3314 http cache object-assign@https://registry.npmjs.org/object-assign/-/object-assign-4.1.1.tgz 0ms (cache hit)
3315 http cache loose-envify@https://registry.npmjs.org/loose-envify/-/loose-envify-1.4.0.tgz 0ms (cache hit)
3316 http cache safer-buffer@https://registry.npmjs.org/safer-buffer/-/safer-buffer-2.1.2.tgz 0ms (cache hit)
3317 http cache is-property@https://registry.npmjs.org/is-property/-/is-property-1.0.2.tgz 0ms (cache hit)
3318 http cache sqlstring@https://registry.npmjs.org/sqlstring/-/sqlstring-2.3.3.tgz 0ms (cache hit)
3319 http cache seq-queue@https://registry.npmjs.org/seq-queue/-/seq-queue-0.0.5.tgz 0ms (cache hit)
3320 http cache named-placeholders@https://registry.npmjs.org/named-placeholders/-/named-placeholders-1.1.6.tgz 0ms (cache hit)
3321 http cache long@https://registry.npmjs.org/long/-/long-5.3.2.tgz 0ms (cache hit)
3322 http cache lru.min@https://registry.npmjs.org/lru.min/-/lru.min-1.1.4.tgz 0ms (cache hit)
3323 http cache iconv-lite@https://registry.npmjs.org/iconv-lite/-/iconv-lite-0.7.3.tgz 0ms (cache hit)
3324 http cache generate-function@https://registry.npmjs.org/generate-function/-/generate-function-2.3.1.tgz 0ms (cache hit)
3325 http cache signal-exit@https://registry.npmjs.org/signal-exit/-/signal-exit-4.1.0.tgz 0ms (cache hit)
3326 http cache denque@https://registry.npmjs.org/denque/-/denque-2.1.0.tgz 0ms (cache hit)
3327 http cache pure-rand@https://registry.npmjs.org/pure-rand/-/pure-rand-6.1.0.tgz 0ms (cache hit)
3328 http cache aws-ssl-profiles@https://registry.npmjs.org/aws-ssl-profiles/-/aws-ssl-profiles-1.1.2.tgz 0ms (cache hit)
3329 http cache fast-check@https://registry.npmjs.org/fast-check/-/fast-check-3.23.2.tgz 0ms (cache hit)
3330 http cache readdirp@https://registry.npmjs.org/readdirp/-/readdirp-5.0.0.tgz 0ms (cache hit)
3331 http cache @kurkle/color@https://registry.npmjs.org/@kurkle/color/-/color-0.3.4.tgz 0ms (cache hit)
3332 http cache rc9@https://registry.npmjs.org/rc9/-/rc9-3.0.1.tgz 0ms (cache hit)
3333 http cache pkg-types@https://registry.npmjs.org/pkg-types/-/pkg-types-2.3.1.tgz 0ms (cache hit)
3334 http cache ohash@https://registry.npmjs.org/ohash/-/ohash-2.0.11.tgz 0ms (cache hit)
3335 http cache perfect-debounce@https://registry.npmjs.org/perfect-debounce/-/perfect-debounce-2.1.0.tgz 0ms (cache hit)
3336 http cache jiti@https://registry.npmjs.org/jiti/-/jiti-2.7.0.tgz 0ms (cache hit)
3337 http cache exsolve@https://registry.npmjs.org/exsolve/-/exsolve-1.1.0.tgz 0ms (cache hit)
3338 http cache dotenv@https://registry.npmjs.org/dotenv/-/dotenv-17.4.2.tgz 0ms (cache hit)
3339 http cache @radix-ui/react-use-layout-effect@https://registry.npmjs.org/@radix-ui/react-use-layout-effect/-/react-use-layout-effect-1.1.1.tgz 0ms (cache hit)
3340 http cache confbox@https://registry.npmjs.org/confbox/-/confbox-0.2.4.tgz 0ms (cache hit)
3341 http cache @radix-ui/react-compose-refs@https://registry.npmjs.org/@radix-ui/react-compose-refs/-/react-compose-refs-1.1.2.tgz 0ms (cache hit)
3342 http cache @radix-ui/react-use-effect-event@https://registry.npmjs.org/@radix-ui/react-use-effect-event/-/react-use-effect-event-0.0.2.tgz 0ms (cache hit)
3343 http cache giget@https://registry.npmjs.org/giget/-/giget-3.3.0.tgz 0ms (cache hit)
3344 http cache chokidar@https://registry.npmjs.org/chokidar/-/chokidar-5.0.0.tgz 0ms (cache hit)
3345 http cache @radix-ui/react-use-controllable-state@https://registry.npmjs.org/@radix-ui/react-use-controllable-state/-/react-use-controllable-state-1.2.2.tgz 0ms (cache hit)
3346 http cache @radix-ui/react-slot@https://registry.npmjs.org/@radix-ui/react-slot/-/react-slot-1.2.3.tgz 0ms (cache hit)
3347 http cache @radix-ui/react-primitive@https://registry.npmjs.org/@radix-ui/react-primitive/-/react-primitive-2.1.3.tgz 0ms (cache hit)
3348 http cache chart.js@https://registry.npmjs.org/chart.js/-/chart.js-4.5.1.tgz 0ms (cache hit)
3349 http cache @radix-ui/primitive@https://registry.npmjs.org/@radix-ui/primitive/-/primitive-1.1.3.tgz 0ms (cache hit)
3350 http cache @radix-ui/react-toggle@https://registry.npmjs.org/@radix-ui/react-toggle/-/react-toggle-1.1.10.tgz 0ms (cache hit)
3351 http cache better-result@https://registry.npmjs.org/better-result/-/better-result-2.9.2.tgz 0ms (cache hit)
3352 http cache env-paths@https://registry.npmjs.org/env-paths/-/env-paths-3.0.0.tgz 0ms (cache hit)
3353 http cache @prisma/fetch-engine@https://registry.npmjs.org/@prisma/fetch-engine/-/fetch-engine-7.8.0.tgz 0ms (cache hit)
3354 http cache @prisma/debug@https://registry.npmjs.org/@prisma/debug/-/debug-7.8.0.tgz 0ms (cache hit)
3355 http cache @prisma/engines-version@https://registry.npmjs.org/@prisma/engines-version/-/engines-version-7.8.0-6.3c6e192761c0362d496ed980de936e2f3cebcd3a.tgz 0ms (cache hit)
3356 http cache zeptomatch@https://registry.npmjs.org/zeptomatch/-/zeptomatch-2.1.0.tgz 0ms (cache hit)
3357 http cache valibot@https://registry.npmjs.org/valibot/-/valibot-1.2.0.tgz 0ms (cache hit)
3358 http cache std-env@https://registry.npmjs.org/std-env/-/std-env-3.10.0.tgz 0ms (cache hit)
3359 http cache proper-lockfile@https://registry.npmjs.org/proper-lockfile/-/proper-lockfile-4.1.2.tgz 0ms (cache hit)
3360 http cache remeda@https://registry.npmjs.org/remeda/-/remeda-2.33.4.tgz 0ms (cache hit)
3361 http cache pathe@https://registry.npmjs.org/pathe/-/pathe-2.0.3.tgz 0ms (cache hit)
3362 http cache http-status-codes@https://registry.npmjs.org/http-status-codes/-/http-status-codes-2.3.0.tgz 0ms (cache hit)
3363 http cache hono@https://registry.npmjs.org/hono/-/hono-4.12.28.tgz 0ms (cache hit)
3364 http cache get-port-please@https://registry.npmjs.org/get-port-please/-/get-port-please-3.2.0.tgz 0ms (cache hit)
3365 http cache foreground-child@https://registry.npmjs.org/foreground-child/-/foreground-child-3.3.1.tgz 0ms (cache hit)
3366 http cache @prisma/streams-local@https://registry.npmjs.org/@prisma/streams-local/-/streams-local-0.1.2.tgz 0ms (cache hit)
3367 http cache @prisma/query-plan-executor@https://registry.npmjs.org/@prisma/query-plan-executor/-/query-plan-executor-7.2.0.tgz 0ms (cache hit)
3368 http cache @prisma/get-platform@https://registry.npmjs.org/@prisma/get-platform/-/get-platform-7.2.0.tgz 0ms (cache hit)
3369 http cache @hono/node-server@https://registry.npmjs.org/@hono/node-server/-/node-server-1.19.11.tgz 0ms (cache hit)
3370 http cache empathic@https://registry.npmjs.org/empathic/-/empathic-2.0.0.tgz 0ms (cache hit)
3371 http cache effect@https://registry.npmjs.org/effect/-/effect-3.20.0.tgz 0ms (cache hit)
3372 http cache @electric-sql/pglite-tools@https://registry.npmjs.org/@electric-sql/pglite-tools/-/pglite-tools-0.3.1.tgz 0ms (cache hit)
3373 http cache deepmerge-ts@https://registry.npmjs.org/deepmerge-ts/-/deepmerge-ts-7.1.5.tgz 0ms (cache hit)
3374 http cache @electric-sql/pglite@https://registry.npmjs.org/@electric-sql/pglite/-/pglite-0.4.1.tgz 0ms (cache hit)
3375 http cache @electric-sql/pglite-socket@https://registry.npmjs.org/@electric-sql/pglite-socket/-/pglite-socket-0.1.1.tgz 0ms (cache hit)
3376 http cache c12@https://registry.npmjs.org/c12/-/c12-3.3.4.tgz 0ms (cache hit)
3377 http cache postgres@https://registry.npmjs.org/postgres/-/postgres-3.4.7.tgz 0ms (cache hit)
3378 http cache mysql2@https://registry.npmjs.org/mysql2/-/mysql2-3.15.3.tgz 0ms (cache hit)
3379 http cache @prisma/studio-core@https://registry.npmjs.org/@prisma/studio-core/-/studio-core-0.27.3.tgz 0ms (cache hit)
3380 http cache @prisma/config@https://registry.npmjs.org/@prisma/config/-/config-7.8.0.tgz 0ms (cache hit)
3381 http cache nanoid@https://registry.npmjs.org/nanoid/-/nanoid-3.3.15.tgz 0ms (cache hit)
3382 http cache source-map-js@https://registry.npmjs.org/source-map-js/-/source-map-js-1.2.1.tgz 0ms (cache hit)
3383 http cache @prisma/engines@https://registry.npmjs.org/@prisma/engines/-/engines-7.8.0.tgz 0ms (cache hit)
3384 http cache yocto-queue@https://registry.npmjs.org/yocto-queue/-/yocto-queue-0.1.0.tgz 0ms (cache hit)
3385 http cache p-limit@https://registry.npmjs.org/p-limit/-/p-limit-3.1.0.tgz 0ms (cache hit)
3386 http cache word-wrap@https://registry.npmjs.org/word-wrap/-/word-wrap-1.2.5.tgz 0ms (cache hit)
3387 http cache fast-levenshtein@https://registry.npmjs.org/fast-levenshtein/-/fast-levenshtein-2.0.6.tgz 1ms (cache hit)
3388 http cache tslib@https://registry.npmjs.org/tslib/-/tslib-2.8.1.tgz 0ms (cache hit)
3389 http cache styled-jsx@https://registry.npmjs.org/styled-jsx/-/styled-jsx-5.1.6.tgz 0ms (cache hit)
3390 http cache @prisma/dev@https://registry.npmjs.org/@prisma/dev/-/dev-0.24.3.tgz 0ms (cache hit)
3391 http cache sharp@https://registry.npmjs.org/sharp/-/sharp-0.34.5.tgz 0ms (cache hit)
3392 http cache @swc/helpers@https://registry.npmjs.org/@swc/helpers/-/helpers-0.5.15.tgz 0ms (cache hit)
3393 http cache @next/env@https://registry.npmjs.org/@next/env/-/env-16.2.10.tgz 0ms (cache hit)
3394 http cache deep-is@https://registry.npmjs.org/deep-is/-/deep-is-0.1.4.tgz 0ms (cache hit)
3395 http cache @next/swc-win32-x64-msvc@https://registry.npmjs.org/@next/swc-win32-x64-msvc/-/swc-win32-x64-msvc-16.2.10.tgz 0ms (cache hit)
3396 http cache brace-expansion@https://registry.npmjs.org/brace-expansion/-/brace-expansion-5.0.7.tgz 0ms (cache hit)
3397 http cache balanced-match@https://registry.npmjs.org/balanced-match/-/balanced-match-4.0.4.tgz 0ms (cache hit)
3398 http cache to-regex-range@https://registry.npmjs.org/to-regex-range/-/to-regex-range-5.0.1.tgz 0ms (cache hit)
3399 http cache fill-range@https://registry.npmjs.org/fill-range/-/fill-range-7.1.1.tgz 0ms (cache hit)
3400 http cache picomatch@https://registry.npmjs.org/picomatch/-/picomatch-2.3.2.tgz 0ms (cache hit)
3401 http cache braces@https://registry.npmjs.org/braces/-/braces-3.0.3.tgz 0ms (cache hit)
3402 http cache yallist@https://registry.npmjs.org/yallist/-/yallist-3.1.1.tgz 0ms (cache hit)
3403 http cache p-locate@https://registry.npmjs.org/p-locate/-/p-locate-5.0.0.tgz 0ms (cache hit)
3404 http cache type-check@https://registry.npmjs.org/type-check/-/type-check-0.4.0.tgz 0ms (cache hit)
3405 http cache prelude-ls@https://registry.npmjs.org/prelude-ls/-/prelude-ls-1.2.1.tgz 0ms (cache hit)
3406 http cache language-subtag-registry@https://registry.npmjs.org/language-subtag-registry/-/language-subtag-registry-0.3.23.tgz 0ms (cache hit)
3407 http cache json-buffer@https://registry.npmjs.org/json-buffer/-/json-buffer-3.0.1.tgz 0ms (cache hit)
3408 http cache set-function-name@https://registry.npmjs.org/set-function-name/-/set-function-name-2.0.2.tgz 0ms (cache hit)
3409 http cache is-extglob@https://registry.npmjs.org/is-extglob/-/is-extglob-2.1.1.tgz 0ms (cache hit)
3410 http cache side-channel@https://registry.npmjs.org/side-channel/-/side-channel-1.1.1.tgz 0ms (cache hit)
3411 http cache hermes-estree@https://registry.npmjs.org/hermes-estree/-/hermes-estree-0.25.1.tgz 0ms (cache hit)
3412 http cache resolve-pkg-maps@https://registry.npmjs.org/resolve-pkg-maps/-/resolve-pkg-maps-1.0.0.tgz 0ms (cache hit)
3413 http cache dunder-proto@https://registry.npmjs.org/dunder-proto/-/dunder-proto-1.0.1.tgz 0ms (cache hit)
3414 http cache flatted@https://registry.npmjs.org/flatted/-/flatted-3.4.2.tgz 0ms (cache hit)
3415 http cache is-document.all@https://registry.npmjs.org/is-document.all/-/is-document.all-1.0.0.tgz 0ms (cache hit)
3416 http cache functions-have-names@https://registry.npmjs.org/functions-have-names/-/functions-have-names-1.2.3.tgz 0ms (cache hit)
3417 http cache keyv@https://registry.npmjs.org/keyv/-/keyv-4.5.4.tgz 0ms (cache hit)
3418 http cache path-exists@https://registry.npmjs.org/path-exists/-/path-exists-4.0.0.tgz 0ms (cache hit)
3419 http cache locate-path@https://registry.npmjs.org/locate-path/-/locate-path-6.0.0.tgz 0ms (cache hit)
3420 http cache flat-cache@https://registry.npmjs.org/flat-cache/-/flat-cache-4.0.1.tgz 0ms (cache hit)
3421 http cache run-parallel@https://registry.npmjs.org/run-parallel/-/run-parallel-1.2.0.tgz 0ms (cache hit)
3422 http cache reusify@https://registry.npmjs.org/reusify/-/reusify-1.1.0.tgz 0ms (cache hit)
3423 http cache fastq@https://registry.npmjs.org/fastq/-/fastq-1.20.1.tgz 0ms (cache hit)
3424 http cache merge2@https://registry.npmjs.org/merge2/-/merge2-1.4.1.tgz 0ms (cache hit)
3425 http cache micromatch@https://registry.npmjs.org/micromatch/-/micromatch-4.0.8.tgz 1ms (cache hit)
3426 http cache @nodelib/fs.scandir@https://registry.npmjs.org/@nodelib/fs.scandir/-/fs.scandir-2.1.5.tgz 0ms (cache hit)
3427 http cache @nodelib/fs.stat@https://registry.npmjs.org/@nodelib/fs.stat/-/fs.stat-2.0.5.tgz 0ms (cache hit)
3428 http cache @nodelib/fs.walk@https://registry.npmjs.org/@nodelib/fs.walk/-/fs.walk-1.2.8.tgz 0ms (cache hit)
3429 http cache @types/esrecurse@https://registry.npmjs.org/@types/esrecurse/-/esrecurse-4.3.1.tgz 0ms (cache hit)
3430 http cache acorn-jsx@https://registry.npmjs.org/acorn-jsx/-/acorn-jsx-5.3.2.tgz 0ms (cache hit)
3431 http cache esrecurse@https://registry.npmjs.org/esrecurse/-/esrecurse-4.3.0.tgz 0ms (cache hit)
3432 http cache acorn@https://registry.npmjs.org/acorn/-/acorn-8.17.0.tgz 0ms (cache hit)
3433 http cache @jridgewell/resolve-uri@https://registry.npmjs.org/@jridgewell/resolve-uri/-/resolve-uri-3.1.2.tgz 0ms (cache hit)
3434 http cache @babel/helper-string-parser@https://registry.npmjs.org/@babel/helper-string-parser/-/helper-string-parser-7.29.7.tgz 0ms (cache hit)
3435 http cache @jridgewell/sourcemap-codec@https://registry.npmjs.org/@jridgewell/sourcemap-codec/-/sourcemap-codec-1.5.5.tgz 0ms (cache hit)
3436 http cache @babel/helper-globals@https://registry.npmjs.org/@babel/helper-globals/-/helper-globals-7.29.7.tgz 0ms (cache hit)
3437 http cache lru-cache@https://registry.npmjs.org/lru-cache/-/lru-cache-5.1.1.tgz 0ms (cache hit)
3438 http cache @babel/compat-data@https://registry.npmjs.org/@babel/compat-data/-/compat-data-7.29.7.tgz 0ms (cache hit)
3439 http cache @babel/helper-module-imports@https://registry.npmjs.org/@babel/helper-module-imports/-/helper-module-imports-7.29.7.tgz 0ms (cache hit)
3440 http cache jsesc@https://registry.npmjs.org/jsesc/-/jsesc-3.1.0.tgz 0ms (cache hit)
3441 http cache @babel/helper-validator-option@https://registry.npmjs.org/@babel/helper-validator-option/-/helper-validator-option-7.29.7.tgz 0ms (cache hit)
3442 http cache @babel/helper-validator-identifier@https://registry.npmjs.org/@babel/helper-validator-identifier/-/helper-validator-identifier-7.29.7.tgz 0ms (cache hit)
3443 http cache @jridgewell/trace-mapping@https://registry.npmjs.org/@jridgewell/trace-mapping/-/trace-mapping-0.3.31.tgz 0ms (cache hit)
3444 http cache js-tokens@https://registry.npmjs.org/js-tokens/-/js-tokens-4.0.0.tgz 0ms (cache hit)
3445 http cache @jridgewell/gen-mapping@https://registry.npmjs.org/@jridgewell/gen-mapping/-/gen-mapping-0.3.13.tgz 0ms (cache hit)
3446 http cache @jridgewell/remapping@https://registry.npmjs.org/@jridgewell/remapping/-/remapping-2.3.5.tgz 0ms (cache hit)
3447 http cache json5@https://registry.npmjs.org/json5/-/json5-2.2.3.tgz 0ms (cache hit)
3448 http cache convert-source-map@https://registry.npmjs.org/convert-source-map/-/convert-source-map-2.0.0.tgz 0ms (cache hit)
3449 http cache gensync@https://registry.npmjs.org/gensync/-/gensync-1.0.0-beta.2.tgz 0ms (cache hit)
3450 http cache @babel/types@https://registry.npmjs.org/@babel/types/-/types-7.29.7.tgz 0ms (cache hit)
3451 http cache @babel/helpers@https://registry.npmjs.org/@babel/helpers/-/helpers-7.29.7.tgz 0ms (cache hit)
3452 http cache @babel/traverse@https://registry.npmjs.org/@babel/traverse/-/traverse-7.29.7.tgz 0ms (cache hit)
3453 http cache @babel/template@https://registry.npmjs.org/@babel/template/-/template-7.29.7.tgz 0ms (cache hit)
3454 http cache @babel/helper-module-transforms@https://registry.npmjs.org/@babel/helper-module-transforms/-/helper-module-transforms-7.29.7.tgz 0ms (cache hit)
3455 http cache @babel/generator@https://registry.npmjs.org/@babel/generator/-/generator-7.29.7.tgz 0ms (cache hit)
3456 http cache @babel/helper-compilation-targets@https://registry.npmjs.org/@babel/helper-compilation-targets/-/helper-compilation-targets-7.29.7.tgz 0ms (cache hit)
3457 http cache @babel/core@https://registry.npmjs.org/@babel/core/-/core-7.29.7.tgz 0ms (cache hit)
3458 http cache @babel/parser@https://registry.npmjs.org/@babel/parser/-/parser-7.29.7.tgz 0ms (cache hit)
3459 http cache @babel/code-frame@https://registry.npmjs.org/@babel/code-frame/-/code-frame-7.29.7.tgz 0ms (cache hit)
3460 http cache hermes-parser@https://registry.npmjs.org/hermes-parser/-/hermes-parser-0.25.1.tgz 0ms (cache hit)
3461 http cache zod-validation-error@https://registry.npmjs.org/zod-validation-error/-/zod-validation-error-4.0.2.tgz 0ms (cache hit)
3462 http cache iterator.prototype@https://registry.npmjs.org/iterator.prototype/-/iterator.prototype-1.1.5.tgz 0ms (cache hit)
3463 http cache string.prototype.repeat@https://registry.npmjs.org/string.prototype.repeat/-/string.prototype.repeat-1.0.0.tgz 0ms (cache hit)
3464 http cache object.entries@https://registry.npmjs.org/object.entries/-/object.entries-1.1.9.tgz 0ms (cache hit)
3465 http cache string.prototype.matchall@https://registry.npmjs.org/string.prototype.matchall/-/string.prototype.matchall-4.0.12.tgz 0ms (cache hit)
3466 http cache estraverse@https://registry.npmjs.org/estraverse/-/estraverse-5.3.0.tgz 0ms (cache hit)
3467 http cache prop-types@https://registry.npmjs.org/prop-types/-/prop-types-15.8.1.tgz 0ms (cache hit)
3468 http cache array.prototype.tosorted@https://registry.npmjs.org/array.prototype.tosorted/-/array.prototype.tosorted-1.1.4.tgz 0ms (cache hit)
3469 http cache es-iterator-helpers@https://registry.npmjs.org/es-iterator-helpers/-/es-iterator-helpers-1.3.3.tgz 0ms (cache hit)
3470 http cache string.prototype.includes@https://registry.npmjs.org/string.prototype.includes/-/string.prototype.includes-2.0.1.tgz 0ms (cache hit)
3471 http cache jsx-ast-utils@https://registry.npmjs.org/jsx-ast-utils/-/jsx-ast-utils-3.3.5.tgz 0ms (cache hit)
3472 http cache array.prototype.findlast@https://registry.npmjs.org/array.prototype.findlast/-/array.prototype.findlast-1.2.5.tgz 0ms (cache hit)
3473 http cache damerau-levenshtein@https://registry.npmjs.org/damerau-levenshtein/-/damerau-levenshtein-1.0.8.tgz 0ms (cache hit)
3474 http cache emoji-regex@https://registry.npmjs.org/emoji-regex/-/emoji-regex-9.2.2.tgz 0ms (cache hit)
3475 http cache language-tags@https://registry.npmjs.org/language-tags/-/language-tags-1.0.9.tgz 0ms (cache hit)
3476 http cache axobject-query@https://registry.npmjs.org/axobject-query/-/axobject-query-4.1.0.tgz 0ms (cache hit)
3477 http cache axe-core@https://registry.npmjs.org/axe-core/-/axe-core-4.12.1.tgz 0ms (cache hit)
3478 http cache aria-query@https://registry.npmjs.org/aria-query/-/aria-query-5.3.2.tgz 0ms (cache hit)
3479 http cache ast-types-flow@https://registry.npmjs.org/ast-types-flow/-/ast-types-flow-0.0.8.tgz 0ms (cache hit)
3480 http cache is-symbol@https://registry.npmjs.org/is-symbol/-/is-symbol-1.1.1.tgz 0ms (cache hit)
3481 http cache is-date-object@https://registry.npmjs.org/is-date-object/-/is-date-object-1.1.0.tgz 0ms (cache hit)
3482 http cache possible-typed-array-names@https://registry.npmjs.org/possible-typed-array-names/-/possible-typed-array-names-1.1.0.tgz 0ms (cache hit)
3483 http cache es-abstract-get@https://registry.npmjs.org/es-abstract-get/-/es-abstract-get-1.0.0.tgz 0ms (cache hit)
3484 http cache typed-array-length@https://registry.npmjs.org/typed-array-length/-/typed-array-length-1.0.8.tgz 0ms (cache hit)
3485 http cache which-typed-array@https://registry.npmjs.org/which-typed-array/-/which-typed-array-1.1.22.tgz 0ms (cache hit)
3486 http cache has-tostringtag@https://registry.npmjs.org/has-tostringtag/-/has-tostringtag-1.0.2.tgz 0ms (cache hit)
3487 http cache typed-array-byte-length@https://registry.npmjs.org/typed-array-byte-length/-/typed-array-byte-length-1.0.3.tgz 0ms (cache hit)
3488 http cache unbox-primitive@https://registry.npmjs.org/unbox-primitive/-/unbox-primitive-1.1.0.tgz 0ms (cache hit)
3489 http cache typed-array-buffer@https://registry.npmjs.org/typed-array-buffer/-/typed-array-buffer-1.0.3.tgz 0ms (cache hit)
3490 http cache typed-array-byte-offset@https://registry.npmjs.org/typed-array-byte-offset/-/typed-array-byte-offset-1.0.4.tgz 0ms (cache hit)
3491 http cache string.prototype.trimstart@https://registry.npmjs.org/string.prototype.trimstart/-/string.prototype.trimstart-1.0.8.tgz 0ms (cache hit)
3492 http cache stop-iteration-iterator@https://registry.npmjs.org/stop-iteration-iterator/-/stop-iteration-iterator-1.1.0.tgz 0ms (cache hit)
3493 http cache string.prototype.trim@https://registry.npmjs.org/string.prototype.trim/-/string.prototype.trim-1.2.11.tgz 0ms (cache hit)
3494 http cache safe-regex-test@https://registry.npmjs.org/safe-regex-test/-/safe-regex-test-1.1.0.tgz 0ms (cache hit)
3495 http cache set-proto@https://registry.npmjs.org/set-proto/-/set-proto-1.0.0.tgz 0ms (cache hit)
3496 http cache regexp.prototype.flags@https://registry.npmjs.org/regexp.prototype.flags/-/regexp.prototype.flags-1.5.4.tgz 0ms (cache hit)
3497 http cache safe-push-apply@https://registry.npmjs.org/safe-push-apply/-/safe-push-apply-1.0.0.tgz 0ms (cache hit)
3498 http cache safe-array-concat@https://registry.npmjs.org/safe-array-concat/-/safe-array-concat-1.1.4.tgz 0ms (cache hit)
3499 http cache own-keys@https://registry.npmjs.org/own-keys/-/own-keys-1.0.1.tgz 0ms (cache hit)
3500 http cache object.assign@https://registry.npmjs.org/object.assign/-/object.assign-4.1.7.tgz 0ms (cache hit)
3501 http cache object-inspect@https://registry.npmjs.org/object-inspect/-/object-inspect-1.13.4.tgz 0ms (cache hit)
3502 http cache is-weakref@https://registry.npmjs.org/is-weakref/-/is-weakref-1.1.1.tgz 0ms (cache hit)
3503 http cache is-typed-array@https://registry.npmjs.org/is-typed-array/-/is-typed-array-1.1.15.tgz 0ms (cache hit)
3504 http cache is-shared-array-buffer@https://registry.npmjs.org/is-shared-array-buffer/-/is-shared-array-buffer-1.0.4.tgz 0ms (cache hit)
3505 http cache is-negative-zero@https://registry.npmjs.org/is-negative-zero/-/is-negative-zero-2.0.3.tgz 0ms (cache hit)
3506 http cache is-set@https://registry.npmjs.org/is-set/-/is-set-2.0.3.tgz 0ms (cache hit)
3507 http cache is-regex@https://registry.npmjs.org/is-regex/-/is-regex-1.2.1.tgz 0ms (cache hit)
3508 http cache is-data-view@https://registry.npmjs.org/is-data-view/-/is-data-view-1.0.2.tgz 0ms (cache hit)
3509 http cache is-callable@https://registry.npmjs.org/is-callable/-/is-callable-1.2.7.tgz 0ms (cache hit)
3510 http cache is-array-buffer@https://registry.npmjs.org/is-array-buffer/-/is-array-buffer-3.0.5.tgz 0ms (cache hit)
3511 http cache has-proto@https://registry.npmjs.org/has-proto/-/has-proto-1.2.0.tgz 0ms (cache hit)
3512 http cache has-symbols@https://registry.npmjs.org/has-symbols/-/has-symbols-1.1.0.tgz 0ms (cache hit)
3513 http cache internal-slot@https://registry.npmjs.org/internal-slot/-/internal-slot-1.1.0.tgz 0ms (cache hit)
3514 http cache get-symbol-description@https://registry.npmjs.org/get-symbol-description/-/get-symbol-description-1.1.0.tgz 0ms (cache hit)
3515 http cache globalthis@https://registry.npmjs.org/globalthis/-/globalthis-1.0.4.tgz 0ms (cache hit)
3516 http cache get-proto@https://registry.npmjs.org/get-proto/-/get-proto-1.0.1.tgz 0ms (cache hit)
3517 http cache es-to-primitive@https://registry.npmjs.org/es-to-primitive/-/es-to-primitive-1.3.4.tgz 0ms (cache hit)
3518 http cache es-set-tostringtag@https://registry.npmjs.org/es-set-tostringtag/-/es-set-tostringtag-2.1.0.tgz 0ms (cache hit)
3519 http cache function.prototype.name@https://registry.npmjs.org/function.prototype.name/-/function.prototype.name-1.2.0.tgz 0ms (cache hit)
3520 http cache data-view-byte-length@https://registry.npmjs.org/data-view-byte-length/-/data-view-byte-length-1.0.2.tgz 0ms (cache hit)
3521 http cache data-view-byte-offset@https://registry.npmjs.org/data-view-byte-offset/-/data-view-byte-offset-1.0.1.tgz 0ms (cache hit)
3522 http cache available-typed-arrays@https://registry.npmjs.org/available-typed-arrays/-/available-typed-arrays-1.0.7.tgz 0ms (cache hit)
3523 http cache data-view-buffer@https://registry.npmjs.org/data-view-buffer/-/data-view-buffer-1.0.2.tgz 0ms (cache hit)
3524 http cache arraybuffer.prototype.slice@https://registry.npmjs.org/arraybuffer.prototype.slice/-/arraybuffer.prototype.slice-1.0.4.tgz 0ms (cache hit)
3525 http cache array-buffer-byte-length@https://registry.npmjs.org/array-buffer-byte-length/-/array-buffer-byte-length-1.0.2.tgz 0ms (cache hit)
3526 http cache gopd@https://registry.npmjs.org/gopd/-/gopd-1.2.0.tgz 0ms (cache hit)
3527 http cache set-function-length@https://registry.npmjs.org/set-function-length/-/set-function-length-1.2.2.tgz 0ms (cache hit)
3528 http cache object-keys@https://registry.npmjs.org/object-keys/-/object-keys-1.1.1.tgz 0ms (cache hit)
3529 http cache has-property-descriptors@https://registry.npmjs.org/has-property-descriptors/-/has-property-descriptors-1.0.2.tgz 0ms (cache hit)
3530 http cache define-data-property@https://registry.npmjs.org/define-data-property/-/define-data-property-1.1.4.tgz 0ms (cache hit)
3531 http cache function-bind@https://registry.npmjs.org/function-bind/-/function-bind-1.1.2.tgz 0ms (cache hit)
3532 http cache es-define-property@https://registry.npmjs.org/es-define-property/-/es-define-property-1.0.1.tgz 0ms (cache hit)
3533 http cache call-bind-apply-helpers@https://registry.npmjs.org/call-bind-apply-helpers/-/call-bind-apply-helpers-1.0.2.tgz 0ms (cache hit)
3534 http cache math-intrinsics@https://registry.npmjs.org/math-intrinsics/-/math-intrinsics-1.1.0.tgz 0ms (cache hit)
3535 http cache es-shim-unscopables@https://registry.npmjs.org/es-shim-unscopables/-/es-shim-unscopables-1.1.0.tgz 1ms (cache hit)
3536 http cache is-string@https://registry.npmjs.org/is-string/-/is-string-1.1.1.tgz 0ms (cache hit)
3537 http cache es-errors@https://registry.npmjs.org/es-errors/-/es-errors-1.3.0.tgz 0ms (cache hit)
3538 http cache get-intrinsic@https://registry.npmjs.org/get-intrinsic/-/get-intrinsic-1.3.0.tgz 0ms (cache hit)
3539 http cache es-object-atoms@https://registry.npmjs.org/es-object-atoms/-/es-object-atoms-1.1.2.tgz 0ms (cache hit)
3540 http cache call-bound@https://registry.npmjs.org/call-bound/-/call-bound-1.0.4.tgz 0ms (cache hit)
3541 http cache es-abstract@https://registry.npmjs.org/es-abstract/-/es-abstract-1.24.2.tgz 0ms (cache hit)
3542 http cache define-properties@https://registry.npmjs.org/define-properties/-/define-properties-1.2.1.tgz 0ms (cache hit)
3543 http cache call-bind@https://registry.npmjs.org/call-bind/-/call-bind-1.0.9.tgz 0ms (cache hit)
3544 http cache tsconfig-paths@https://registry.npmjs.org/tsconfig-paths/-/tsconfig-paths-3.15.0.tgz 0ms (cache hit)
3545 http cache string.prototype.trimend@https://registry.npmjs.org/string.prototype.trimend/-/string.prototype.trimend-1.0.10.tgz 0ms (cache hit)
3546 http cache semver@https://registry.npmjs.org/semver/-/semver-6.3.1.tgz 0ms (cache hit)
3547 http cache object.groupby@https://registry.npmjs.org/object.groupby/-/object.groupby-1.0.3.tgz 0ms (cache hit)
3548 http cache object.values@https://registry.npmjs.org/object.values/-/object.values-1.2.1.tgz 0ms (cache hit)
3549 http cache object.fromentries@https://registry.npmjs.org/object.fromentries/-/object.fromentries-2.0.8.tgz 0ms (cache hit)
3550 http cache hasown@https://registry.npmjs.org/hasown/-/hasown-2.0.4.tgz 0ms (cache hit)
3551 http cache doctrine@https://registry.npmjs.org/doctrine/-/doctrine-2.1.0.tgz 0ms (cache hit)
3552 http cache eslint-module-utils@https://registry.npmjs.org/eslint-module-utils/-/eslint-module-utils-2.14.0.tgz 0ms (cache hit)
3553 http cache array.prototype.flatmap@https://registry.npmjs.org/array.prototype.flatmap/-/array.prototype.flatmap-1.3.3.tgz 0ms (cache hit)
3554 http cache array.prototype.findlastindex@https://registry.npmjs.org/array.prototype.findlastindex/-/array.prototype.findlastindex-1.2.6.tgz 0ms (cache hit)
3555 http cache array.prototype.flat@https://registry.npmjs.org/array.prototype.flat/-/array.prototype.flat-1.3.3.tgz 0ms (cache hit)
3556 http cache array-includes@https://registry.npmjs.org/array-includes/-/array-includes-3.1.9.tgz 0ms (cache hit)
3557 http cache unrs-resolver@https://registry.npmjs.org/unrs-resolver/-/unrs-resolver-1.12.2.tgz 0ms (cache hit)
3558 http cache @rtsao/scc@https://registry.npmjs.org/@rtsao/scc/-/scc-1.1.0.tgz 0ms (cache hit)
3559 http cache stable-hash@https://registry.npmjs.org/stable-hash/-/stable-hash-0.0.5.tgz 0ms (cache hit)
3560 http cache tinyglobby@https://registry.npmjs.org/tinyglobby/-/tinyglobby-0.2.17.tgz 0ms (cache hit)
3561 http cache is-bun-module@https://registry.npmjs.org/is-bun-module/-/is-bun-module-2.0.0.tgz 0ms (cache hit)
3562 http cache @nolyfill/is-core-module@https://registry.npmjs.org/@nolyfill/is-core-module/-/is-core-module-1.0.39.tgz 0ms (cache hit)
3563 http cache resolve@https://registry.npmjs.org/resolve/-/resolve-2.0.0-next.7.tgz 0ms (cache hit)
3564 http cache is-core-module@https://registry.npmjs.org/is-core-module/-/is-core-module-2.16.2.tgz 0ms (cache hit)
3565 http cache get-tsconfig@https://registry.npmjs.org/get-tsconfig/-/get-tsconfig-4.14.0.tgz 0ms (cache hit)
3566 http cache globals@https://registry.npmjs.org/globals/-/globals-16.4.0.tgz 0ms (cache hit)
3567 http cache typescript-eslint@https://registry.npmjs.org/typescript-eslint/-/typescript-eslint-8.63.0.tgz 0ms (cache hit)
3568 http cache fast-glob@https://registry.npmjs.org/fast-glob/-/fast-glob-3.3.1.tgz 0ms (cache hit)
3569 http cache eslint-plugin-react-hooks@https://registry.npmjs.org/eslint-plugin-react-hooks/-/eslint-plugin-react-hooks-7.1.1.tgz 0ms (cache hit)
3570 http cache eslint-plugin-import@https://registry.npmjs.org/eslint-plugin-import/-/eslint-plugin-import-2.32.0.tgz 0ms (cache hit)
3571 http cache eslint-plugin-react@https://registry.npmjs.org/eslint-plugin-react/-/eslint-plugin-react-7.37.5.tgz 0ms (cache hit)
3572 http cache eslint-plugin-jsx-a11y@https://registry.npmjs.org/eslint-plugin-jsx-a11y/-/eslint-plugin-jsx-a11y-6.10.2.tgz 0ms (cache hit)
3573 http cache @next/eslint-plugin-next@https://registry.npmjs.org/@next/eslint-plugin-next/-/eslint-plugin-next-16.2.10.tgz 0ms (cache hit)
3574 http cache eslint-import-resolver-typescript@https://registry.npmjs.org/eslint-import-resolver-typescript/-/eslint-import-resolver-typescript-3.10.1.tgz 0ms (cache hit)
3575 http cache eslint-import-resolver-node@https://registry.npmjs.org/eslint-import-resolver-node/-/eslint-import-resolver-node-0.3.10.tgz 0ms (cache hit)
3576 http cache which@https://registry.npmjs.org/which/-/which-2.0.2.tgz 0ms (cache hit)
3577 http cache ms@https://registry.npmjs.org/ms/-/ms-2.1.3.tgz 0ms (cache hit)
3578 http cache uri-js@https://registry.npmjs.org/uri-js/-/uri-js-4.4.1.tgz 0ms (cache hit)
3579 http cache shebang-command@https://registry.npmjs.org/shebang-command/-/shebang-command-2.0.0.tgz 0ms (cache hit)
3580 http cache path-key@https://registry.npmjs.org/path-key/-/path-key-3.1.1.tgz 0ms (cache hit)
3581 http cache json-schema-traverse@https://registry.npmjs.org/json-schema-traverse/-/json-schema-traverse-0.4.1.tgz 0ms (cache hit)
3582 http cache fast-json-stable-stringify@https://registry.npmjs.org/fast-json-stable-stringify/-/fast-json-stable-stringify-2.1.0.tgz 0ms (cache hit)
3583 http cache @humanfs/types@https://registry.npmjs.org/@humanfs/types/-/types-0.15.0.tgz 0ms (cache hit)
3584 http cache levn@https://registry.npmjs.org/levn/-/levn-0.4.1.tgz 0ms (cache hit)
3585 http cache @humanfs/core@https://registry.npmjs.org/@humanfs/core/-/core-0.19.2.tgz 0ms (cache hit)
3586 http cache @types/json-schema@https://registry.npmjs.org/@types/json-schema/-/json-schema-7.0.15.tgz 0ms (cache hit)
3587 http cache minimatch@https://registry.npmjs.org/minimatch/-/minimatch-10.2.5.tgz 0ms (cache hit)
3588 http cache @eslint/object-schema@https://registry.npmjs.org/@eslint/object-schema/-/object-schema-3.0.5.tgz 0ms (cache hit)
3589 http cache optionator@https://registry.npmjs.org/optionator/-/optionator-0.9.4.tgz 0ms (cache hit)
3590 http cache natural-compare@https://registry.npmjs.org/natural-compare/-/natural-compare-1.4.0.tgz 0ms (cache hit)
3591 http cache json-stable-stringify-without-jsonify@https://registry.npmjs.org/json-stable-stringify-without-jsonify/-/json-stable-stringify-without-jsonify-1.0.1.tgz 0ms (cache hit)
3592 http cache is-glob@https://registry.npmjs.org/is-glob/-/is-glob-4.0.3.tgz 0ms (cache hit)
3593 http cache ignore@https://registry.npmjs.org/ignore/-/ignore-5.3.2.tgz 0ms (cache hit)
3594 http cache imurmurhash@https://registry.npmjs.org/imurmurhash/-/imurmurhash-0.1.4.tgz 0ms (cache hit)
3595 http cache glob-parent@https://registry.npmjs.org/glob-parent/-/glob-parent-6.0.2.tgz 0ms (cache hit)
3596 http cache esquery@https://registry.npmjs.org/esquery/-/esquery-1.7.0.tgz 0ms (cache hit)
3597 http cache file-entry-cache@https://registry.npmjs.org/file-entry-cache/-/file-entry-cache-8.0.0.tgz 0ms (cache hit)
3598 http cache find-up@https://registry.npmjs.org/find-up/-/find-up-5.0.0.tgz 1ms (cache hit)
3599 http cache fast-deep-equal@https://registry.npmjs.org/fast-deep-equal/-/fast-deep-equal-3.1.3.tgz 0ms (cache hit)
3600 http cache esutils@https://registry.npmjs.org/esutils/-/esutils-2.0.3.tgz 0ms (cache hit)
3601 http cache eslint-scope@https://registry.npmjs.org/eslint-scope/-/eslint-scope-9.1.2.tgz 0ms (cache hit)
3602 http cache espree@https://registry.npmjs.org/espree/-/espree-11.2.0.tgz 0ms (cache hit)
3603 http cache escape-string-regexp@https://registry.npmjs.org/escape-string-regexp/-/escape-string-regexp-4.0.0.tgz 0ms (cache hit)
3604 http cache eslint-visitor-keys@https://registry.npmjs.org/eslint-visitor-keys/-/eslint-visitor-keys-5.0.1.tgz 0ms (cache hit)
3605 http cache debug@https://registry.npmjs.org/debug/-/debug-4.4.3.tgz 0ms (cache hit)
3606 http cache ajv@https://registry.npmjs.org/ajv/-/ajv-6.15.0.tgz 0ms (cache hit)
3607 http cache @humanfs/node@https://registry.npmjs.org/@humanfs/node/-/node-0.16.8.tgz 0ms (cache hit)
3608 http cache cross-spawn@https://registry.npmjs.org/cross-spawn/-/cross-spawn-7.0.6.tgz 0ms (cache hit)
3609 http cache @types/estree@https://registry.npmjs.org/@types/estree/-/estree-1.0.9.tgz 0ms (cache hit)
3610 http cache @humanwhocodes/module-importer@https://registry.npmjs.org/@humanwhocodes/module-importer/-/module-importer-1.0.1.tgz 0ms (cache hit)
3611 http cache @humanwhocodes/retry@https://registry.npmjs.org/@humanwhocodes/retry/-/retry-0.4.3.tgz 0ms (cache hit)
3612 http cache @eslint/config-helpers@https://registry.npmjs.org/@eslint/config-helpers/-/config-helpers-0.6.0.tgz 0ms (cache hit)
3613 http cache @eslint/plugin-kit@https://registry.npmjs.org/@eslint/plugin-kit/-/plugin-kit-0.7.2.tgz 0ms (cache hit)
3614 http cache @eslint/core@https://registry.npmjs.org/@eslint/core/-/core-1.2.1.tgz 0ms (cache hit)
3615 http cache @eslint-community/regexpp@https://registry.npmjs.org/@eslint-community/regexpp/-/regexpp-4.12.2.tgz 0ms (cache hit)
3616 http cache @eslint/config-array@https://registry.npmjs.org/@eslint/config-array/-/config-array-0.23.5.tgz 0ms (cache hit)
3617 http cache update-browserslist-db@https://registry.npmjs.org/update-browserslist-db/-/update-browserslist-db-1.2.3.tgz 0ms (cache hit)
3618 http cache @eslint-community/eslint-utils@https://registry.npmjs.org/@eslint-community/eslint-utils/-/eslint-utils-4.9.1.tgz 0ms (cache hit)
3619 http cache electron-to-chromium@https://registry.npmjs.org/electron-to-chromium/-/electron-to-chromium-1.5.389.tgz 0ms (cache hit)
3620 http cache node-releases@https://registry.npmjs.org/node-releases/-/node-releases-2.0.50.tgz 0ms (cache hit)
3621 http cache baseline-browser-mapping@https://registry.npmjs.org/baseline-browser-mapping/-/baseline-browser-mapping-2.10.42.tgz 0ms (cache hit)
3622 http cache set-cookie-parser@https://registry.npmjs.org/set-cookie-parser/-/set-cookie-parser-3.1.1.tgz 0ms (cache hit)
3623 http cache @standard-schema/spec@https://registry.npmjs.org/@standard-schema/spec/-/spec-1.1.0.tgz 0ms (cache hit)
3624 http cache @opentelemetry/semantic-conventions@https://registry.npmjs.org/@opentelemetry/semantic-conventions/-/semantic-conventions-1.42.0.tgz 0ms (cache hit)
3625 http cache rou3@https://registry.npmjs.org/rou3/-/rou3-0.7.12.tgz 0ms (cache hit)
3626 http cache nanostores@https://registry.npmjs.org/nanostores/-/nanostores-1.4.0.tgz 0ms (cache hit)
3627 http cache kysely@https://registry.npmjs.org/kysely/-/kysely-0.29.3.tgz 0ms (cache hit)
3628 http cache defu@https://registry.npmjs.org/defu/-/defu-6.1.7.tgz 0ms (cache hit)
3629 http cache @noble/hashes@https://registry.npmjs.org/@noble/hashes/-/hashes-2.2.0.tgz 0ms (cache hit)
3630 http cache jose@https://registry.npmjs.org/jose/-/jose-6.2.3.tgz 0ms (cache hit)
3631 http cache @better-fetch/fetch@https://registry.npmjs.org/@better-fetch/fetch/-/fetch-1.3.1.tgz 0ms (cache hit)
3632 http cache @noble/ciphers@https://registry.npmjs.org/@noble/ciphers/-/ciphers-2.2.0.tgz 0ms (cache hit)
3633 http cache better-call@https://registry.npmjs.org/better-call/-/better-call-1.3.7.tgz 0ms (cache hit)
3634 http cache @better-auth/utils@https://registry.npmjs.org/@better-auth/utils/-/utils-0.4.2.tgz 0ms (cache hit)
3635 http cache @better-auth/telemetry@https://registry.npmjs.org/@better-auth/telemetry/-/telemetry-1.6.23.tgz 0ms (cache hit)
3636 http cache @better-auth/mongo-adapter@https://registry.npmjs.org/@better-auth/mongo-adapter/-/mongo-adapter-1.6.23.tgz 0ms (cache hit)
3637 http cache @better-auth/memory-adapter@https://registry.npmjs.org/@better-auth/memory-adapter/-/memory-adapter-1.6.23.tgz 0ms (cache hit)
3638 http cache @better-auth/kysely-adapter@https://registry.npmjs.org/@better-auth/kysely-adapter/-/kysely-adapter-1.6.23.tgz 0ms (cache hit)
3639 http cache @better-auth/drizzle-adapter@https://registry.npmjs.org/@better-auth/drizzle-adapter/-/drizzle-adapter-1.6.23.tgz 0ms (cache hit)
3640 http cache @better-auth/core@https://registry.npmjs.org/@better-auth/core/-/core-1.6.23.tgz 1ms (cache hit)
3641 http cache postcss-value-parser@https://registry.npmjs.org/postcss-value-parser/-/postcss-value-parser-4.2.0.tgz 0ms (cache hit)
3642 http cache picocolors@https://registry.npmjs.org/picocolors/-/picocolors-1.1.1.tgz 0ms (cache hit)
3643 http cache fraction.js@https://registry.npmjs.org/fraction.js/-/fraction.js-5.3.4.tgz 0ms (cache hit)
3644 http cache caniuse-lite@https://registry.npmjs.org/caniuse-lite/-/caniuse-lite-1.0.30001803.tgz 0ms (cache hit)
3645 http cache csstype@https://registry.npmjs.org/csstype/-/csstype-3.2.3.tgz 0ms (cache hit)
3646 http cache browserslist@https://registry.npmjs.org/browserslist/-/browserslist-4.28.5.tgz 0ms (cache hit)
3647 http cache undici-types@https://registry.npmjs.org/undici-types/-/undici-types-8.3.0.tgz 0ms (cache hit)
3648 http cache @tanstack/query-core@https://registry.npmjs.org/@tanstack/query-core/-/query-core-5.101.2.tgz 0ms (cache hit)
3649 http cache @prisma/client-runtime-utils@https://registry.npmjs.org/@prisma/client-runtime-utils/-/client-runtime-utils-7.8.0.tgz 0ms (cache hit)
3650 http cache zod@https://registry.npmjs.org/zod/-/zod-4.4.3.tgz 0ms (cache hit)
3651 http cache typescript@https://registry.npmjs.org/typescript/-/typescript-7.0.2.tgz 0ms (cache hit)
3652 http cache tailwind-merge@https://registry.npmjs.org/tailwind-merge/-/tailwind-merge-3.6.0.tgz 0ms (cache hit)
3653 http cache tailwindcss@https://registry.npmjs.org/tailwindcss/-/tailwindcss-3.4.19.tgz 0ms (cache hit)
3654 http cache superjson@https://registry.npmjs.org/superjson/-/superjson-2.2.6.tgz 0ms (cache hit)
3655 http cache tsx@https://registry.npmjs.org/tsx/-/tsx-4.23.0.tgz 0ms (cache hit)
3656 http cache sonner@https://registry.npmjs.org/sonner/-/sonner-2.0.7.tgz 0ms (cache hit)
3657 http cache react@https://registry.npmjs.org/react/-/react-19.2.7.tgz 0ms (cache hit)
3658 http cache react-dom@https://registry.npmjs.org/react-dom/-/react-dom-19.2.7.tgz 0ms (cache hit)
3659 http cache postcss@https://registry.npmjs.org/postcss/-/postcss-8.5.16.tgz 0ms (cache hit)
3660 http cache next-themes@https://registry.npmjs.org/next-themes/-/next-themes-0.4.6.tgz 0ms (cache hit)
3661 http cache prisma@https://registry.npmjs.org/prisma/-/prisma-7.8.0.tgz 0ms (cache hit)
3662 http cache next@https://registry.npmjs.org/next/-/next-16.2.10.tgz 0ms (cache hit)
3663 http cache eslint@https://registry.npmjs.org/eslint/-/eslint-10.6.0.tgz 0ms (cache hit)
3664 http cache lucide-react@https://registry.npmjs.org/lucide-react/-/lucide-react-1.23.0.tgz 0ms (cache hit)
3665 http cache eslint-config-next@https://registry.npmjs.org/eslint-config-next/-/eslint-config-next-16.2.10.tgz 0ms (cache hit)
3666 http cache class-variance-authority@https://registry.npmjs.org/class-variance-authority/-/class-variance-authority-0.7.1.tgz 0ms (cache hit)
3667 http cache clsx@https://registry.npmjs.org/clsx/-/clsx-2.1.1.tgz 0ms (cache hit)
3668 http cache @types/react-dom@https://registry.npmjs.org/@types/react-dom/-/react-dom-19.2.3.tgz 0ms (cache hit)
3669 http cache autoprefixer@https://registry.npmjs.org/autoprefixer/-/autoprefixer-10.5.2.tgz 0ms (cache hit)
3670 http cache better-auth@https://registry.npmjs.org/better-auth/-/better-auth-1.6.23.tgz 0ms (cache hit)
3671 http cache @trpc/react-query@https://registry.npmjs.org/@trpc/react-query/-/react-query-11.18.0.tgz 0ms (cache hit)
3672 http cache @types/react@https://registry.npmjs.org/@types/react/-/react-19.2.17.tgz 0ms (cache hit)
3673 http cache @types/node@https://registry.npmjs.org/@types/node/-/node-26.1.1.tgz 0ms (cache hit)
3674 http cache @trpc/server@https://registry.npmjs.org/@trpc/server/-/server-11.18.0.tgz 0ms (cache hit)
3675 http cache @tanstack/react-query@https://registry.npmjs.org/@tanstack/react-query/-/react-query-5.101.2.tgz 0ms (cache hit)
3676 http cache @trpc/client@https://registry.npmjs.org/@trpc/client/-/client-11.18.0.tgz 0ms (cache hit)
3677 http cache semver@https://registry.npmjs.org/semver/-/semver-7.8.5.tgz 0ms (cache hit)
3678 http cache @better-auth/prisma-adapter@https://registry.npmjs.org/@better-auth/prisma-adapter/-/prisma-adapter-1.6.23.tgz 0ms (cache hit)
3679 http cache @prisma/client@https://registry.npmjs.org/@prisma/client/-/client-7.8.0.tgz 0ms (cache hit)
3680 http cache @better-auth-ui/react@https://registry.npmjs.org/@better-auth-ui/react/-/react-1.6.27.tgz 0ms (cache hit)
3681 http cache @better-auth-ui/core@https://registry.npmjs.org/@better-auth-ui/core/-/core-1.6.27.tgz 0ms (cache hit)
3682 http cache ignore@https://registry.npmjs.org/ignore/-/ignore-7.0.5.tgz 0ms (cache hit)
3683 http cache @prisma/get-platform@https://registry.npmjs.org/@prisma/get-platform/-/get-platform-7.8.0.tgz 0ms (cache hit)
3684 http cache resolve@https://registry.npmjs.org/resolve/-/resolve-1.22.12.tgz 0ms (cache hit)
3685 http cache signal-exit@https://registry.npmjs.org/signal-exit/-/signal-exit-3.0.7.tgz 0ms (cache hit)
3686 http cache json-schema-traverse@https://registry.npmjs.org/json-schema-traverse/-/json-schema-traverse-1.0.0.tgz 0ms (cache hit)
3687 http cache ajv@https://registry.npmjs.org/ajv/-/ajv-8.20.0.tgz 0ms (cache hit)
3688 http cache @prisma/get-platform@https://registry.npmjs.org/@prisma/get-platform/-/get-platform-7.8.0.tgz 0ms (cache hit)
3689 http cache @prisma/debug@https://registry.npmjs.org/@prisma/debug/-/debug-7.2.0.tgz 0ms (cache hit)
3690 http cache semver@https://registry.npmjs.org/semver/-/semver-7.8.5.tgz 0ms (cache hit)
3691 http cache json5@https://registry.npmjs.org/json5/-/json5-1.0.2.tgz 0ms (cache hit)
3692 http cache debug@https://registry.npmjs.org/debug/-/debug-3.2.7.tgz 0ms (cache hit)
3693 http cache semver@https://registry.npmjs.org/semver/-/semver-7.8.5.tgz 0ms (cache hit)
3694 http cache picomatch@https://registry.npmjs.org/picomatch/-/picomatch-4.0.5.tgz 0ms (cache hit)
3695 http cache glob-parent@https://registry.npmjs.org/glob-parent/-/glob-parent-5.1.2.tgz 0ms (cache hit)
3696 http cache brace-expansion@https://registry.npmjs.org/brace-expansion/-/brace-expansion-1.1.16.tgz 0ms (cache hit)
3697 http cache balanced-match@https://registry.npmjs.org/balanced-match/-/balanced-match-1.0.2.tgz 0ms (cache hit)
3698 http cache minimatch@https://registry.npmjs.org/minimatch/-/minimatch-3.1.5.tgz 0ms (cache hit)
3699 http cache balanced-match@https://registry.npmjs.org/balanced-match/-/balanced-match-1.0.2.tgz 0ms (cache hit)
3700 http cache brace-expansion@https://registry.npmjs.org/brace-expansion/-/brace-expansion-1.1.16.tgz 0ms (cache hit)
3701 http cache balanced-match@https://registry.npmjs.org/balanced-match/-/balanced-match-1.0.2.tgz 0ms (cache hit)
3702 http cache minimatch@https://registry.npmjs.org/minimatch/-/minimatch-3.1.5.tgz 0ms (cache hit)
3703 http cache brace-expansion@https://registry.npmjs.org/brace-expansion/-/brace-expansion-1.1.16.tgz 1ms (cache hit)
3704 http cache debug@https://registry.npmjs.org/debug/-/debug-3.2.7.tgz 0ms (cache hit)
3705 http cache minimatch@https://registry.npmjs.org/minimatch/-/minimatch-3.1.5.tgz 0ms (cache hit)
3706 http cache debug@https://registry.npmjs.org/debug/-/debug-3.2.7.tgz 1ms (cache hit)
3707 http cache eslint-visitor-keys@https://registry.npmjs.org/eslint-visitor-keys/-/eslint-visitor-keys-3.4.3.tgz 0ms (cache hit)
3708 http cache readdirp@https://registry.npmjs.org/readdirp/-/readdirp-3.6.0.tgz 0ms (cache hit)
3709 http cache jiti@https://registry.npmjs.org/jiti/-/jiti-1.21.7.tgz 0ms (cache hit)
3710 http cache fast-glob@https://registry.npmjs.org/fast-glob/-/fast-glob-3.3.3.tgz 0ms (cache hit)
3711 http cache resolve@https://registry.npmjs.org/resolve/-/resolve-1.22.12.tgz 0ms (cache hit)
3712 http cache glob-parent@https://registry.npmjs.org/glob-parent/-/glob-parent-5.1.2.tgz 0ms (cache hit)
3713 http cache chokidar@https://registry.npmjs.org/chokidar/-/chokidar-3.6.0.tgz 0ms (cache hit)
3714 silly tarball no local data for anymatch@https://registry.npmjs.org/anymatch/-/anymatch-3.1.3.tgz. Extracting by manifest.
3715 silly tarball no local data for is-binary-path@https://registry.npmjs.org/is-binary-path/-/is-binary-path-2.1.0.tgz. Extracting by manifest.
3716 http cache glob-parent@https://registry.npmjs.org/glob-parent/-/glob-parent-5.1.2.tgz 0ms (cache hit)
3717 silly tarball no local data for binary-extensions@https://registry.npmjs.org/binary-extensions/-/binary-extensions-2.3.0.tgz. Extracting by manifest.
3718 silly tarball no local data for concat-map@https://registry.npmjs.org/concat-map/-/concat-map-0.0.1.tgz. Extracting by manifest.
3719 silly tarball no local data for fast-uri@https://registry.npmjs.org/fast-uri/-/fast-uri-3.1.3.tgz. Extracting by manifest.
3720 silly tarball no local data for grammex@https://registry.npmjs.org/grammex/-/grammex-3.1.12.tgz. Extracting by manifest.
3721 http cache postcss@https://registry.npmjs.org/postcss/-/postcss-8.4.31.tgz 0ms (cache hit)
3722 silly tarball no local data for require-from-string@https://registry.npmjs.org/require-from-string/-/require-from-string-2.0.2.tgz. Extracting by manifest.
3723 silly tarball no local data for graphmatch@https://registry.npmjs.org/graphmatch/-/graphmatch-1.1.1.tgz. Extracting by manifest.
3724 silly tarball no local data for generator-function@https://registry.npmjs.org/generator-function/-/generator-function-2.0.1.tgz. Extracting by manifest.
3725 silly tarball no local data for is-map@https://registry.npmjs.org/is-map/-/is-map-2.0.3.tgz. Extracting by manifest.
3726 silly tarball no local data for is-weakmap@https://registry.npmjs.org/is-weakmap/-/is-weakmap-2.0.2.tgz. Extracting by manifest.
3727 silly tarball no local data for is-weakset@https://registry.npmjs.org/is-weakset/-/is-weakset-2.0.4.tgz. Extracting by manifest.
3728 silly tarball no local data for async-function@https://registry.npmjs.org/async-function/-/async-function-1.0.0.tgz. Extracting by manifest.
3729 silly tarball no local data for is-finalizationregistry@https://registry.npmjs.org/is-finalizationregistry/-/is-finalizationregistry-1.1.1.tgz. Extracting by manifest.
3730 silly tarball no local data for is-async-function@https://registry.npmjs.org/is-async-function/-/is-async-function-2.1.1.tgz. Extracting by manifest.
3731 silly tarball no local data for which-collection@https://registry.npmjs.org/which-collection/-/which-collection-1.0.2.tgz. Extracting by manifest.
3732 silly tarball no local data for is-generator-function@https://registry.npmjs.org/is-generator-function/-/is-generator-function-1.1.2.tgz. Extracting by manifest.
3733 silly tarball no local data for is-number-object@https://registry.npmjs.org/is-number-object/-/is-number-object-1.1.1.tgz. Extracting by manifest.
3734 silly tarball no local data for is-boolean-object@https://registry.npmjs.org/is-boolean-object/-/is-boolean-object-1.2.2.tgz. Extracting by manifest.
3735 silly tarball no local data for punycode@https://registry.npmjs.org/punycode/-/punycode-2.3.1.tgz. Extracting by manifest.
3736 silly tarball no local data for is-bigint@https://registry.npmjs.org/is-bigint/-/is-bigint-1.1.0.tgz. Extracting by manifest.
3737 silly tarball no local data for isexe@https://registry.npmjs.org/isexe/-/isexe-2.0.0.tgz. Extracting by manifest.
3738 silly tarball no local data for escalade@https://registry.npmjs.org/escalade/-/escalade-3.2.0.tgz. Extracting by manifest.
3739 silly tarball no local data for napi-postinstall@https://registry.npmjs.org/napi-postinstall/-/napi-postinstall-0.3.4.tgz. Extracting by manifest.
3740 silly tarball no local data for which-boxed-primitive@https://registry.npmjs.org/which-boxed-primitive/-/which-boxed-primitive-1.1.1.tgz. Extracting by manifest.
3741 silly tarball no local data for has-bigints@https://registry.npmjs.org/has-bigints/-/has-bigints-1.1.0.tgz. Extracting by manifest.
3742 silly tarball no local data for @unrs/resolver-binding-win32-x64-msvc@https://registry.npmjs.org/@unrs/resolver-binding-win32-x64-msvc/-/resolver-binding-win32-x64-msvc-1.12.2.tgz. Extracting by manifest.
3743 silly tarball no local data for @typescript-eslint/tsconfig-utils@https://registry.npmjs.org/@typescript-eslint/tsconfig-utils/-/tsconfig-utils-8.63.0.tgz. Extracting by manifest.
3744 silly tarball no local data for @typescript-eslint/types@https://registry.npmjs.org/@typescript-eslint/types/-/types-8.63.0.tgz. Extracting by manifest.
3745 silly tarball no local data for ts-api-utils@https://registry.npmjs.org/ts-api-utils/-/ts-api-utils-2.5.0.tgz. Extracting by manifest.
3746 silly tarball no local data for @typescript-eslint/visitor-keys@https://registry.npmjs.org/@typescript-eslint/visitor-keys/-/visitor-keys-8.63.0.tgz. Extracting by manifest.
3747 silly tarball no local data for @typescript-eslint/project-service@https://registry.npmjs.org/@typescript-eslint/project-service/-/project-service-8.63.0.tgz. Extracting by manifest.
3748 silly tarball no local data for @typescript-eslint/type-utils@https://registry.npmjs.org/@typescript-eslint/type-utils/-/type-utils-8.63.0.tgz. Extracting by manifest.
3749 silly tarball no local data for @typescript-eslint/utils@https://registry.npmjs.org/@typescript-eslint/utils/-/utils-8.63.0.tgz. Extracting by manifest.
3750 silly tarball no local data for @typescript-eslint/scope-manager@https://registry.npmjs.org/@typescript-eslint/scope-manager/-/scope-manager-8.63.0.tgz. Extracting by manifest.
3751 silly tarball no local data for @typescript-eslint/typescript-estree@https://registry.npmjs.org/@typescript-eslint/typescript-estree/-/typescript-estree-8.63.0.tgz. Extracting by manifest.
3752 silly tarball no local data for @typescript-eslint/parser@https://registry.npmjs.org/@typescript-eslint/parser/-/parser-8.63.0.tgz. Extracting by manifest.
3753 silly tarball no local data for @typescript-eslint/eslint-plugin@https://registry.npmjs.org/@typescript-eslint/eslint-plugin/-/eslint-plugin-8.63.0.tgz. Extracting by manifest.
3754 silly tarball no local data for reflect.getprototypeof@https://registry.npmjs.org/reflect.getprototypeof/-/reflect.getprototypeof-1.0.10.tgz. Extracting by manifest.
3755 silly tarball no local data for for-each@https://registry.npmjs.org/for-each/-/for-each-0.3.5.tgz. Extracting by manifest.
3756 silly tarball no local data for @typescript/typescript-win32-x64@https://registry.npmjs.org/@typescript/typescript-win32-x64/-/typescript-win32-x64-7.0.2.tgz. Extracting by manifest.
3757 silly tarball no local data for which-builtin-type@https://registry.npmjs.org/which-builtin-type/-/which-builtin-type-1.2.1.tgz. Extracting by manifest.
3758 silly tarball no local data for esbuild@https://registry.npmjs.org/esbuild/-/esbuild-0.28.1.tgz. Extracting by manifest.
3759 silly tarball no local data for @esbuild/win32-x64@https://registry.npmjs.org/@esbuild/win32-x64/-/win32-x64-0.28.1.tgz. Extracting by manifest.
3760 silly tarball no local data for minimist@https://registry.npmjs.org/minimist/-/minimist-1.2.8.tgz. Extracting by manifest.
3761 silly tarball no local data for strip-bom@https://registry.npmjs.org/strip-bom/-/strip-bom-3.0.0.tgz. Extracting by manifest.
3762 silly tarball no local data for is-number@https://registry.npmjs.org/is-number/-/is-number-7.0.0.tgz. Extracting by manifest.
3763 silly tarball no local data for @types/json5@https://registry.npmjs.org/@types/json5/-/json5-0.0.29.tgz. Extracting by manifest.
3764 silly tarball no local data for thenify-all@https://registry.npmjs.org/thenify-all/-/thenify-all-1.6.0.tgz. Extracting by manifest.
3765 silly tarball no local data for fdir@https://registry.npmjs.org/fdir/-/fdir-6.5.0.tgz. Extracting by manifest.
3766 silly tarball no local data for thenify@https://registry.npmjs.org/thenify/-/thenify-3.3.1.tgz. Extracting by manifest.
3767 silly tarball no local data for any-promise@https://registry.npmjs.org/any-promise/-/any-promise-1.3.0.tgz. Extracting by manifest.
3768 silly tarball no local data for ts-interface-checker@https://registry.npmjs.org/ts-interface-checker/-/ts-interface-checker-0.1.13.tgz. Extracting by manifest.
3769 silly tarball no local data for lines-and-columns@https://registry.npmjs.org/lines-and-columns/-/lines-and-columns-1.2.4.tgz. Extracting by manifest.
3770 silly tarball no local data for pirates@https://registry.npmjs.org/pirates/-/pirates-4.0.7.tgz. Extracting by manifest.
3771 silly tarball no local data for mz@https://registry.npmjs.org/mz/-/mz-2.7.0.tgz. Extracting by manifest.
3772 silly tarball no local data for commander@https://registry.npmjs.org/commander/-/commander-4.1.1.tgz. Extracting by manifest.
3773 silly tarball no local data for pify@https://registry.npmjs.org/pify/-/pify-2.3.0.tgz. Extracting by manifest.
3774 silly tarball no local data for util-deprecate@https://registry.npmjs.org/util-deprecate/-/util-deprecate-1.0.2.tgz. Extracting by manifest.
3775 silly tarball no local data for read-cache@https://registry.npmjs.org/read-cache/-/read-cache-1.0.0.tgz. Extracting by manifest.
3776 silly tarball no local data for cssesc@https://registry.npmjs.org/cssesc/-/cssesc-3.0.0.tgz. Extracting by manifest.
3777 silly tarball no local data for sucrase@https://registry.npmjs.org/sucrase/-/sucrase-3.35.1.tgz. Extracting by manifest.
3778 silly tarball no local data for camelcase-css@https://registry.npmjs.org/camelcase-css/-/camelcase-css-2.0.1.tgz. Extracting by manifest.
3779 silly tarball no local data for postcss-selector-parser@https://registry.npmjs.org/postcss-selector-parser/-/postcss-selector-parser-6.1.4.tgz. Extracting by manifest.
3780 silly tarball no local data for postcss-nested@https://registry.npmjs.org/postcss-nested/-/postcss-nested-6.2.0.tgz. Extracting by manifest.
3781 silly tarball no local data for postcss-js@https://registry.npmjs.org/postcss-js/-/postcss-js-4.1.0.tgz. Extracting by manifest.
3782 silly tarball no local data for postcss-load-config@https://registry.npmjs.org/postcss-load-config/-/postcss-load-config-6.0.1.tgz. Extracting by manifest.
3783 silly tarball no local data for object-hash@https://registry.npmjs.org/object-hash/-/object-hash-3.0.0.tgz. Extracting by manifest.
3784 silly tarball no local data for lilconfig@https://registry.npmjs.org/lilconfig/-/lilconfig-3.1.3.tgz. Extracting by manifest.
3785 silly tarball no local data for normalize-path@https://registry.npmjs.org/normalize-path/-/normalize-path-3.0.0.tgz. Extracting by manifest.
3786 silly tarball no local data for didyoumean@https://registry.npmjs.org/didyoumean/-/didyoumean-1.2.2.tgz. Extracting by manifest.
3787 silly tarball no local data for postcss-import@https://registry.npmjs.org/postcss-import/-/postcss-import-15.1.0.tgz. Extracting by manifest.
3788 silly tarball no local data for arg@https://registry.npmjs.org/arg/-/arg-5.0.2.tgz. Extracting by manifest.
3789 silly tarball no local data for @alloc/quick-lru@https://registry.npmjs.org/@alloc/quick-lru/-/quick-lru-5.2.0.tgz. Extracting by manifest.
3790 silly tarball no local data for copy-anything@https://registry.npmjs.org/copy-anything/-/copy-anything-4.0.5.tgz. Extracting by manifest.
3791 silly tarball no local data for dlv@https://registry.npmjs.org/dlv/-/dlv-1.1.3.tgz. Extracting by manifest.
3792 silly tarball no local data for client-only@https://registry.npmjs.org/client-only/-/client-only-0.0.1.tgz. Extracting by manifest.
3793 silly tarball no local data for side-channel-map@https://registry.npmjs.org/side-channel-map/-/side-channel-map-1.0.1.tgz. Extracting by manifest.
3794 silly tarball no local data for side-channel-list@https://registry.npmjs.org/side-channel-list/-/side-channel-list-1.0.1.tgz. Extracting by manifest.
3795 silly tarball no local data for shebang-regex@https://registry.npmjs.org/shebang-regex/-/shebang-regex-3.0.0.tgz. Extracting by manifest.
3796 silly tarball no local data for side-channel-weakmap@https://registry.npmjs.org/side-channel-weakmap/-/side-channel-weakmap-1.0.2.tgz. Extracting by manifest.
3797 silly tarball no local data for @img/sharp-win32-x64@https://registry.npmjs.org/@img/sharp-win32-x64/-/sharp-win32-x64-0.34.5.tgz. Extracting by manifest.
3798 silly tarball no local data for detect-libc@https://registry.npmjs.org/detect-libc/-/detect-libc-2.1.2.tgz. Extracting by manifest.
3799 silly tarball no local data for isarray@https://registry.npmjs.org/isarray/-/isarray-2.0.5.tgz. Extracting by manifest.
3800 silly tarball no local data for @img/colour@https://registry.npmjs.org/@img/colour/-/colour-1.1.0.tgz. Extracting by manifest.
3801 silly tarball no local data for queue-microtask@https://registry.npmjs.org/queue-microtask/-/queue-microtask-1.2.3.tgz. Extracting by manifest.
3802 silly tarball no local data for path-parse@https://registry.npmjs.org/path-parse/-/path-parse-1.0.7.tgz. Extracting by manifest.
3803 silly tarball no local data for supports-preserve-symlinks-flag@https://registry.npmjs.org/supports-preserve-symlinks-flag/-/supports-preserve-symlinks-flag-1.0.0.tgz. Extracting by manifest.
3804 silly tarball no local data for node-exports-info@https://registry.npmjs.org/node-exports-info/-/node-exports-info-1.6.2.tgz. Extracting by manifest.
3805 silly tarball no local data for scheduler@https://registry.npmjs.org/scheduler/-/scheduler-0.27.0.tgz. Extracting by manifest.
3806 silly tarball no local data for retry@https://registry.npmjs.org/retry/-/retry-0.12.0.tgz. Extracting by manifest.
3807 silly tarball no local data for react-is@https://registry.npmjs.org/react-is/-/react-is-16.13.1.tgz. Extracting by manifest.
3808 silly tarball no local data for is-what@https://registry.npmjs.org/is-what/-/is-what-5.5.0.tgz. Extracting by manifest.
3809 silly tarball no local data for destr@https://registry.npmjs.org/destr/-/destr-2.0.5.tgz. Extracting by manifest.
3810 silly tarball no local data for graceful-fs@https://registry.npmjs.org/graceful-fs/-/graceful-fs-4.2.11.tgz. Extracting by manifest.
3811 silly tarball no local data for object-assign@https://registry.npmjs.org/object-assign/-/object-assign-4.1.1.tgz. Extracting by manifest.
3812 silly tarball no local data for loose-envify@https://registry.npmjs.org/loose-envify/-/loose-envify-1.4.0.tgz. Extracting by manifest.
3813 silly tarball no local data for safer-buffer@https://registry.npmjs.org/safer-buffer/-/safer-buffer-2.1.2.tgz. Extracting by manifest.
3814 silly tarball no local data for is-property@https://registry.npmjs.org/is-property/-/is-property-1.0.2.tgz. Extracting by manifest.
3815 silly tarball no local data for sqlstring@https://registry.npmjs.org/sqlstring/-/sqlstring-2.3.3.tgz. Extracting by manifest.
3816 silly tarball no local data for seq-queue@https://registry.npmjs.org/seq-queue/-/seq-queue-0.0.5.tgz. Extracting by manifest.
3817 silly tarball no local data for named-placeholders@https://registry.npmjs.org/named-placeholders/-/named-placeholders-1.1.6.tgz. Extracting by manifest.
3818 silly tarball no local data for long@https://registry.npmjs.org/long/-/long-5.3.2.tgz. Extracting by manifest.
3819 silly tarball no local data for lru.min@https://registry.npmjs.org/lru.min/-/lru.min-1.1.4.tgz. Extracting by manifest.
3820 silly tarball no local data for iconv-lite@https://registry.npmjs.org/iconv-lite/-/iconv-lite-0.7.3.tgz. Extracting by manifest.
3821 silly tarball no local data for generate-function@https://registry.npmjs.org/generate-function/-/generate-function-2.3.1.tgz. Extracting by manifest.
3822 silly tarball no local data for signal-exit@https://registry.npmjs.org/signal-exit/-/signal-exit-4.1.0.tgz. Extracting by manifest.
3823 silly tarball no local data for denque@https://registry.npmjs.org/denque/-/denque-2.1.0.tgz. Extracting by manifest.
3824 silly tarball no local data for pure-rand@https://registry.npmjs.org/pure-rand/-/pure-rand-6.1.0.tgz. Extracting by manifest.
3825 silly tarball no local data for aws-ssl-profiles@https://registry.npmjs.org/aws-ssl-profiles/-/aws-ssl-profiles-1.1.2.tgz. Extracting by manifest.
3826 silly tarball no local data for fast-check@https://registry.npmjs.org/fast-check/-/fast-check-3.23.2.tgz. Extracting by manifest.
3827 silly tarball no local data for readdirp@https://registry.npmjs.org/readdirp/-/readdirp-5.0.0.tgz. Extracting by manifest.
3828 silly tarball no local data for @kurkle/color@https://registry.npmjs.org/@kurkle/color/-/color-0.3.4.tgz. Extracting by manifest.
3829 silly tarball no local data for rc9@https://registry.npmjs.org/rc9/-/rc9-3.0.1.tgz. Extracting by manifest.
3830 silly tarball no local data for pkg-types@https://registry.npmjs.org/pkg-types/-/pkg-types-2.3.1.tgz. Extracting by manifest.
3831 silly tarball no local data for ohash@https://registry.npmjs.org/ohash/-/ohash-2.0.11.tgz. Extracting by manifest.
3832 silly tarball no local data for perfect-debounce@https://registry.npmjs.org/perfect-debounce/-/perfect-debounce-2.1.0.tgz. Extracting by manifest.
3833 silly tarball no local data for jiti@https://registry.npmjs.org/jiti/-/jiti-2.7.0.tgz. Extracting by manifest.
3834 silly tarball no local data for exsolve@https://registry.npmjs.org/exsolve/-/exsolve-1.1.0.tgz. Extracting by manifest.
3835 silly tarball no local data for dotenv@https://registry.npmjs.org/dotenv/-/dotenv-17.4.2.tgz. Extracting by manifest.
3836 silly tarball no local data for @radix-ui/react-use-layout-effect@https://registry.npmjs.org/@radix-ui/react-use-layout-effect/-/react-use-layout-effect-1.1.1.tgz. Extracting by manifest.
3837 silly tarball no local data for confbox@https://registry.npmjs.org/confbox/-/confbox-0.2.4.tgz. Extracting by manifest.
3838 silly tarball no local data for @radix-ui/react-compose-refs@https://registry.npmjs.org/@radix-ui/react-compose-refs/-/react-compose-refs-1.1.2.tgz. Extracting by manifest.
3839 silly tarball no local data for @radix-ui/react-use-effect-event@https://registry.npmjs.org/@radix-ui/react-use-effect-event/-/react-use-effect-event-0.0.2.tgz. Extracting by manifest.
3840 silly tarball no local data for giget@https://registry.npmjs.org/giget/-/giget-3.3.0.tgz. Extracting by manifest.
3841 silly tarball no local data for chokidar@https://registry.npmjs.org/chokidar/-/chokidar-5.0.0.tgz. Extracting by manifest.
3842 silly tarball no local data for @radix-ui/react-use-controllable-state@https://registry.npmjs.org/@radix-ui/react-use-controllable-state/-/react-use-controllable-state-1.2.2.tgz. Extracting by manifest.
3843 silly tarball no local data for @radix-ui/react-slot@https://registry.npmjs.org/@radix-ui/react-slot/-/react-slot-1.2.3.tgz. Extracting by manifest.
3844 silly tarball no local data for @radix-ui/react-primitive@https://registry.npmjs.org/@radix-ui/react-primitive/-/react-primitive-2.1.3.tgz. Extracting by manifest.
3845 silly tarball no local data for chart.js@https://registry.npmjs.org/chart.js/-/chart.js-4.5.1.tgz. Extracting by manifest.
3846 silly tarball no local data for @radix-ui/primitive@https://registry.npmjs.org/@radix-ui/primitive/-/primitive-1.1.3.tgz. Extracting by manifest.
3847 silly tarball no local data for @radix-ui/react-toggle@https://registry.npmjs.org/@radix-ui/react-toggle/-/react-toggle-1.1.10.tgz. Extracting by manifest.
3848 silly tarball no local data for better-result@https://registry.npmjs.org/better-result/-/better-result-2.9.2.tgz. Extracting by manifest.
3849 silly tarball no local data for env-paths@https://registry.npmjs.org/env-paths/-/env-paths-3.0.0.tgz. Extracting by manifest.
3850 silly tarball no local data for @prisma/fetch-engine@https://registry.npmjs.org/@prisma/fetch-engine/-/fetch-engine-7.8.0.tgz. Extracting by manifest.
3851 silly tarball no local data for @prisma/debug@https://registry.npmjs.org/@prisma/debug/-/debug-7.8.0.tgz. Extracting by manifest.
3852 silly tarball no local data for @prisma/engines-version@https://registry.npmjs.org/@prisma/engines-version/-/engines-version-7.8.0-6.3c6e192761c0362d496ed980de936e2f3cebcd3a.tgz. Extracting by manifest.
3853 silly tarball no local data for zeptomatch@https://registry.npmjs.org/zeptomatch/-/zeptomatch-2.1.0.tgz. Extracting by manifest.
3854 silly tarball no local data for valibot@https://registry.npmjs.org/valibot/-/valibot-1.2.0.tgz. Extracting by manifest.
3855 silly tarball no local data for std-env@https://registry.npmjs.org/std-env/-/std-env-3.10.0.tgz. Extracting by manifest.
3856 silly tarball no local data for proper-lockfile@https://registry.npmjs.org/proper-lockfile/-/proper-lockfile-4.1.2.tgz. Extracting by manifest.
3857 silly tarball no local data for remeda@https://registry.npmjs.org/remeda/-/remeda-2.33.4.tgz. Extracting by manifest.
3858 silly tarball no local data for pathe@https://registry.npmjs.org/pathe/-/pathe-2.0.3.tgz. Extracting by manifest.
3859 silly tarball no local data for http-status-codes@https://registry.npmjs.org/http-status-codes/-/http-status-codes-2.3.0.tgz. Extracting by manifest.
3860 silly tarball no local data for hono@https://registry.npmjs.org/hono/-/hono-4.12.28.tgz. Extracting by manifest.
3861 silly tarball no local data for get-port-please@https://registry.npmjs.org/get-port-please/-/get-port-please-3.2.0.tgz. Extracting by manifest.
3862 silly tarball no local data for foreground-child@https://registry.npmjs.org/foreground-child/-/foreground-child-3.3.1.tgz. Extracting by manifest.
3863 silly tarball no local data for @prisma/streams-local@https://registry.npmjs.org/@prisma/streams-local/-/streams-local-0.1.2.tgz. Extracting by manifest.
3864 silly tarball no local data for @prisma/query-plan-executor@https://registry.npmjs.org/@prisma/query-plan-executor/-/query-plan-executor-7.2.0.tgz. Extracting by manifest.
3865 silly tarball no local data for @prisma/get-platform@https://registry.npmjs.org/@prisma/get-platform/-/get-platform-7.2.0.tgz. Extracting by manifest.
3866 silly tarball no local data for @hono/node-server@https://registry.npmjs.org/@hono/node-server/-/node-server-1.19.11.tgz. Extracting by manifest.
3867 silly tarball no local data for empathic@https://registry.npmjs.org/empathic/-/empathic-2.0.0.tgz. Extracting by manifest.
3868 silly tarball no local data for effect@https://registry.npmjs.org/effect/-/effect-3.20.0.tgz. Extracting by manifest.
3869 silly tarball no local data for @electric-sql/pglite-tools@https://registry.npmjs.org/@electric-sql/pglite-tools/-/pglite-tools-0.3.1.tgz. Extracting by manifest.
3870 silly tarball no local data for deepmerge-ts@https://registry.npmjs.org/deepmerge-ts/-/deepmerge-ts-7.1.5.tgz. Extracting by manifest.
3871 silly tarball no local data for @electric-sql/pglite@https://registry.npmjs.org/@electric-sql/pglite/-/pglite-0.4.1.tgz. Extracting by manifest.
3872 silly tarball no local data for @electric-sql/pglite-socket@https://registry.npmjs.org/@electric-sql/pglite-socket/-/pglite-socket-0.1.1.tgz. Extracting by manifest.
3873 silly tarball no local data for c12@https://registry.npmjs.org/c12/-/c12-3.3.4.tgz. Extracting by manifest.
3874 silly tarball no local data for postgres@https://registry.npmjs.org/postgres/-/postgres-3.4.7.tgz. Extracting by manifest.
3875 silly tarball no local data for mysql2@https://registry.npmjs.org/mysql2/-/mysql2-3.15.3.tgz. Extracting by manifest.
3876 silly tarball no local data for @prisma/studio-core@https://registry.npmjs.org/@prisma/studio-core/-/studio-core-0.27.3.tgz. Extracting by manifest.
3877 silly tarball no local data for @prisma/config@https://registry.npmjs.org/@prisma/config/-/config-7.8.0.tgz. Extracting by manifest.
3878 silly tarball no local data for nanoid@https://registry.npmjs.org/nanoid/-/nanoid-3.3.15.tgz. Extracting by manifest.
3879 silly tarball no local data for source-map-js@https://registry.npmjs.org/source-map-js/-/source-map-js-1.2.1.tgz. Extracting by manifest.
3880 silly tarball no local data for @prisma/engines@https://registry.npmjs.org/@prisma/engines/-/engines-7.8.0.tgz. Extracting by manifest.
3881 silly tarball no local data for yocto-queue@https://registry.npmjs.org/yocto-queue/-/yocto-queue-0.1.0.tgz. Extracting by manifest.
3882 silly tarball no local data for p-limit@https://registry.npmjs.org/p-limit/-/p-limit-3.1.0.tgz. Extracting by manifest.
3883 silly tarball no local data for word-wrap@https://registry.npmjs.org/word-wrap/-/word-wrap-1.2.5.tgz. Extracting by manifest.
3884 silly tarball no local data for fast-levenshtein@https://registry.npmjs.org/fast-levenshtein/-/fast-levenshtein-2.0.6.tgz. Extracting by manifest.
3885 silly tarball no local data for tslib@https://registry.npmjs.org/tslib/-/tslib-2.8.1.tgz. Extracting by manifest.
3886 silly tarball no local data for styled-jsx@https://registry.npmjs.org/styled-jsx/-/styled-jsx-5.1.6.tgz. Extracting by manifest.
3887 silly tarball no local data for @prisma/dev@https://registry.npmjs.org/@prisma/dev/-/dev-0.24.3.tgz. Extracting by manifest.
3888 silly tarball no local data for sharp@https://registry.npmjs.org/sharp/-/sharp-0.34.5.tgz. Extracting by manifest.
3889 silly tarball no local data for @swc/helpers@https://registry.npmjs.org/@swc/helpers/-/helpers-0.5.15.tgz. Extracting by manifest.
3890 silly tarball no local data for @next/env@https://registry.npmjs.org/@next/env/-/env-16.2.10.tgz. Extracting by manifest.
3891 silly tarball no local data for deep-is@https://registry.npmjs.org/deep-is/-/deep-is-0.1.4.tgz. Extracting by manifest.
3892 silly tarball no local data for @next/swc-win32-x64-msvc@https://registry.npmjs.org/@next/swc-win32-x64-msvc/-/swc-win32-x64-msvc-16.2.10.tgz. Extracting by manifest.
3893 silly tarball no local data for brace-expansion@https://registry.npmjs.org/brace-expansion/-/brace-expansion-5.0.7.tgz. Extracting by manifest.
3894 silly tarball no local data for balanced-match@https://registry.npmjs.org/balanced-match/-/balanced-match-4.0.4.tgz. Extracting by manifest.
3895 silly tarball no local data for to-regex-range@https://registry.npmjs.org/to-regex-range/-/to-regex-range-5.0.1.tgz. Extracting by manifest.
3896 silly tarball no local data for fill-range@https://registry.npmjs.org/fill-range/-/fill-range-7.1.1.tgz. Extracting by manifest.
3897 silly tarball no local data for picomatch@https://registry.npmjs.org/picomatch/-/picomatch-2.3.2.tgz. Extracting by manifest.
3898 silly tarball no local data for braces@https://registry.npmjs.org/braces/-/braces-3.0.3.tgz. Extracting by manifest.
3899 silly tarball no local data for yallist@https://registry.npmjs.org/yallist/-/yallist-3.1.1.tgz. Extracting by manifest.
3900 silly tarball no local data for p-locate@https://registry.npmjs.org/p-locate/-/p-locate-5.0.0.tgz. Extracting by manifest.
3901 silly tarball no local data for type-check@https://registry.npmjs.org/type-check/-/type-check-0.4.0.tgz. Extracting by manifest.
3902 silly tarball no local data for prelude-ls@https://registry.npmjs.org/prelude-ls/-/prelude-ls-1.2.1.tgz. Extracting by manifest.
3903 silly tarball no local data for language-subtag-registry@https://registry.npmjs.org/language-subtag-registry/-/language-subtag-registry-0.3.23.tgz. Extracting by manifest.
3904 silly tarball no local data for json-buffer@https://registry.npmjs.org/json-buffer/-/json-buffer-3.0.1.tgz. Extracting by manifest.
3905 silly tarball no local data for set-function-name@https://registry.npmjs.org/set-function-name/-/set-function-name-2.0.2.tgz. Extracting by manifest.
3906 silly tarball no local data for is-extglob@https://registry.npmjs.org/is-extglob/-/is-extglob-2.1.1.tgz. Extracting by manifest.
3907 silly tarball no local data for side-channel@https://registry.npmjs.org/side-channel/-/side-channel-1.1.1.tgz. Extracting by manifest.
3908 silly tarball no local data for hermes-estree@https://registry.npmjs.org/hermes-estree/-/hermes-estree-0.25.1.tgz. Extracting by manifest.
3909 silly tarball no local data for resolve-pkg-maps@https://registry.npmjs.org/resolve-pkg-maps/-/resolve-pkg-maps-1.0.0.tgz. Extracting by manifest.
3910 silly tarball no local data for dunder-proto@https://registry.npmjs.org/dunder-proto/-/dunder-proto-1.0.1.tgz. Extracting by manifest.
3911 silly tarball no local data for flatted@https://registry.npmjs.org/flatted/-/flatted-3.4.2.tgz. Extracting by manifest.
3912 silly tarball no local data for is-document.all@https://registry.npmjs.org/is-document.all/-/is-document.all-1.0.0.tgz. Extracting by manifest.
3913 silly tarball no local data for functions-have-names@https://registry.npmjs.org/functions-have-names/-/functions-have-names-1.2.3.tgz. Extracting by manifest.
3914 silly tarball no local data for keyv@https://registry.npmjs.org/keyv/-/keyv-4.5.4.tgz. Extracting by manifest.
3915 silly tarball no local data for path-exists@https://registry.npmjs.org/path-exists/-/path-exists-4.0.0.tgz. Extracting by manifest.
3916 silly tarball no local data for locate-path@https://registry.npmjs.org/locate-path/-/locate-path-6.0.0.tgz. Extracting by manifest.
3917 silly tarball no local data for flat-cache@https://registry.npmjs.org/flat-cache/-/flat-cache-4.0.1.tgz. Extracting by manifest.
3918 silly tarball no local data for run-parallel@https://registry.npmjs.org/run-parallel/-/run-parallel-1.2.0.tgz. Extracting by manifest.
3919 silly tarball no local data for reusify@https://registry.npmjs.org/reusify/-/reusify-1.1.0.tgz. Extracting by manifest.
3920 silly tarball no local data for fastq@https://registry.npmjs.org/fastq/-/fastq-1.20.1.tgz. Extracting by manifest.
3921 silly tarball no local data for merge2@https://registry.npmjs.org/merge2/-/merge2-1.4.1.tgz. Extracting by manifest.
3922 silly tarball no local data for micromatch@https://registry.npmjs.org/micromatch/-/micromatch-4.0.8.tgz. Extracting by manifest.
3923 silly tarball no local data for @nodelib/fs.scandir@https://registry.npmjs.org/@nodelib/fs.scandir/-/fs.scandir-2.1.5.tgz. Extracting by manifest.
3924 silly tarball no local data for @nodelib/fs.stat@https://registry.npmjs.org/@nodelib/fs.stat/-/fs.stat-2.0.5.tgz. Extracting by manifest.
3925 silly tarball no local data for @nodelib/fs.walk@https://registry.npmjs.org/@nodelib/fs.walk/-/fs.walk-1.2.8.tgz. Extracting by manifest.
3926 silly tarball no local data for @types/esrecurse@https://registry.npmjs.org/@types/esrecurse/-/esrecurse-4.3.1.tgz. Extracting by manifest.
3927 silly tarball no local data for acorn-jsx@https://registry.npmjs.org/acorn-jsx/-/acorn-jsx-5.3.2.tgz. Extracting by manifest.
3928 silly tarball no local data for esrecurse@https://registry.npmjs.org/esrecurse/-/esrecurse-4.3.0.tgz. Extracting by manifest.
3929 silly tarball no local data for acorn@https://registry.npmjs.org/acorn/-/acorn-8.17.0.tgz. Extracting by manifest.
3930 silly tarball no local data for @jridgewell/resolve-uri@https://registry.npmjs.org/@jridgewell/resolve-uri/-/resolve-uri-3.1.2.tgz. Extracting by manifest.
3931 silly tarball no local data for @babel/helper-string-parser@https://registry.npmjs.org/@babel/helper-string-parser/-/helper-string-parser-7.29.7.tgz. Extracting by manifest.
3932 silly tarball no local data for @jridgewell/sourcemap-codec@https://registry.npmjs.org/@jridgewell/sourcemap-codec/-/sourcemap-codec-1.5.5.tgz. Extracting by manifest.
3933 silly tarball no local data for @babel/helper-globals@https://registry.npmjs.org/@babel/helper-globals/-/helper-globals-7.29.7.tgz. Extracting by manifest.
3934 silly tarball no local data for lru-cache@https://registry.npmjs.org/lru-cache/-/lru-cache-5.1.1.tgz. Extracting by manifest.
3935 silly tarball no local data for @babel/compat-data@https://registry.npmjs.org/@babel/compat-data/-/compat-data-7.29.7.tgz. Extracting by manifest.
3936 silly tarball no local data for @babel/helper-module-imports@https://registry.npmjs.org/@babel/helper-module-imports/-/helper-module-imports-7.29.7.tgz. Extracting by manifest.
3937 silly tarball no local data for jsesc@https://registry.npmjs.org/jsesc/-/jsesc-3.1.0.tgz. Extracting by manifest.
3938 silly tarball no local data for @babel/helper-validator-option@https://registry.npmjs.org/@babel/helper-validator-option/-/helper-validator-option-7.29.7.tgz. Extracting by manifest.
3939 silly tarball no local data for @babel/helper-validator-identifier@https://registry.npmjs.org/@babel/helper-validator-identifier/-/helper-validator-identifier-7.29.7.tgz. Extracting by manifest.
3940 silly tarball no local data for @jridgewell/trace-mapping@https://registry.npmjs.org/@jridgewell/trace-mapping/-/trace-mapping-0.3.31.tgz. Extracting by manifest.
3941 silly tarball no local data for js-tokens@https://registry.npmjs.org/js-tokens/-/js-tokens-4.0.0.tgz. Extracting by manifest.
3942 silly tarball no local data for @jridgewell/gen-mapping@https://registry.npmjs.org/@jridgewell/gen-mapping/-/gen-mapping-0.3.13.tgz. Extracting by manifest.
3943 silly tarball no local data for @jridgewell/remapping@https://registry.npmjs.org/@jridgewell/remapping/-/remapping-2.3.5.tgz. Extracting by manifest.
3944 silly tarball no local data for json5@https://registry.npmjs.org/json5/-/json5-2.2.3.tgz. Extracting by manifest.
3945 silly tarball no local data for convert-source-map@https://registry.npmjs.org/convert-source-map/-/convert-source-map-2.0.0.tgz. Extracting by manifest.
3946 silly tarball no local data for gensync@https://registry.npmjs.org/gensync/-/gensync-1.0.0-beta.2.tgz. Extracting by manifest.
3947 silly tarball no local data for @babel/types@https://registry.npmjs.org/@babel/types/-/types-7.29.7.tgz. Extracting by manifest.
3948 silly tarball no local data for @babel/helpers@https://registry.npmjs.org/@babel/helpers/-/helpers-7.29.7.tgz. Extracting by manifest.
3949 silly tarball no local data for @babel/traverse@https://registry.npmjs.org/@babel/traverse/-/traverse-7.29.7.tgz. Extracting by manifest.
3950 silly tarball no local data for @babel/template@https://registry.npmjs.org/@babel/template/-/template-7.29.7.tgz. Extracting by manifest.
3951 silly tarball no local data for @babel/helper-module-transforms@https://registry.npmjs.org/@babel/helper-module-transforms/-/helper-module-transforms-7.29.7.tgz. Extracting by manifest.
3952 silly tarball no local data for @babel/generator@https://registry.npmjs.org/@babel/generator/-/generator-7.29.7.tgz. Extracting by manifest.
3953 silly tarball no local data for @babel/helper-compilation-targets@https://registry.npmjs.org/@babel/helper-compilation-targets/-/helper-compilation-targets-7.29.7.tgz. Extracting by manifest.
3954 silly tarball no local data for @babel/core@https://registry.npmjs.org/@babel/core/-/core-7.29.7.tgz. Extracting by manifest.
3955 silly tarball no local data for @babel/parser@https://registry.npmjs.org/@babel/parser/-/parser-7.29.7.tgz. Extracting by manifest.
3956 silly tarball no local data for @babel/code-frame@https://registry.npmjs.org/@babel/code-frame/-/code-frame-7.29.7.tgz. Extracting by manifest.
3957 silly tarball no local data for hermes-parser@https://registry.npmjs.org/hermes-parser/-/hermes-parser-0.25.1.tgz. Extracting by manifest.
3958 silly tarball no local data for zod-validation-error@https://registry.npmjs.org/zod-validation-error/-/zod-validation-error-4.0.2.tgz. Extracting by manifest.
3959 silly tarball no local data for iterator.prototype@https://registry.npmjs.org/iterator.prototype/-/iterator.prototype-1.1.5.tgz. Extracting by manifest.
3960 silly tarball no local data for string.prototype.repeat@https://registry.npmjs.org/string.prototype.repeat/-/string.prototype.repeat-1.0.0.tgz. Extracting by manifest.
3961 silly tarball no local data for object.entries@https://registry.npmjs.org/object.entries/-/object.entries-1.1.9.tgz. Extracting by manifest.
3962 silly tarball no local data for string.prototype.matchall@https://registry.npmjs.org/string.prototype.matchall/-/string.prototype.matchall-4.0.12.tgz. Extracting by manifest.
3963 silly tarball no local data for estraverse@https://registry.npmjs.org/estraverse/-/estraverse-5.3.0.tgz. Extracting by manifest.
3964 silly tarball no local data for prop-types@https://registry.npmjs.org/prop-types/-/prop-types-15.8.1.tgz. Extracting by manifest.
3965 silly tarball no local data for array.prototype.tosorted@https://registry.npmjs.org/array.prototype.tosorted/-/array.prototype.tosorted-1.1.4.tgz. Extracting by manifest.
3966 silly tarball no local data for es-iterator-helpers@https://registry.npmjs.org/es-iterator-helpers/-/es-iterator-helpers-1.3.3.tgz. Extracting by manifest.
3967 silly tarball no local data for string.prototype.includes@https://registry.npmjs.org/string.prototype.includes/-/string.prototype.includes-2.0.1.tgz. Extracting by manifest.
3968 silly tarball no local data for jsx-ast-utils@https://registry.npmjs.org/jsx-ast-utils/-/jsx-ast-utils-3.3.5.tgz. Extracting by manifest.
3969 silly tarball no local data for array.prototype.findlast@https://registry.npmjs.org/array.prototype.findlast/-/array.prototype.findlast-1.2.5.tgz. Extracting by manifest.
3970 silly tarball no local data for damerau-levenshtein@https://registry.npmjs.org/damerau-levenshtein/-/damerau-levenshtein-1.0.8.tgz. Extracting by manifest.
3971 silly tarball no local data for emoji-regex@https://registry.npmjs.org/emoji-regex/-/emoji-regex-9.2.2.tgz. Extracting by manifest.
3972 silly tarball no local data for language-tags@https://registry.npmjs.org/language-tags/-/language-tags-1.0.9.tgz. Extracting by manifest.
3973 silly tarball no local data for axobject-query@https://registry.npmjs.org/axobject-query/-/axobject-query-4.1.0.tgz. Extracting by manifest.
3974 silly tarball no local data for axe-core@https://registry.npmjs.org/axe-core/-/axe-core-4.12.1.tgz. Extracting by manifest.
3975 silly tarball no local data for aria-query@https://registry.npmjs.org/aria-query/-/aria-query-5.3.2.tgz. Extracting by manifest.
3976 silly tarball no local data for ast-types-flow@https://registry.npmjs.org/ast-types-flow/-/ast-types-flow-0.0.8.tgz. Extracting by manifest.
3977 silly tarball no local data for is-symbol@https://registry.npmjs.org/is-symbol/-/is-symbol-1.1.1.tgz. Extracting by manifest.
3978 silly tarball no local data for is-date-object@https://registry.npmjs.org/is-date-object/-/is-date-object-1.1.0.tgz. Extracting by manifest.
3979 silly tarball no local data for possible-typed-array-names@https://registry.npmjs.org/possible-typed-array-names/-/possible-typed-array-names-1.1.0.tgz. Extracting by manifest.
3980 silly tarball no local data for es-abstract-get@https://registry.npmjs.org/es-abstract-get/-/es-abstract-get-1.0.0.tgz. Extracting by manifest.
3981 silly tarball no local data for typed-array-length@https://registry.npmjs.org/typed-array-length/-/typed-array-length-1.0.8.tgz. Extracting by manifest.
3982 silly tarball no local data for which-typed-array@https://registry.npmjs.org/which-typed-array/-/which-typed-array-1.1.22.tgz. Extracting by manifest.
3983 silly tarball no local data for has-tostringtag@https://registry.npmjs.org/has-tostringtag/-/has-tostringtag-1.0.2.tgz. Extracting by manifest.
3984 silly tarball no local data for typed-array-byte-length@https://registry.npmjs.org/typed-array-byte-length/-/typed-array-byte-length-1.0.3.tgz. Extracting by manifest.
3985 silly tarball no local data for unbox-primitive@https://registry.npmjs.org/unbox-primitive/-/unbox-primitive-1.1.0.tgz. Extracting by manifest.
3986 silly tarball no local data for typed-array-buffer@https://registry.npmjs.org/typed-array-buffer/-/typed-array-buffer-1.0.3.tgz. Extracting by manifest.
3987 silly tarball no local data for typed-array-byte-offset@https://registry.npmjs.org/typed-array-byte-offset/-/typed-array-byte-offset-1.0.4.tgz. Extracting by manifest.
3988 silly tarball no local data for string.prototype.trimstart@https://registry.npmjs.org/string.prototype.trimstart/-/string.prototype.trimstart-1.0.8.tgz. Extracting by manifest.
3989 silly tarball no local data for stop-iteration-iterator@https://registry.npmjs.org/stop-iteration-iterator/-/stop-iteration-iterator-1.1.0.tgz. Extracting by manifest.
3990 silly tarball no local data for string.prototype.trim@https://registry.npmjs.org/string.prototype.trim/-/string.prototype.trim-1.2.11.tgz. Extracting by manifest.
3991 silly tarball no local data for safe-regex-test@https://registry.npmjs.org/safe-regex-test/-/safe-regex-test-1.1.0.tgz. Extracting by manifest.
3992 silly tarball no local data for set-proto@https://registry.npmjs.org/set-proto/-/set-proto-1.0.0.tgz. Extracting by manifest.
3993 silly tarball no local data for regexp.prototype.flags@https://registry.npmjs.org/regexp.prototype.flags/-/regexp.prototype.flags-1.5.4.tgz. Extracting by manifest.
3994 silly tarball no local data for safe-push-apply@https://registry.npmjs.org/safe-push-apply/-/safe-push-apply-1.0.0.tgz. Extracting by manifest.
3995 silly tarball no local data for safe-array-concat@https://registry.npmjs.org/safe-array-concat/-/safe-array-concat-1.1.4.tgz. Extracting by manifest.
3996 silly tarball no local data for own-keys@https://registry.npmjs.org/own-keys/-/own-keys-1.0.1.tgz. Extracting by manifest.
3997 silly tarball no local data for object.assign@https://registry.npmjs.org/object.assign/-/object.assign-4.1.7.tgz. Extracting by manifest.
3998 silly tarball no local data for object-inspect@https://registry.npmjs.org/object-inspect/-/object-inspect-1.13.4.tgz. Extracting by manifest.
3999 silly tarball no local data for is-weakref@https://registry.npmjs.org/is-weakref/-/is-weakref-1.1.1.tgz. Extracting by manifest.
4000 silly tarball no local data for is-typed-array@https://registry.npmjs.org/is-typed-array/-/is-typed-array-1.1.15.tgz. Extracting by manifest.
4001 silly tarball no local data for is-shared-array-buffer@https://registry.npmjs.org/is-shared-array-buffer/-/is-shared-array-buffer-1.0.4.tgz. Extracting by manifest.
4002 silly tarball no local data for is-negative-zero@https://registry.npmjs.org/is-negative-zero/-/is-negative-zero-2.0.3.tgz. Extracting by manifest.
4003 silly tarball no local data for is-set@https://registry.npmjs.org/is-set/-/is-set-2.0.3.tgz. Extracting by manifest.
4004 silly tarball no local data for is-regex@https://registry.npmjs.org/is-regex/-/is-regex-1.2.1.tgz. Extracting by manifest.
4005 silly tarball no local data for is-data-view@https://registry.npmjs.org/is-data-view/-/is-data-view-1.0.2.tgz. Extracting by manifest.
4006 silly tarball no local data for is-callable@https://registry.npmjs.org/is-callable/-/is-callable-1.2.7.tgz. Extracting by manifest.
4007 silly tarball no local data for is-array-buffer@https://registry.npmjs.org/is-array-buffer/-/is-array-buffer-3.0.5.tgz. Extracting by manifest.
4008 silly tarball no local data for has-proto@https://registry.npmjs.org/has-proto/-/has-proto-1.2.0.tgz. Extracting by manifest.
4009 silly tarball no local data for has-symbols@https://registry.npmjs.org/has-symbols/-/has-symbols-1.1.0.tgz. Extracting by manifest.
4010 silly tarball no local data for internal-slot@https://registry.npmjs.org/internal-slot/-/internal-slot-1.1.0.tgz. Extracting by manifest.
4011 silly tarball no local data for get-symbol-description@https://registry.npmjs.org/get-symbol-description/-/get-symbol-description-1.1.0.tgz. Extracting by manifest.
4012 silly tarball no local data for globalthis@https://registry.npmjs.org/globalthis/-/globalthis-1.0.4.tgz. Extracting by manifest.
4013 silly tarball no local data for get-proto@https://registry.npmjs.org/get-proto/-/get-proto-1.0.1.tgz. Extracting by manifest.
4014 silly tarball no local data for es-to-primitive@https://registry.npmjs.org/es-to-primitive/-/es-to-primitive-1.3.4.tgz. Extracting by manifest.
4015 silly tarball no local data for es-set-tostringtag@https://registry.npmjs.org/es-set-tostringtag/-/es-set-tostringtag-2.1.0.tgz. Extracting by manifest.
4016 silly tarball no local data for function.prototype.name@https://registry.npmjs.org/function.prototype.name/-/function.prototype.name-1.2.0.tgz. Extracting by manifest.
4017 silly tarball no local data for data-view-byte-length@https://registry.npmjs.org/data-view-byte-length/-/data-view-byte-length-1.0.2.tgz. Extracting by manifest.
4018 silly tarball no local data for data-view-byte-offset@https://registry.npmjs.org/data-view-byte-offset/-/data-view-byte-offset-1.0.1.tgz. Extracting by manifest.
4019 silly tarball no local data for available-typed-arrays@https://registry.npmjs.org/available-typed-arrays/-/available-typed-arrays-1.0.7.tgz. Extracting by manifest.
4020 silly tarball no local data for data-view-buffer@https://registry.npmjs.org/data-view-buffer/-/data-view-buffer-1.0.2.tgz. Extracting by manifest.
4021 silly tarball no local data for arraybuffer.prototype.slice@https://registry.npmjs.org/arraybuffer.prototype.slice/-/arraybuffer.prototype.slice-1.0.4.tgz. Extracting by manifest.
4022 silly tarball no local data for array-buffer-byte-length@https://registry.npmjs.org/array-buffer-byte-length/-/array-buffer-byte-length-1.0.2.tgz. Extracting by manifest.
4023 silly tarball no local data for gopd@https://registry.npmjs.org/gopd/-/gopd-1.2.0.tgz. Extracting by manifest.
4024 silly tarball no local data for set-function-length@https://registry.npmjs.org/set-function-length/-/set-function-length-1.2.2.tgz. Extracting by manifest.
4025 silly tarball no local data for object-keys@https://registry.npmjs.org/object-keys/-/object-keys-1.1.1.tgz. Extracting by manifest.
4026 silly tarball no local data for has-property-descriptors@https://registry.npmjs.org/has-property-descriptors/-/has-property-descriptors-1.0.2.tgz. Extracting by manifest.
4027 silly tarball no local data for define-data-property@https://registry.npmjs.org/define-data-property/-/define-data-property-1.1.4.tgz. Extracting by manifest.
4028 silly tarball no local data for function-bind@https://registry.npmjs.org/function-bind/-/function-bind-1.1.2.tgz. Extracting by manifest.
4029 silly tarball no local data for es-define-property@https://registry.npmjs.org/es-define-property/-/es-define-property-1.0.1.tgz. Extracting by manifest.
4030 silly tarball no local data for call-bind-apply-helpers@https://registry.npmjs.org/call-bind-apply-helpers/-/call-bind-apply-helpers-1.0.2.tgz. Extracting by manifest.
4031 silly tarball no local data for math-intrinsics@https://registry.npmjs.org/math-intrinsics/-/math-intrinsics-1.1.0.tgz. Extracting by manifest.
4032 silly tarball no local data for es-shim-unscopables@https://registry.npmjs.org/es-shim-unscopables/-/es-shim-unscopables-1.1.0.tgz. Extracting by manifest.
4033 silly tarball no local data for is-string@https://registry.npmjs.org/is-string/-/is-string-1.1.1.tgz. Extracting by manifest.
4034 silly tarball no local data for es-errors@https://registry.npmjs.org/es-errors/-/es-errors-1.3.0.tgz. Extracting by manifest.
4035 silly tarball no local data for get-intrinsic@https://registry.npmjs.org/get-intrinsic/-/get-intrinsic-1.3.0.tgz. Extracting by manifest.
4036 silly tarball no local data for es-object-atoms@https://registry.npmjs.org/es-object-atoms/-/es-object-atoms-1.1.2.tgz. Extracting by manifest.
4037 silly tarball no local data for call-bound@https://registry.npmjs.org/call-bound/-/call-bound-1.0.4.tgz. Extracting by manifest.
4038 silly tarball no local data for es-abstract@https://registry.npmjs.org/es-abstract/-/es-abstract-1.24.2.tgz. Extracting by manifest.
4039 silly tarball no local data for define-properties@https://registry.npmjs.org/define-properties/-/define-properties-1.2.1.tgz. Extracting by manifest.
4040 silly tarball no local data for call-bind@https://registry.npmjs.org/call-bind/-/call-bind-1.0.9.tgz. Extracting by manifest.
4041 silly tarball no local data for tsconfig-paths@https://registry.npmjs.org/tsconfig-paths/-/tsconfig-paths-3.15.0.tgz. Extracting by manifest.
4042 silly tarball no local data for string.prototype.trimend@https://registry.npmjs.org/string.prototype.trimend/-/string.prototype.trimend-1.0.10.tgz. Extracting by manifest.
4043 silly tarball no local data for semver@https://registry.npmjs.org/semver/-/semver-6.3.1.tgz. Extracting by manifest.
4044 silly tarball no local data for object.groupby@https://registry.npmjs.org/object.groupby/-/object.groupby-1.0.3.tgz. Extracting by manifest.
4045 silly tarball no local data for object.values@https://registry.npmjs.org/object.values/-/object.values-1.2.1.tgz. Extracting by manifest.
4046 silly tarball no local data for object.fromentries@https://registry.npmjs.org/object.fromentries/-/object.fromentries-2.0.8.tgz. Extracting by manifest.
4047 silly tarball no local data for hasown@https://registry.npmjs.org/hasown/-/hasown-2.0.4.tgz. Extracting by manifest.
4048 silly tarball no local data for doctrine@https://registry.npmjs.org/doctrine/-/doctrine-2.1.0.tgz. Extracting by manifest.
4049 silly tarball no local data for eslint-module-utils@https://registry.npmjs.org/eslint-module-utils/-/eslint-module-utils-2.14.0.tgz. Extracting by manifest.
4050 silly tarball no local data for array.prototype.flatmap@https://registry.npmjs.org/array.prototype.flatmap/-/array.prototype.flatmap-1.3.3.tgz. Extracting by manifest.
4051 silly tarball no local data for array.prototype.findlastindex@https://registry.npmjs.org/array.prototype.findlastindex/-/array.prototype.findlastindex-1.2.6.tgz. Extracting by manifest.
4052 silly tarball no local data for array.prototype.flat@https://registry.npmjs.org/array.prototype.flat/-/array.prototype.flat-1.3.3.tgz. Extracting by manifest.
4053 silly tarball no local data for array-includes@https://registry.npmjs.org/array-includes/-/array-includes-3.1.9.tgz. Extracting by manifest.
4054 silly tarball no local data for unrs-resolver@https://registry.npmjs.org/unrs-resolver/-/unrs-resolver-1.12.2.tgz. Extracting by manifest.
4055 silly tarball no local data for @rtsao/scc@https://registry.npmjs.org/@rtsao/scc/-/scc-1.1.0.tgz. Extracting by manifest.
4056 silly tarball no local data for stable-hash@https://registry.npmjs.org/stable-hash/-/stable-hash-0.0.5.tgz. Extracting by manifest.
4057 silly tarball no local data for tinyglobby@https://registry.npmjs.org/tinyglobby/-/tinyglobby-0.2.17.tgz. Extracting by manifest.
4058 silly tarball no local data for is-bun-module@https://registry.npmjs.org/is-bun-module/-/is-bun-module-2.0.0.tgz. Extracting by manifest.
4059 silly tarball no local data for @nolyfill/is-core-module@https://registry.npmjs.org/@nolyfill/is-core-module/-/is-core-module-1.0.39.tgz. Extracting by manifest.
4060 silly tarball no local data for resolve@https://registry.npmjs.org/resolve/-/resolve-2.0.0-next.7.tgz. Extracting by manifest.
4061 silly tarball no local data for is-core-module@https://registry.npmjs.org/is-core-module/-/is-core-module-2.16.2.tgz. Extracting by manifest.
4062 silly tarball no local data for get-tsconfig@https://registry.npmjs.org/get-tsconfig/-/get-tsconfig-4.14.0.tgz. Extracting by manifest.
4063 silly tarball no local data for globals@https://registry.npmjs.org/globals/-/globals-16.4.0.tgz. Extracting by manifest.
4064 silly tarball no local data for typescript-eslint@https://registry.npmjs.org/typescript-eslint/-/typescript-eslint-8.63.0.tgz. Extracting by manifest.
4065 silly tarball no local data for fast-glob@https://registry.npmjs.org/fast-glob/-/fast-glob-3.3.1.tgz. Extracting by manifest.
4066 silly tarball no local data for eslint-plugin-react-hooks@https://registry.npmjs.org/eslint-plugin-react-hooks/-/eslint-plugin-react-hooks-7.1.1.tgz. Extracting by manifest.
4067 silly tarball no local data for eslint-plugin-import@https://registry.npmjs.org/eslint-plugin-import/-/eslint-plugin-import-2.32.0.tgz. Extracting by manifest.
4068 silly tarball no local data for eslint-plugin-react@https://registry.npmjs.org/eslint-plugin-react/-/eslint-plugin-react-7.37.5.tgz. Extracting by manifest.
4069 silly tarball no local data for eslint-plugin-jsx-a11y@https://registry.npmjs.org/eslint-plugin-jsx-a11y/-/eslint-plugin-jsx-a11y-6.10.2.tgz. Extracting by manifest.
4070 silly tarball no local data for @next/eslint-plugin-next@https://registry.npmjs.org/@next/eslint-plugin-next/-/eslint-plugin-next-16.2.10.tgz. Extracting by manifest.
4071 silly tarball no local data for eslint-import-resolver-typescript@https://registry.npmjs.org/eslint-import-resolver-typescript/-/eslint-import-resolver-typescript-3.10.1.tgz. Extracting by manifest.
4072 silly tarball no local data for eslint-import-resolver-node@https://registry.npmjs.org/eslint-import-resolver-node/-/eslint-import-resolver-node-0.3.10.tgz. Extracting by manifest.
4073 silly tarball no local data for which@https://registry.npmjs.org/which/-/which-2.0.2.tgz. Extracting by manifest.
4074 silly tarball no local data for ms@https://registry.npmjs.org/ms/-/ms-2.1.3.tgz. Extracting by manifest.
4075 silly tarball no local data for uri-js@https://registry.npmjs.org/uri-js/-/uri-js-4.4.1.tgz. Extracting by manifest.
4076 silly tarball no local data for shebang-command@https://registry.npmjs.org/shebang-command/-/shebang-command-2.0.0.tgz. Extracting by manifest.
4077 silly tarball no local data for path-key@https://registry.npmjs.org/path-key/-/path-key-3.1.1.tgz. Extracting by manifest.
4078 silly tarball no local data for json-schema-traverse@https://registry.npmjs.org/json-schema-traverse/-/json-schema-traverse-0.4.1.tgz. Extracting by manifest.
4079 silly tarball no local data for fast-json-stable-stringify@https://registry.npmjs.org/fast-json-stable-stringify/-/fast-json-stable-stringify-2.1.0.tgz. Extracting by manifest.
4080 silly tarball no local data for @humanfs/types@https://registry.npmjs.org/@humanfs/types/-/types-0.15.0.tgz. Extracting by manifest.
4081 silly tarball no local data for levn@https://registry.npmjs.org/levn/-/levn-0.4.1.tgz. Extracting by manifest.
4082 silly tarball no local data for @humanfs/core@https://registry.npmjs.org/@humanfs/core/-/core-0.19.2.tgz. Extracting by manifest.
4083 silly tarball no local data for @types/json-schema@https://registry.npmjs.org/@types/json-schema/-/json-schema-7.0.15.tgz. Extracting by manifest.
4084 silly tarball no local data for minimatch@https://registry.npmjs.org/minimatch/-/minimatch-10.2.5.tgz. Extracting by manifest.
4085 silly tarball no local data for @eslint/object-schema@https://registry.npmjs.org/@eslint/object-schema/-/object-schema-3.0.5.tgz. Extracting by manifest.
4086 silly tarball no local data for optionator@https://registry.npmjs.org/optionator/-/optionator-0.9.4.tgz. Extracting by manifest.
4087 silly tarball no local data for natural-compare@https://registry.npmjs.org/natural-compare/-/natural-compare-1.4.0.tgz. Extracting by manifest.
4088 silly tarball no local data for json-stable-stringify-without-jsonify@https://registry.npmjs.org/json-stable-stringify-without-jsonify/-/json-stable-stringify-without-jsonify-1.0.1.tgz. Extracting by manifest.
4089 silly tarball no local data for is-glob@https://registry.npmjs.org/is-glob/-/is-glob-4.0.3.tgz. Extracting by manifest.
4090 silly tarball no local data for ignore@https://registry.npmjs.org/ignore/-/ignore-5.3.2.tgz. Extracting by manifest.
4091 silly tarball no local data for imurmurhash@https://registry.npmjs.org/imurmurhash/-/imurmurhash-0.1.4.tgz. Extracting by manifest.
4092 silly tarball no local data for glob-parent@https://registry.npmjs.org/glob-parent/-/glob-parent-6.0.2.tgz. Extracting by manifest.
4093 silly tarball no local data for esquery@https://registry.npmjs.org/esquery/-/esquery-1.7.0.tgz. Extracting by manifest.
4094 silly tarball no local data for file-entry-cache@https://registry.npmjs.org/file-entry-cache/-/file-entry-cache-8.0.0.tgz. Extracting by manifest.
4095 silly tarball no local data for find-up@https://registry.npmjs.org/find-up/-/find-up-5.0.0.tgz. Extracting by manifest.
4096 silly tarball no local data for fast-deep-equal@https://registry.npmjs.org/fast-deep-equal/-/fast-deep-equal-3.1.3.tgz. Extracting by manifest.
4097 silly tarball no local data for esutils@https://registry.npmjs.org/esutils/-/esutils-2.0.3.tgz. Extracting by manifest.
4098 silly tarball no local data for eslint-scope@https://registry.npmjs.org/eslint-scope/-/eslint-scope-9.1.2.tgz. Extracting by manifest.
4099 silly tarball no local data for espree@https://registry.npmjs.org/espree/-/espree-11.2.0.tgz. Extracting by manifest.
4100 silly tarball no local data for escape-string-regexp@https://registry.npmjs.org/escape-string-regexp/-/escape-string-regexp-4.0.0.tgz. Extracting by manifest.
4101 silly tarball no local data for eslint-visitor-keys@https://registry.npmjs.org/eslint-visitor-keys/-/eslint-visitor-keys-5.0.1.tgz. Extracting by manifest.
4102 silly tarball no local data for debug@https://registry.npmjs.org/debug/-/debug-4.4.3.tgz. Extracting by manifest.
4103 silly tarball no local data for ajv@https://registry.npmjs.org/ajv/-/ajv-6.15.0.tgz. Extracting by manifest.
4104 silly tarball no local data for @humanfs/node@https://registry.npmjs.org/@humanfs/node/-/node-0.16.8.tgz. Extracting by manifest.
4105 silly tarball no local data for cross-spawn@https://registry.npmjs.org/cross-spawn/-/cross-spawn-7.0.6.tgz. Extracting by manifest.
4106 silly tarball no local data for @types/estree@https://registry.npmjs.org/@types/estree/-/estree-1.0.9.tgz. Extracting by manifest.
4107 silly tarball no local data for @humanwhocodes/module-importer@https://registry.npmjs.org/@humanwhocodes/module-importer/-/module-importer-1.0.1.tgz. Extracting by manifest.
4108 silly tarball no local data for @humanwhocodes/retry@https://registry.npmjs.org/@humanwhocodes/retry/-/retry-0.4.3.tgz. Extracting by manifest.
4109 silly tarball no local data for @eslint/config-helpers@https://registry.npmjs.org/@eslint/config-helpers/-/config-helpers-0.6.0.tgz. Extracting by manifest.
4110 silly tarball no local data for @eslint/plugin-kit@https://registry.npmjs.org/@eslint/plugin-kit/-/plugin-kit-0.7.2.tgz. Extracting by manifest.
4111 silly tarball no local data for @eslint/core@https://registry.npmjs.org/@eslint/core/-/core-1.2.1.tgz. Extracting by manifest.
4112 silly tarball no local data for @eslint-community/regexpp@https://registry.npmjs.org/@eslint-community/regexpp/-/regexpp-4.12.2.tgz. Extracting by manifest.
4113 silly tarball no local data for @eslint/config-array@https://registry.npmjs.org/@eslint/config-array/-/config-array-0.23.5.tgz. Extracting by manifest.
4114 silly tarball no local data for update-browserslist-db@https://registry.npmjs.org/update-browserslist-db/-/update-browserslist-db-1.2.3.tgz. Extracting by manifest.
4115 silly tarball no local data for @eslint-community/eslint-utils@https://registry.npmjs.org/@eslint-community/eslint-utils/-/eslint-utils-4.9.1.tgz. Extracting by manifest.
4116 silly tarball no local data for electron-to-chromium@https://registry.npmjs.org/electron-to-chromium/-/electron-to-chromium-1.5.389.tgz. Extracting by manifest.
4117 silly tarball no local data for node-releases@https://registry.npmjs.org/node-releases/-/node-releases-2.0.50.tgz. Extracting by manifest.
4118 silly tarball no local data for baseline-browser-mapping@https://registry.npmjs.org/baseline-browser-mapping/-/baseline-browser-mapping-2.10.42.tgz. Extracting by manifest.
4119 silly tarball no local data for set-cookie-parser@https://registry.npmjs.org/set-cookie-parser/-/set-cookie-parser-3.1.1.tgz. Extracting by manifest.
4120 silly tarball no local data for @standard-schema/spec@https://registry.npmjs.org/@standard-schema/spec/-/spec-1.1.0.tgz. Extracting by manifest.
4121 silly tarball no local data for @opentelemetry/semantic-conventions@https://registry.npmjs.org/@opentelemetry/semantic-conventions/-/semantic-conventions-1.42.0.tgz. Extracting by manifest.
4122 silly tarball no local data for rou3@https://registry.npmjs.org/rou3/-/rou3-0.7.12.tgz. Extracting by manifest.
4123 silly tarball no local data for nanostores@https://registry.npmjs.org/nanostores/-/nanostores-1.4.0.tgz. Extracting by manifest.
4124 silly tarball no local data for kysely@https://registry.npmjs.org/kysely/-/kysely-0.29.3.tgz. Extracting by manifest.
4125 silly tarball no local data for defu@https://registry.npmjs.org/defu/-/defu-6.1.7.tgz. Extracting by manifest.
4126 silly tarball no local data for @noble/hashes@https://registry.npmjs.org/@noble/hashes/-/hashes-2.2.0.tgz. Extracting by manifest.
4127 silly tarball no local data for jose@https://registry.npmjs.org/jose/-/jose-6.2.3.tgz. Extracting by manifest.
4128 silly tarball no local data for @better-fetch/fetch@https://registry.npmjs.org/@better-fetch/fetch/-/fetch-1.3.1.tgz. Extracting by manifest.
4129 silly tarball no local data for @noble/ciphers@https://registry.npmjs.org/@noble/ciphers/-/ciphers-2.2.0.tgz. Extracting by manifest.
4130 silly tarball no local data for better-call@https://registry.npmjs.org/better-call/-/better-call-1.3.7.tgz. Extracting by manifest.
4131 silly tarball no local data for @better-auth/utils@https://registry.npmjs.org/@better-auth/utils/-/utils-0.4.2.tgz. Extracting by manifest.
4132 silly tarball no local data for @better-auth/telemetry@https://registry.npmjs.org/@better-auth/telemetry/-/telemetry-1.6.23.tgz. Extracting by manifest.
4133 silly tarball no local data for @better-auth/mongo-adapter@https://registry.npmjs.org/@better-auth/mongo-adapter/-/mongo-adapter-1.6.23.tgz. Extracting by manifest.
4134 silly tarball no local data for @better-auth/memory-adapter@https://registry.npmjs.org/@better-auth/memory-adapter/-/memory-adapter-1.6.23.tgz. Extracting by manifest.
4135 silly tarball no local data for @better-auth/kysely-adapter@https://registry.npmjs.org/@better-auth/kysely-adapter/-/kysely-adapter-1.6.23.tgz. Extracting by manifest.
4136 silly tarball no local data for @better-auth/drizzle-adapter@https://registry.npmjs.org/@better-auth/drizzle-adapter/-/drizzle-adapter-1.6.23.tgz. Extracting by manifest.
4137 silly tarball no local data for @better-auth/core@https://registry.npmjs.org/@better-auth/core/-/core-1.6.23.tgz. Extracting by manifest.
4138 silly tarball no local data for postcss-value-parser@https://registry.npmjs.org/postcss-value-parser/-/postcss-value-parser-4.2.0.tgz. Extracting by manifest.
4139 silly tarball no local data for picocolors@https://registry.npmjs.org/picocolors/-/picocolors-1.1.1.tgz. Extracting by manifest.
4140 silly tarball no local data for fraction.js@https://registry.npmjs.org/fraction.js/-/fraction.js-5.3.4.tgz. Extracting by manifest.
4141 silly tarball no local data for caniuse-lite@https://registry.npmjs.org/caniuse-lite/-/caniuse-lite-1.0.30001803.tgz. Extracting by manifest.
4142 silly tarball no local data for csstype@https://registry.npmjs.org/csstype/-/csstype-3.2.3.tgz. Extracting by manifest.
4143 silly tarball no local data for browserslist@https://registry.npmjs.org/browserslist/-/browserslist-4.28.5.tgz. Extracting by manifest.
4144 silly tarball no local data for undici-types@https://registry.npmjs.org/undici-types/-/undici-types-8.3.0.tgz. Extracting by manifest.
4145 silly tarball no local data for @tanstack/query-core@https://registry.npmjs.org/@tanstack/query-core/-/query-core-5.101.2.tgz. Extracting by manifest.
4146 silly tarball no local data for @prisma/client-runtime-utils@https://registry.npmjs.org/@prisma/client-runtime-utils/-/client-runtime-utils-7.8.0.tgz. Extracting by manifest.
4147 silly tarball no local data for zod@https://registry.npmjs.org/zod/-/zod-4.4.3.tgz. Extracting by manifest.
4148 silly tarball no local data for typescript@https://registry.npmjs.org/typescript/-/typescript-7.0.2.tgz. Extracting by manifest.
4149 silly tarball no local data for tailwind-merge@https://registry.npmjs.org/tailwind-merge/-/tailwind-merge-3.6.0.tgz. Extracting by manifest.
4150 silly tarball no local data for tailwindcss@https://registry.npmjs.org/tailwindcss/-/tailwindcss-3.4.19.tgz. Extracting by manifest.
4151 silly tarball no local data for superjson@https://registry.npmjs.org/superjson/-/superjson-2.2.6.tgz. Extracting by manifest.
4152 silly tarball no local data for tsx@https://registry.npmjs.org/tsx/-/tsx-4.23.0.tgz. Extracting by manifest.
4153 silly tarball no local data for sonner@https://registry.npmjs.org/sonner/-/sonner-2.0.7.tgz. Extracting by manifest.
4154 silly tarball no local data for react@https://registry.npmjs.org/react/-/react-19.2.7.tgz. Extracting by manifest.
4155 silly tarball no local data for react-dom@https://registry.npmjs.org/react-dom/-/react-dom-19.2.7.tgz. Extracting by manifest.
4156 silly tarball no local data for postcss@https://registry.npmjs.org/postcss/-/postcss-8.5.16.tgz. Extracting by manifest.
4157 silly tarball no local data for next-themes@https://registry.npmjs.org/next-themes/-/next-themes-0.4.6.tgz. Extracting by manifest.
4158 silly tarball no local data for prisma@https://registry.npmjs.org/prisma/-/prisma-7.8.0.tgz. Extracting by manifest.
4159 silly tarball no local data for next@https://registry.npmjs.org/next/-/next-16.2.10.tgz. Extracting by manifest.
4160 silly tarball no local data for eslint@https://registry.npmjs.org/eslint/-/eslint-10.6.0.tgz. Extracting by manifest.
4161 silly tarball no local data for lucide-react@https://registry.npmjs.org/lucide-react/-/lucide-react-1.23.0.tgz. Extracting by manifest.
4162 silly tarball no local data for eslint-config-next@https://registry.npmjs.org/eslint-config-next/-/eslint-config-next-16.2.10.tgz. Extracting by manifest.
4163 silly tarball no local data for class-variance-authority@https://registry.npmjs.org/class-variance-authority/-/class-variance-authority-0.7.1.tgz. Extracting by manifest.
4164 silly tarball no local data for clsx@https://registry.npmjs.org/clsx/-/clsx-2.1.1.tgz. Extracting by manifest.
4165 silly tarball no local data for @types/react-dom@https://registry.npmjs.org/@types/react-dom/-/react-dom-19.2.3.tgz. Extracting by manifest.
4166 silly tarball no local data for autoprefixer@https://registry.npmjs.org/autoprefixer/-/autoprefixer-10.5.2.tgz. Extracting by manifest.
4167 silly tarball no local data for better-auth@https://registry.npmjs.org/better-auth/-/better-auth-1.6.23.tgz. Extracting by manifest.
4168 silly tarball no local data for @trpc/react-query@https://registry.npmjs.org/@trpc/react-query/-/react-query-11.18.0.tgz. Extracting by manifest.
4169 silly tarball no local data for @types/react@https://registry.npmjs.org/@types/react/-/react-19.2.17.tgz. Extracting by manifest.
4170 silly tarball no local data for @types/node@https://registry.npmjs.org/@types/node/-/node-26.1.1.tgz. Extracting by manifest.
4171 silly tarball no local data for @trpc/server@https://registry.npmjs.org/@trpc/server/-/server-11.18.0.tgz. Extracting by manifest.
4172 silly tarball no local data for @tanstack/react-query@https://registry.npmjs.org/@tanstack/react-query/-/react-query-5.101.2.tgz. Extracting by manifest.
4173 silly tarball no local data for @trpc/client@https://registry.npmjs.org/@trpc/client/-/client-11.18.0.tgz. Extracting by manifest.
4174 silly tarball no local data for semver@https://registry.npmjs.org/semver/-/semver-7.8.5.tgz. Extracting by manifest.
4175 silly tarball no local data for @better-auth/prisma-adapter@https://registry.npmjs.org/@better-auth/prisma-adapter/-/prisma-adapter-1.6.23.tgz. Extracting by manifest.
4176 silly tarball no local data for @prisma/client@https://registry.npmjs.org/@prisma/client/-/client-7.8.0.tgz. Extracting by manifest.
4177 silly tarball no local data for @better-auth-ui/react@https://registry.npmjs.org/@better-auth-ui/react/-/react-1.6.27.tgz. Extracting by manifest.
4178 silly tarball no local data for @better-auth-ui/core@https://registry.npmjs.org/@better-auth-ui/core/-/core-1.6.27.tgz. Extracting by manifest.
4179 silly tarball no local data for ignore@https://registry.npmjs.org/ignore/-/ignore-7.0.5.tgz. Extracting by manifest.
4180 silly tarball no local data for @prisma/get-platform@https://registry.npmjs.org/@prisma/get-platform/-/get-platform-7.8.0.tgz. Extracting by manifest.
4181 silly tarball no local data for resolve@https://registry.npmjs.org/resolve/-/resolve-1.22.12.tgz. Extracting by manifest.
4182 silly tarball no local data for signal-exit@https://registry.npmjs.org/signal-exit/-/signal-exit-3.0.7.tgz. Extracting by manifest.
4183 silly tarball no local data for json-schema-traverse@https://registry.npmjs.org/json-schema-traverse/-/json-schema-traverse-1.0.0.tgz. Extracting by manifest.
4184 silly tarball no local data for ajv@https://registry.npmjs.org/ajv/-/ajv-8.20.0.tgz. Extracting by manifest.
4185 silly tarball no local data for @prisma/get-platform@https://registry.npmjs.org/@prisma/get-platform/-/get-platform-7.8.0.tgz. Extracting by manifest.
4186 silly tarball no local data for @prisma/debug@https://registry.npmjs.org/@prisma/debug/-/debug-7.2.0.tgz. Extracting by manifest.
4187 silly tarball no local data for semver@https://registry.npmjs.org/semver/-/semver-7.8.5.tgz. Extracting by manifest.
4188 silly tarball no local data for json5@https://registry.npmjs.org/json5/-/json5-1.0.2.tgz. Extracting by manifest.
4189 silly tarball no local data for debug@https://registry.npmjs.org/debug/-/debug-3.2.7.tgz. Extracting by manifest.
4190 silly tarball no local data for semver@https://registry.npmjs.org/semver/-/semver-7.8.5.tgz. Extracting by manifest.
4191 silly tarball no local data for picomatch@https://registry.npmjs.org/picomatch/-/picomatch-4.0.5.tgz. Extracting by manifest.
4192 silly tarball no local data for glob-parent@https://registry.npmjs.org/glob-parent/-/glob-parent-5.1.2.tgz. Extracting by manifest.
4193 silly tarball no local data for brace-expansion@https://registry.npmjs.org/brace-expansion/-/brace-expansion-1.1.16.tgz. Extracting by manifest.
4194 silly tarball no local data for balanced-match@https://registry.npmjs.org/balanced-match/-/balanced-match-1.0.2.tgz. Extracting by manifest.
4195 silly tarball no local data for minimatch@https://registry.npmjs.org/minimatch/-/minimatch-3.1.5.tgz. Extracting by manifest.
4196 silly tarball no local data for balanced-match@https://registry.npmjs.org/balanced-match/-/balanced-match-1.0.2.tgz. Extracting by manifest.
4197 silly tarball no local data for brace-expansion@https://registry.npmjs.org/brace-expansion/-/brace-expansion-1.1.16.tgz. Extracting by manifest.
4198 silly tarball no local data for balanced-match@https://registry.npmjs.org/balanced-match/-/balanced-match-1.0.2.tgz. Extracting by manifest.
4199 silly tarball no local data for minimatch@https://registry.npmjs.org/minimatch/-/minimatch-3.1.5.tgz. Extracting by manifest.
4200 silly tarball no local data for brace-expansion@https://registry.npmjs.org/brace-expansion/-/brace-expansion-1.1.16.tgz. Extracting by manifest.
4201 silly tarball no local data for debug@https://registry.npmjs.org/debug/-/debug-3.2.7.tgz. Extracting by manifest.
4202 silly tarball no local data for minimatch@https://registry.npmjs.org/minimatch/-/minimatch-3.1.5.tgz. Extracting by manifest.
4203 silly tarball no local data for debug@https://registry.npmjs.org/debug/-/debug-3.2.7.tgz. Extracting by manifest.
4204 silly tarball no local data for eslint-visitor-keys@https://registry.npmjs.org/eslint-visitor-keys/-/eslint-visitor-keys-3.4.3.tgz. Extracting by manifest.
4205 silly tarball no local data for readdirp@https://registry.npmjs.org/readdirp/-/readdirp-3.6.0.tgz. Extracting by manifest.
4206 silly tarball no local data for jiti@https://registry.npmjs.org/jiti/-/jiti-1.21.7.tgz. Extracting by manifest.
4207 silly tarball no local data for fast-glob@https://registry.npmjs.org/fast-glob/-/fast-glob-3.3.3.tgz. Extracting by manifest.
4208 silly tarball no local data for resolve@https://registry.npmjs.org/resolve/-/resolve-1.22.12.tgz. Extracting by manifest.
4209 silly tarball no local data for glob-parent@https://registry.npmjs.org/glob-parent/-/glob-parent-5.1.2.tgz. Extracting by manifest.
4210 silly tarball no local data for chokidar@https://registry.npmjs.org/chokidar/-/chokidar-3.6.0.tgz. Extracting by manifest.
4211 silly tarball no local data for glob-parent@https://registry.npmjs.org/glob-parent/-/glob-parent-5.1.2.tgz. Extracting by manifest.
4212 silly tarball no local data for postcss@https://registry.npmjs.org/postcss/-/postcss-8.4.31.tgz. Extracting by manifest.
4213 http fetch POST 200 https://registry.npmjs.org/-/npm/v1/security/advisories/bulk 1589ms
4214 silly audit report {
4214 silly audit report   postcss: [
4214 silly audit report     {
4214 silly audit report       id: 1117015,
4214 silly audit report       url: 'https://github.com/advisories/GHSA-qx2v-qp2m-jg93',
4214 silly audit report       title: 'PostCSS has XSS via Unescaped </style> in its CSS Stringify Output',
4214 silly audit report       severity: 'moderate',
4214 silly audit report       vulnerable_versions: '<8.5.10',
4214 silly audit report       cwe: [Array],
4214 silly audit report       cvss: [Object]
4214 silly audit report     }
4214 silly audit report   ],
4214 silly audit report   '@hono/node-server': [
4214 silly audit report     {
4214 silly audit report       id: 1116281,
4214 silly audit report       url: 'https://github.com/advisories/GHSA-92pp-h63x-v22m',
4214 silly audit report       title: '@hono/node-server: Middleware bypass via repeated slashes in serveStatic',
4214 silly audit report       severity: 'moderate',
4214 silly audit report       vulnerable_versions: '<1.19.13',
4214 silly audit report       cwe: [Array],
4214 silly audit report       cvss: [Object]
4214 silly audit report     }
4214 silly audit report   ]
4214 silly audit report }
4215 silly packumentCache corgi:https://registry.npmjs.org/postcss cache-miss
4216 silly packumentCache corgi:https://registry.npmjs.org/@hono%2fnode-server cache-miss
4217 http fetch GET 200 https://registry.npmjs.org/anymatch/-/anymatch-3.1.3.tgz 1135ms (cache miss)
4218 http fetch GET 200 https://registry.npmjs.org/binary-extensions/-/binary-extensions-2.3.0.tgz 1202ms (cache miss)
4219 http fetch GET 200 https://registry.npmjs.org/concat-map/-/concat-map-0.0.1.tgz 1200ms (cache miss)
4220 http fetch GET 200 https://registry.npmjs.org/grammex/-/grammex-3.1.12.tgz 1199ms (cache miss)
4221 http fetch GET 200 https://registry.npmjs.org/is-binary-path/-/is-binary-path-2.1.0.tgz 1428ms (cache miss)
4222 http fetch GET 200 https://registry.npmjs.org/which-collection/-/which-collection-1.0.2.tgz 2491ms (cache miss)
4223 http fetch GET 200 https://registry.npmjs.org/is-boolean-object/-/is-boolean-object-1.2.2.tgz 3247ms (cache miss)
4224 http fetch GET 200 https://registry.npmjs.org/isexe/-/isexe-2.0.0.tgz 4425ms (cache miss)
4225 http fetch GET 200 https://registry.npmjs.org/is-generator-function/-/is-generator-function-1.1.2.tgz 5052ms (cache miss)
4226 http fetch GET 200 https://registry.npmjs.org/punycode/-/punycode-2.3.1.tgz 7095ms (cache miss)
4227 http fetch GET 200 https://registry.npmjs.org/is-bigint/-/is-bigint-1.1.0.tgz 7362ms (cache miss)
4228 http fetch GET 200 https://registry.npmjs.org/escalade/-/escalade-3.2.0.tgz 10516ms (cache miss)
4229 http fetch GET 200 https://registry.npmjs.org/has-bigints/-/has-bigints-1.1.0.tgz 10564ms (cache miss)
4230 http fetch GET 200 https://registry.npmjs.org/which-boxed-primitive/-/which-boxed-primitive-1.1.1.tgz 11664ms (cache miss)
4231 http fetch GET 200 https://registry.npmjs.org/@typescript-eslint/tsconfig-utils/-/tsconfig-utils-8.63.0.tgz 14820ms (cache miss)
4232 http fetch GET 200 https://registry.npmjs.org/@typescript-eslint/project-service/-/project-service-8.63.0.tgz 16037ms (cache miss)
4233 http fetch GET 200 https://registry.npmjs.org/@typescript-eslint/visitor-keys/-/visitor-keys-8.63.0.tgz 16040ms (cache miss)
4234 http fetch GET 200 https://registry.npmjs.org/require-from-string/-/require-from-string-2.0.2.tgz 18132ms (cache miss)
4235 http fetch GET 200 https://registry.npmjs.org/is-number/-/is-number-7.0.0.tgz 18400ms (cache miss)
4236 http fetch GET 200 https://registry.npmjs.org/@types/json5/-/json5-0.0.29.tgz 18483ms (cache miss)
4237 http fetch GET 200 https://registry.npmjs.org/napi-postinstall/-/napi-postinstall-0.3.4.tgz 18509ms (cache miss)
4238 http fetch GET 200 https://registry.npmjs.org/lines-and-columns/-/lines-and-columns-1.2.4.tgz 18710ms (cache miss)
4239 http fetch GET 200 https://registry.npmjs.org/pirates/-/pirates-4.0.7.tgz 20588ms (cache miss)
4240 http fetch GET 200 https://registry.npmjs.org/util-deprecate/-/util-deprecate-1.0.2.tgz 20586ms (cache miss)
4241 http fetch GET 200 https://registry.npmjs.org/postcss-js/-/postcss-js-4.1.0.tgz 20611ms (cache miss)
4242 http fetch GET 200 https://registry.npmjs.org/normalize-path/-/normalize-path-3.0.0.tgz 20612ms (cache miss)
4243 http fetch GET 200 https://registry.npmjs.org/dlv/-/dlv-1.1.3.tgz 20606ms (cache miss)
4244 http fetch GET 200 https://registry.npmjs.org/didyoumean/-/didyoumean-1.2.2.tgz 20614ms (cache miss)
4245 http fetch GET 200 https://registry.npmjs.org/@alloc/quick-lru/-/quick-lru-5.2.0.tgz 20609ms (cache miss)
4246 http fetch GET 200 https://registry.npmjs.org/client-only/-/client-only-0.0.1.tgz 20704ms (cache miss)
4247 http fetch GET 200 https://registry.npmjs.org/side-channel-list/-/side-channel-list-1.0.1.tgz 20702ms (cache miss)
4248 http fetch GET 200 https://registry.npmjs.org/detect-libc/-/detect-libc-2.1.2.tgz 20788ms (cache miss)
4249 http fetch GET 200 https://registry.npmjs.org/isarray/-/isarray-2.0.5.tgz 20790ms (cache miss)
4250 http fetch GET 200 https://registry.npmjs.org/path-parse/-/path-parse-1.0.7.tgz 20789ms (cache miss)
4251 http fetch GET 200 https://registry.npmjs.org/is-what/-/is-what-5.5.0.tgz 20851ms (cache miss)
4252 http fetch GET 200 https://registry.npmjs.org/react-is/-/react-is-16.13.1.tgz 20852ms (cache miss)
4253 http fetch GET 200 https://registry.npmjs.org/scheduler/-/scheduler-0.27.0.tgz 20858ms (cache miss)
4254 http fetch GET 200 https://registry.npmjs.org/loose-envify/-/loose-envify-1.4.0.tgz 20854ms (cache miss)
4255 http fetch GET 200 https://registry.npmjs.org/object-assign/-/object-assign-4.1.1.tgz 20855ms (cache miss)
4256 http fetch GET 200 https://registry.npmjs.org/strip-bom/-/strip-bom-3.0.0.tgz 21569ms (cache miss)
4257 http fetch GET 200 https://registry.npmjs.org/ts-interface-checker/-/ts-interface-checker-0.1.13.tgz 21722ms (cache miss)
4258 http fetch GET 200 https://registry.npmjs.org/read-cache/-/read-cache-1.0.0.tgz 21915ms (cache miss)
4259 http fetch GET 200 https://registry.npmjs.org/signal-exit/-/signal-exit-4.1.0.tgz 23935ms (cache miss)
4260 http fetch GET 200 https://registry.npmjs.org/lru.min/-/lru.min-1.1.4.tgz 23938ms (cache miss)
4261 http fetch GET 200 https://registry.npmjs.org/@radix-ui/react-compose-refs/-/react-compose-refs-1.1.2.tgz 23920ms (cache miss)
4262 http fetch GET 200 https://registry.npmjs.org/@radix-ui/react-use-effect-event/-/react-use-effect-event-0.0.2.tgz 23920ms (cache miss)
4263 http fetch GET 200 https://registry.npmjs.org/@radix-ui/primitive/-/primitive-1.1.3.tgz 23916ms (cache miss)
4264 http fetch GET 200 https://registry.npmjs.org/env-paths/-/env-paths-3.0.0.tgz 23915ms (cache miss)
4265 http fetch GET 200 https://registry.npmjs.org/@prisma/engines-version/-/engines-version-7.8.0-6.3c6e192761c0362d496ed980de936e2f3cebcd3a.tgz 23913ms (cache miss)
4266 http fetch GET 200 https://registry.npmjs.org/@radix-ui/react-primitive/-/react-primitive-2.1.3.tgz 23921ms (cache miss)
4267 http fetch GET 200 https://registry.npmjs.org/denque/-/denque-2.1.0.tgz 23946ms (cache miss)
4268 http fetch GET 200 https://registry.npmjs.org/get-port-please/-/get-port-please-3.2.0.tgz 23910ms (cache miss)
4269 http fetch GET 200 https://registry.npmjs.org/empathic/-/empathic-2.0.0.tgz 23909ms (cache miss)
4270 http fetch GET 200 https://registry.npmjs.org/@prisma/config/-/config-7.8.0.tgz 24227ms (cache miss)
4271 http fetch GET 200 https://registry.npmjs.org/yocto-queue/-/yocto-queue-0.1.0.tgz 24303ms (cache miss)
4272 http fetch GET 200 https://registry.npmjs.org/p-limit/-/p-limit-3.1.0.tgz 24380ms (cache miss)
4273 http fetch GET 200 https://registry.npmjs.org/fast-levenshtein/-/fast-levenshtein-2.0.6.tgz 24379ms (cache miss)
4274 http fetch GET 200 https://registry.npmjs.org/pify/-/pify-2.3.0.tgz 24485ms (cache miss)
4275 http fetch GET 200 https://registry.npmjs.org/lilconfig/-/lilconfig-3.1.3.tgz 24514ms (cache miss)
4276 http fetch GET 200 https://registry.npmjs.org/shebang-regex/-/shebang-regex-3.0.0.tgz 24538ms (cache miss)
4277 http fetch GET 200 https://registry.npmjs.org/named-placeholders/-/named-placeholders-1.1.6.tgz 25777ms (cache miss)
4278 http fetch GET 200 https://registry.npmjs.org/@radix-ui/react-use-layout-effect/-/react-use-layout-effect-1.1.1.tgz 25761ms (cache miss)
4279 http fetch GET 200 https://registry.npmjs.org/pkg-types/-/pkg-types-2.3.1.tgz 25922ms (cache miss)
4280 http fetch GET 200 https://registry.npmjs.org/deep-is/-/deep-is-0.1.4.tgz 25863ms (cache miss)
4281 http fetch GET 200 https://registry.npmjs.org/fill-range/-/fill-range-7.1.1.tgz 25860ms (cache miss)
4282 http fetch GET 200 https://registry.npmjs.org/p-locate/-/p-locate-5.0.0.tgz 25862ms (cache miss)
4283 http fetch GET 200 https://registry.npmjs.org/@radix-ui/react-slot/-/react-slot-1.2.3.tgz 25925ms (cache miss)
4284 http fetch GET 200 https://registry.npmjs.org/balanced-match/-/balanced-match-4.0.4.tgz 25885ms (cache miss)
4285 http fetch GET 200 https://registry.npmjs.org/thenify-all/-/thenify-all-1.6.0.tgz 26033ms (cache miss)
4286 http fetch GET 200 https://registry.npmjs.org/thenify/-/thenify-3.3.1.tgz 26038ms (cache miss)
4287 http fetch GET 200 https://registry.npmjs.org/postcss-nested/-/postcss-nested-6.2.0.tgz 26034ms (cache miss)
4288 http fetch GET 200 https://registry.npmjs.org/yallist/-/yallist-3.1.1.tgz 25923ms (cache miss)
4289 http fetch GET 200 https://registry.npmjs.org/proper-lockfile/-/proper-lockfile-4.1.2.tgz 26548ms (cache miss)
4290 http fetch GET 200 https://registry.npmjs.org/json-buffer/-/json-buffer-3.0.1.tgz 26927ms (cache miss)
4291 http fetch GET 200 https://registry.npmjs.org/braces/-/braces-3.0.3.tgz 27191ms (cache miss)
4292 http fetch GET 200 https://registry.npmjs.org/is-extglob/-/is-extglob-2.1.1.tgz 27185ms (cache miss)
4293 http fetch GET 200 https://registry.npmjs.org/set-function-name/-/set-function-name-2.0.2.tgz 27187ms (cache miss)
4294 http fetch GET 200 https://registry.npmjs.org/resolve-pkg-maps/-/resolve-pkg-maps-1.0.0.tgz 27266ms (cache miss)
4295 http fetch GET 200 https://registry.npmjs.org/is-document.all/-/is-document.all-1.0.0.tgz 27264ms (cache miss)
4296 http fetch GET 200 https://registry.npmjs.org/dunder-proto/-/dunder-proto-1.0.1.tgz 27267ms (cache miss)
4297 http fetch GET 200 https://registry.npmjs.org/keyv/-/keyv-4.5.4.tgz 27281ms (cache miss)
4298 http fetch GET 200 https://registry.npmjs.org/path-exists/-/path-exists-4.0.0.tgz 27282ms (cache miss)
4299 http fetch GET 200 https://registry.npmjs.org/run-parallel/-/run-parallel-1.2.0.tgz 27287ms (cache miss)
4300 http fetch GET 200 https://registry.npmjs.org/reusify/-/reusify-1.1.0.tgz 27313ms (cache miss)
4301 http fetch GET 200 https://registry.npmjs.org/fastq/-/fastq-1.20.1.tgz 27373ms (cache miss)
4302 http fetch GET 200 https://registry.npmjs.org/@nodelib/fs.stat/-/fs.stat-2.0.5.tgz 27437ms (cache miss)
4303 http fetch GET 200 https://registry.npmjs.org/@nodelib/fs.walk/-/fs.walk-1.2.8.tgz 27438ms (cache miss)
4304 http fetch GET 200 https://registry.npmjs.org/side-channel/-/side-channel-1.1.1.tgz 27453ms (cache miss)
4305 http fetch GET 200 https://registry.npmjs.org/merge2/-/merge2-1.4.1.tgz 27442ms (cache miss)
4306 http fetch GET 200 https://registry.npmjs.org/acorn-jsx/-/acorn-jsx-5.3.2.tgz 27438ms (cache miss)
4307 http fetch GET 200 https://registry.npmjs.org/type-check/-/type-check-0.4.0.tgz 27461ms (cache miss)
4308 http fetch GET 200 https://registry.npmjs.org/@babel/helper-string-parser/-/helper-string-parser-7.29.7.tgz 27437ms (cache miss)
4309 http fetch GET 200 https://registry.npmjs.org/@types/esrecurse/-/esrecurse-4.3.1.tgz 27441ms (cache miss)
4310 http fetch GET 200 https://registry.npmjs.org/@babel/compat-data/-/compat-data-7.29.7.tgz 27433ms (cache miss)
4311 http fetch GET 200 https://registry.npmjs.org/lru-cache/-/lru-cache-5.1.1.tgz 27475ms (cache miss)
4312 http fetch GET 200 https://registry.npmjs.org/@babel/helper-validator-identifier/-/helper-validator-identifier-7.29.7.tgz 27569ms (cache miss)
4313 http fetch GET 200 https://registry.npmjs.org/js-tokens/-/js-tokens-4.0.0.tgz 27567ms (cache miss)
4314 http fetch GET 200 https://registry.npmjs.org/convert-source-map/-/convert-source-map-2.0.0.tgz 27610ms (cache miss)
4315 http fetch GET 200 https://registry.npmjs.org/@jridgewell/remapping/-/remapping-2.3.5.tgz 27612ms (cache miss)
4316 http fetch GET 200 https://registry.npmjs.org/readdirp/-/readdirp-5.0.0.tgz 27782ms (cache miss)
4317 http fetch GET 200 https://registry.npmjs.org/@next/env/-/env-16.2.10.tgz 28017ms (cache miss)
4318 http fetch GET 200 https://registry.npmjs.org/to-regex-range/-/to-regex-range-5.0.1.tgz 28025ms (cache miss)
4319 http fetch GET 200 https://registry.npmjs.org/camelcase-css/-/camelcase-css-2.0.1.tgz 28998ms (cache miss)
4320 http fetch GET 200 https://registry.npmjs.org/is-property/-/is-property-1.0.2.tgz 29322ms (cache miss)
4321 http fetch GET 200 https://registry.npmjs.org/esrecurse/-/esrecurse-4.3.0.tgz 29216ms (cache miss)
4322 http fetch GET 200 https://registry.npmjs.org/@babel/helper-compilation-targets/-/helper-compilation-targets-7.29.7.tgz 29253ms (cache miss)
4323 http fetch GET 200 https://registry.npmjs.org/object.entries/-/object.entries-1.1.9.tgz 29465ms (cache miss)
4324 http fetch GET 200 https://registry.npmjs.org/string.prototype.matchall/-/string.prototype.matchall-4.0.12.tgz 29465ms (cache miss)
4325 http fetch GET 200 https://registry.npmjs.org/string.prototype.includes/-/string.prototype.includes-2.0.1.tgz 29807ms (cache miss)
4326 http fetch GET 200 https://registry.npmjs.org/array.prototype.tosorted/-/array.prototype.tosorted-1.1.4.tgz 29810ms (cache miss)
4327 http fetch GET 200 https://registry.npmjs.org/array.prototype.findlast/-/array.prototype.findlast-1.2.5.tgz 29886ms (cache miss)
4328 http fetch GET 200 https://registry.npmjs.org/@babel/helper-module-imports/-/helper-module-imports-7.29.7.tgz 30012ms (cache miss)
4329 http fetch GET 200 https://registry.npmjs.org/word-wrap/-/word-wrap-1.2.5.tgz 30158ms (cache miss)
4330 http fetch GET 200 https://registry.npmjs.org/locate-path/-/locate-path-6.0.0.tgz 30352ms (cache miss)
4331 http fetch GET 200 https://registry.npmjs.org/queue-microtask/-/queue-microtask-1.2.3.tgz 30462ms (cache miss)
4332 http fetch GET 200 https://registry.npmjs.org/iterator.prototype/-/iterator.prototype-1.1.5.tgz 30312ms (cache miss)
4333 http fetch GET 200 https://registry.npmjs.org/micromatch/-/micromatch-4.0.8.tgz 30456ms (cache miss)
4334 http fetch GET 200 https://registry.npmjs.org/@nodelib/fs.scandir/-/fs.scandir-2.1.5.tgz 30455ms (cache miss)
4335 http fetch GET 200 https://registry.npmjs.org/jsesc/-/jsesc-3.1.0.tgz 30488ms (cache miss)
4336 http fetch GET 200 https://registry.npmjs.org/@babel/helper-globals/-/helper-globals-7.29.7.tgz 30493ms (cache miss)
4337 http fetch GET 200 https://registry.npmjs.org/@babel/helper-validator-option/-/helper-validator-option-7.29.7.tgz 30488ms (cache miss)
4338 http fetch GET 200 https://registry.npmjs.org/ast-types-flow/-/ast-types-flow-0.0.8.tgz 30637ms (cache miss)
4339 http fetch GET 200 https://registry.npmjs.org/language-tags/-/language-tags-1.0.9.tgz 30642ms (cache miss)
4340 http fetch GET 200 https://registry.npmjs.org/string.prototype.repeat/-/string.prototype.repeat-1.0.0.tgz 30771ms (cache miss)
4341 http fetch GET 200 https://registry.npmjs.org/possible-typed-array-names/-/possible-typed-array-names-1.1.0.tgz 30828ms (cache miss)
4342 http fetch GET 200 https://registry.npmjs.org/has-tostringtag/-/has-tostringtag-1.0.2.tgz 30828ms (cache miss)
4343 http fetch GET 200 https://registry.npmjs.org/typed-array-byte-length/-/typed-array-byte-length-1.0.3.tgz 30827ms (cache miss)
4344 http fetch GET 200 https://registry.npmjs.org/typed-array-buffer/-/typed-array-buffer-1.0.3.tgz 30837ms (cache miss)
4345 http fetch GET 200 https://registry.npmjs.org/stop-iteration-iterator/-/stop-iteration-iterator-1.1.0.tgz 31059ms (cache miss)
4346 http fetch GET 200 https://registry.npmjs.org/typed-array-byte-offset/-/typed-array-byte-offset-1.0.4.tgz 31099ms (cache miss)
4347 http fetch GET 200 https://registry.npmjs.org/set-proto/-/set-proto-1.0.0.tgz 31095ms (cache miss)
4348 http fetch GET 200 https://registry.npmjs.org/regexp.prototype.flags/-/regexp.prototype.flags-1.5.4.tgz 31134ms (cache miss)
4349 http fetch GET 200 https://registry.npmjs.org/safe-regex-test/-/safe-regex-test-1.1.0.tgz 31136ms (cache miss)
4350 http fetch GET 200 https://registry.npmjs.org/safe-push-apply/-/safe-push-apply-1.0.0.tgz 31135ms (cache miss)
4351 http fetch GET 200 https://registry.npmjs.org/string.prototype.trimstart/-/string.prototype.trimstart-1.0.8.tgz 31141ms (cache miss)
4352 http fetch GET 200 https://registry.npmjs.org/damerau-levenshtein/-/damerau-levenshtein-1.0.8.tgz 31158ms (cache miss)
4353 http fetch GET 200 https://registry.npmjs.org/safe-array-concat/-/safe-array-concat-1.1.4.tgz 31137ms (cache miss)
4354 http fetch GET 200 https://registry.npmjs.org/es-abstract-get/-/es-abstract-get-1.0.0.tgz 31151ms (cache miss)
4355 http fetch GET 200 https://registry.npmjs.org/is-typed-array/-/is-typed-array-1.1.15.tgz 31170ms (cache miss)
4356 http fetch GET 200 https://registry.npmjs.org/is-shared-array-buffer/-/is-shared-array-buffer-1.0.4.tgz 31170ms (cache miss)
4357 http fetch GET 200 https://registry.npmjs.org/is-weakref/-/is-weakref-1.1.1.tgz 31173ms (cache miss)
4358 http fetch GET 200 https://registry.npmjs.org/is-data-view/-/is-data-view-1.0.2.tgz 31169ms (cache miss)
4359 http fetch GET 200 https://registry.npmjs.org/copy-anything/-/copy-anything-4.0.5.tgz 31760ms (cache miss)
4360 http fetch GET 200 https://registry.npmjs.org/is-callable/-/is-callable-1.2.7.tgz 31618ms (cache miss)
4361 http fetch GET 200 https://registry.npmjs.org/is-date-object/-/is-date-object-1.1.0.tgz 31647ms (cache miss)
4362 http fetch GET 200 https://registry.npmjs.org/has-symbols/-/has-symbols-1.1.0.tgz 31619ms (cache miss)
4363 http fetch GET 200 https://registry.npmjs.org/is-array-buffer/-/is-array-buffer-3.0.5.tgz 31620ms (cache miss)
4364 http fetch GET 200 https://registry.npmjs.org/has-proto/-/has-proto-1.2.0.tgz 31621ms (cache miss)
4365 http fetch GET 200 https://registry.npmjs.org/get-symbol-description/-/get-symbol-description-1.1.0.tgz 31618ms (cache miss)
4366 http fetch GET 200 https://registry.npmjs.org/internal-slot/-/internal-slot-1.1.0.tgz 31620ms (cache miss)
4367 http fetch GET 200 https://registry.npmjs.org/es-to-primitive/-/es-to-primitive-1.3.4.tgz 31649ms (cache miss)
4368 http fetch GET 200 https://registry.npmjs.org/gensync/-/gensync-1.0.0-beta.2.tgz 31718ms (cache miss)
4369 http fetch GET 200 https://registry.npmjs.org/perfect-debounce/-/perfect-debounce-2.1.0.tgz 31922ms (cache miss)
4370 http fetch GET 200 https://registry.npmjs.org/function.prototype.name/-/function.prototype.name-1.2.0.tgz 31774ms (cache miss)
4371 http fetch GET 200 https://registry.npmjs.org/data-view-byte-offset/-/data-view-byte-offset-1.0.1.tgz 31775ms (cache miss)
4372 http fetch GET 200 https://registry.npmjs.org/available-typed-arrays/-/available-typed-arrays-1.0.7.tgz 31775ms (cache miss)
4373 http fetch GET 200 https://registry.npmjs.org/data-view-buffer/-/data-view-buffer-1.0.2.tgz 31798ms (cache miss)
4374 http fetch GET 200 https://registry.npmjs.org/array-buffer-byte-length/-/array-buffer-byte-length-1.0.2.tgz 31797ms (cache miss)
4375 http fetch GET 200 https://registry.npmjs.org/es-set-tostringtag/-/es-set-tostringtag-2.1.0.tgz 31805ms (cache miss)
4376 http fetch GET 200 https://registry.npmjs.org/gopd/-/gopd-1.2.0.tgz 31843ms (cache miss)
4377 http fetch GET 200 https://registry.npmjs.org/set-function-length/-/set-function-length-1.2.2.tgz 31843ms (cache miss)
4378 http fetch GET 200 https://registry.npmjs.org/object-keys/-/object-keys-1.1.1.tgz 31844ms (cache miss)
4379 http fetch GET 200 https://registry.npmjs.org/data-view-byte-length/-/data-view-byte-length-1.0.2.tgz 31855ms (cache miss)
4380 http fetch GET 200 https://registry.npmjs.org/has-property-descriptors/-/has-property-descriptors-1.0.2.tgz 31849ms (cache miss)
4381 http fetch GET 200 https://registry.npmjs.org/define-data-property/-/define-data-property-1.1.4.tgz 31856ms (cache miss)
4382 http fetch GET 200 https://registry.npmjs.org/function-bind/-/function-bind-1.1.2.tgz 31856ms (cache miss)
4383 http fetch GET 200 https://registry.npmjs.org/es-define-property/-/es-define-property-1.0.1.tgz 31856ms (cache miss)
4384 http fetch GET 200 https://registry.npmjs.org/call-bind-apply-helpers/-/call-bind-apply-helpers-1.0.2.tgz 31856ms (cache miss)
4385 http fetch GET 200 https://registry.npmjs.org/es-shim-unscopables/-/es-shim-unscopables-1.1.0.tgz 31888ms (cache miss)
4386 http fetch GET 200 https://registry.npmjs.org/is-string/-/is-string-1.1.1.tgz 31956ms (cache miss)
4387 http fetch GET 200 https://registry.npmjs.org/math-intrinsics/-/math-intrinsics-1.1.0.tgz 31960ms (cache miss)
4388 http fetch GET 200 https://registry.npmjs.org/es-errors/-/es-errors-1.3.0.tgz 31968ms (cache miss)
4389 http fetch GET 200 https://registry.npmjs.org/es-object-atoms/-/es-object-atoms-1.1.2.tgz 31969ms (cache miss)
4390 http fetch GET 200 https://registry.npmjs.org/define-properties/-/define-properties-1.2.1.tgz 31967ms (cache miss)
4391 http fetch GET 200 https://registry.npmjs.org/string.prototype.trimend/-/string.prototype.trimend-1.0.10.tgz 31990ms (cache miss)
4392 http fetch GET 200 https://registry.npmjs.org/is-regex/-/is-regex-1.2.1.tgz 32080ms (cache miss)
4393 http fetch GET 200 https://registry.npmjs.org/object.groupby/-/object.groupby-1.0.3.tgz 32049ms (cache miss)
4394 http fetch GET 200 https://registry.npmjs.org/object.fromentries/-/object.fromentries-2.0.8.tgz 32049ms (cache miss)
4395 http fetch GET 200 https://registry.npmjs.org/array.prototype.flatmap/-/array.prototype.flatmap-1.3.3.tgz 32046ms (cache miss)
4396 http fetch GET 200 https://registry.npmjs.org/hasown/-/hasown-2.0.4.tgz 32050ms (cache miss)
4397 http fetch GET 200 https://registry.npmjs.org/array-includes/-/array-includes-3.1.9.tgz 32045ms (cache miss)
4398 http fetch GET 200 https://registry.npmjs.org/array.prototype.findlastindex/-/array.prototype.findlastindex-1.2.6.tgz 32047ms (cache miss)
4399 http fetch GET 200 https://registry.npmjs.org/array.prototype.flat/-/array.prototype.flat-1.3.3.tgz 32122ms (cache miss)
4400 http fetch GET 200 https://registry.npmjs.org/call-bound/-/call-bound-1.0.4.tgz 32136ms (cache miss)
4401 http fetch GET 200 https://registry.npmjs.org/@rtsao/scc/-/scc-1.1.0.tgz 32209ms (cache miss)
4402 http fetch GET 200 https://registry.npmjs.org/stable-hash/-/stable-hash-0.0.5.tgz 32209ms (cache miss)
4403 http fetch GET 200 https://registry.npmjs.org/is-bun-module/-/is-bun-module-2.0.0.tgz 32230ms (cache miss)
4404 http fetch GET 200 https://registry.npmjs.org/@nolyfill/is-core-module/-/is-core-module-1.0.39.tgz 32230ms (cache miss)
4405 http fetch GET 200 https://registry.npmjs.org/is-core-module/-/is-core-module-2.16.2.tgz 32229ms (cache miss)
4406 http fetch GET 200 https://registry.npmjs.org/typescript-eslint/-/typescript-eslint-8.63.0.tgz 32298ms (cache miss)
4407 http fetch GET 200 https://registry.npmjs.org/call-bind/-/call-bind-1.0.9.tgz 32463ms (cache miss)
4408 http fetch GET 200 https://registry.npmjs.org/eslint-import-resolver-node/-/eslint-import-resolver-node-0.3.10.tgz 32528ms (cache miss)
4409 http fetch GET 200 https://registry.npmjs.org/which/-/which-2.0.2.tgz 32528ms (cache miss)
4410 http fetch GET 200 https://registry.npmjs.org/ms/-/ms-2.1.3.tgz 32528ms (cache miss)
4411 http fetch GET 200 https://registry.npmjs.org/shebang-command/-/shebang-command-2.0.0.tgz 32526ms (cache miss)
4412 http fetch GET 200 https://registry.npmjs.org/path-key/-/path-key-3.1.1.tgz 32526ms (cache miss)
4413 http fetch GET 200 https://registry.npmjs.org/json-schema-traverse/-/json-schema-traverse-0.4.1.tgz 32525ms (cache miss)
4414 http fetch GET 200 https://registry.npmjs.org/@humanfs/types/-/types-0.15.0.tgz 32531ms (cache miss)
4415 http fetch GET 200 https://registry.npmjs.org/@types/json-schema/-/json-schema-7.0.15.tgz 32530ms (cache miss)
4416 http fetch GET 200 https://registry.npmjs.org/unrs-resolver/-/unrs-resolver-1.12.2.tgz 32559ms (cache miss)
4417 http fetch GET 200 https://registry.npmjs.org/optionator/-/optionator-0.9.4.tgz 32524ms (cache miss)
4418 http fetch GET 200 https://registry.npmjs.org/natural-compare/-/natural-compare-1.4.0.tgz 32524ms (cache miss)
4419 http fetch GET 200 https://registry.npmjs.org/json-stable-stringify-without-jsonify/-/json-stable-stringify-without-jsonify-1.0.1.tgz 32561ms (cache miss)
4420 http fetch GET 200 https://registry.npmjs.org/imurmurhash/-/imurmurhash-0.1.4.tgz 32559ms (cache miss)
4421 http fetch GET 200 https://registry.npmjs.org/file-entry-cache/-/file-entry-cache-8.0.0.tgz 32625ms (cache miss)
4422 http fetch GET 200 https://registry.npmjs.org/find-up/-/find-up-5.0.0.tgz 32625ms (cache miss)
4423 http fetch GET 200 https://registry.npmjs.org/fast-deep-equal/-/fast-deep-equal-3.1.3.tgz 32624ms (cache miss)
4424 http fetch GET 200 https://registry.npmjs.org/esutils/-/esutils-2.0.3.tgz 32625ms (cache miss)
4425 http fetch GET 200 https://registry.npmjs.org/is-glob/-/is-glob-4.0.3.tgz 32635ms (cache miss)
4426 http fetch GET 200 https://registry.npmjs.org/escape-string-regexp/-/escape-string-regexp-4.0.0.tgz 32625ms (cache miss)
4427 http fetch GET 200 https://registry.npmjs.org/eslint-visitor-keys/-/eslint-visitor-keys-5.0.1.tgz 32626ms (cache miss)
4428 http fetch GET 200 https://registry.npmjs.org/@humanfs/node/-/node-0.16.8.tgz 32624ms (cache miss)
4429 http fetch GET 200 https://registry.npmjs.org/@types/estree/-/estree-1.0.9.tgz 32623ms (cache miss)
4430 http fetch GET 200 https://registry.npmjs.org/@humanwhocodes/retry/-/retry-0.4.3.tgz 32622ms (cache miss)
4431 http fetch GET 200 https://registry.npmjs.org/update-browserslist-db/-/update-browserslist-db-1.2.3.tgz 32620ms (cache miss)
4432 http fetch GET 200 https://registry.npmjs.org/nanostores/-/nanostores-1.4.0.tgz 32642ms (cache miss)
4433 http fetch GET 200 https://registry.npmjs.org/defu/-/defu-6.1.7.tgz 32641ms (cache miss)
4434 http fetch GET 200 https://registry.npmjs.org/@better-auth/kysely-adapter/-/kysely-adapter-1.6.23.tgz 32679ms (cache miss)
4435 http fetch GET 200 https://registry.npmjs.org/@standard-schema/spec/-/spec-1.1.0.tgz 32694ms (cache miss)
4436 http fetch GET 200 https://registry.npmjs.org/@better-auth/telemetry/-/telemetry-1.6.23.tgz 32683ms (cache miss)
4437 http fetch GET 200 https://registry.npmjs.org/picocolors/-/picocolors-1.1.1.tgz 32726ms (cache miss)
4438 http fetch GET 200 https://registry.npmjs.org/postcss-value-parser/-/postcss-value-parser-4.2.0.tgz 32728ms (cache miss)
4439 http fetch GET 200 https://registry.npmjs.org/@better-auth/memory-adapter/-/memory-adapter-1.6.23.tgz 32812ms (cache miss)
4440 http fetch GET 200 https://registry.npmjs.org/object-hash/-/object-hash-3.0.0.tgz 33314ms (cache miss)
4441 http fetch GET 200 https://registry.npmjs.org/glob-parent/-/glob-parent-6.0.2.tgz 33133ms (cache miss)
4442 http fetch GET 200 https://registry.npmjs.org/get-proto/-/get-proto-1.0.1.tgz 33327ms (cache miss)
4443 http fetch GET 200 https://registry.npmjs.org/@humanwhocodes/module-importer/-/module-importer-1.0.1.tgz 33358ms (cache miss)
4444 http fetch GET 200 https://registry.npmjs.org/next-themes/-/next-themes-0.4.6.tgz 33391ms (cache miss)
4445 http fetch GET 200 https://registry.npmjs.org/eslint-config-next/-/eslint-config-next-16.2.10.tgz 33385ms (cache miss)
4446 http fetch GET 200 https://registry.npmjs.org/clsx/-/clsx-2.1.1.tgz 33650ms (cache miss)
4447 http fetch GET 200 https://registry.npmjs.org/@types/react-dom/-/react-dom-19.2.3.tgz 33722ms (cache miss)
4448 http fetch GET 200 https://registry.npmjs.org/node-releases/-/node-releases-2.0.50.tgz 34501ms (cache miss)
4449 http fetch GET 200 https://registry.npmjs.org/sqlstring/-/sqlstring-2.3.3.tgz 35321ms (cache miss)
4450 http fetch GET 200 https://registry.npmjs.org/exsolve/-/exsolve-1.1.0.tgz 35369ms (cache miss)
4451 http fetch GET 200 https://registry.npmjs.org/@better-auth/prisma-adapter/-/prisma-adapter-1.6.23.tgz 35107ms (cache miss)
4452 http fetch GET 200 https://registry.npmjs.org/class-variance-authority/-/class-variance-authority-0.7.1.tgz 35162ms (cache miss)
4453 http fetch GET 200 https://registry.npmjs.org/balanced-match/-/balanced-match-1.0.2.tgz 35218ms (cache miss)
4454 http fetch GET 200 https://registry.npmjs.org/minimatch/-/minimatch-3.1.5.tgz 35223ms (cache miss)
4455 http fetch GET 200 https://registry.npmjs.org/glob-parent/-/glob-parent-5.1.2.tgz 35228ms (cache miss)
4456 http fetch GET 200 https://registry.npmjs.org/readdirp/-/readdirp-3.6.0.tgz 35211ms (cache miss)
4457 http fetch GET 200 https://registry.npmjs.org/eslint-visitor-keys/-/eslint-visitor-keys-3.4.3.tgz 35214ms (cache miss)
4458 http fetch GET 200 https://registry.npmjs.org/signal-exit/-/signal-exit-3.0.7.tgz 35492ms (cache miss)
4459 http fetch GET 200 https://registry.npmjs.org/arg/-/arg-5.0.2.tgz 35930ms (cache miss)
4460 http fetch GET 200 https://registry.npmjs.org/graceful-fs/-/graceful-fs-4.2.11.tgz 36071ms (cache miss)
4461 http fetch GET 200 https://registry.npmjs.org/@babel/code-frame/-/code-frame-7.29.7.tgz 36083ms (cache miss)
4462 http fetch GET 200 https://registry.npmjs.org/estraverse/-/estraverse-5.3.0.tgz 36538ms (cache miss)
4463 http fetch GET 200 https://registry.npmjs.org/cssesc/-/cssesc-3.0.0.tgz 37019ms (cache miss)
4464 http fetch GET 200 https://registry.npmjs.org/commander/-/commander-4.1.1.tgz 37062ms (cache miss)
4465 http fetch GET 200 https://registry.npmjs.org/generate-function/-/generate-function-2.3.1.tgz 37213ms (cache miss)
4466 http fetch GET 200 https://registry.npmjs.org/@prisma/debug/-/debug-7.2.0.tgz 36928ms (cache miss)
4467 http fetch GET 200 https://registry.npmjs.org/@better-auth/mongo-adapter/-/mongo-adapter-1.6.23.tgz 37249ms (cache miss)
4468 http fetch GET 200 https://registry.npmjs.org/balanced-match/-/balanced-match-1.0.2.tgz 37343ms (cache miss)
4469 http fetch GET 200 https://registry.npmjs.org/balanced-match/-/balanced-match-1.0.2.tgz 37339ms (cache miss)
4470 http fetch GET 200 https://registry.npmjs.org/minimatch/-/minimatch-3.1.5.tgz 37335ms (cache miss)
4471 http fetch GET 200 https://registry.npmjs.org/minimatch/-/minimatch-3.1.5.tgz 37339ms (cache miss)
4472 http fetch GET 200 https://registry.npmjs.org/glob-parent/-/glob-parent-5.1.2.tgz 37327ms (cache miss)
4473 http fetch GET 200 https://registry.npmjs.org/glob-parent/-/glob-parent-5.1.2.tgz 37323ms (cache miss)
4474 http fetch GET 200 https://registry.npmjs.org/chokidar/-/chokidar-5.0.0.tgz 37849ms (cache miss)
4475 http fetch GET 200 https://registry.npmjs.org/is-async-function/-/is-async-function-2.1.1.tgz 37957ms (cache miss)
4476 http fetch GET 200 https://registry.npmjs.org/@better-auth/drizzle-adapter/-/drizzle-adapter-1.6.23.tgz 37573ms (cache miss)
4477 http fetch GET 200 https://registry.npmjs.org/@hono%2fnode-server 38694ms (cache miss)
4478 silly packumentCache corgi:https://registry.npmjs.org/@hono%2fnode-server set size:undefined disposed:false
4479 http fetch GET 200 https://registry.npmjs.org/@typescript-eslint/parser/-/parser-8.63.0.tgz 40015ms (cache miss)
4480 http fetch GET 200 https://registry.npmjs.org/ignore/-/ignore-5.3.2.tgz 40135ms (cache miss)
4481 http fetch GET 200 https://registry.npmjs.org/semver/-/semver-6.3.1.tgz 41245ms (cache miss)
4482 http fetch GET 200 https://registry.npmjs.org/levn/-/levn-0.4.1.tgz 41216ms (cache miss)
4483 http fetch GET 200 https://registry.npmjs.org/flat-cache/-/flat-cache-4.0.1.tgz 41403ms (cache miss)
4484 http fetch GET 200 https://registry.npmjs.org/@eslint/core/-/core-1.2.1.tgz 41349ms (cache miss)
4485 http fetch GET 200 https://registry.npmjs.org/is-number-object/-/is-number-object-1.1.1.tgz 41861ms (cache miss)
4486 http fetch GET 200 https://registry.npmjs.org/c12/-/c12-3.3.4.tgz 42297ms (cache miss)
4487 http fetch GET 200 https://registry.npmjs.org/ignore/-/ignore-7.0.5.tgz 42009ms (cache miss)
4488 http fetch GET 200 https://registry.npmjs.org/rc9/-/rc9-3.0.1.tgz 42852ms (cache miss)
4489 http fetch GET 200 https://registry.npmjs.org/fdir/-/fdir-6.5.0.tgz 43876ms (cache miss)
4490 http fetch GET 200 https://registry.npmjs.org/std-env/-/std-env-3.10.0.tgz 45844ms (cache miss)
4491 http fetch GET 200 https://registry.npmjs.org/set-cookie-parser/-/set-cookie-parser-3.1.1.tgz 45593ms (cache miss)
4492 http fetch GET 200 https://registry.npmjs.org/postcss-load-config/-/postcss-load-config-6.0.1.tgz 46749ms (cache miss)
4493 http fetch GET 200 https://registry.npmjs.org/supports-preserve-symlinks-flag/-/supports-preserve-symlinks-flag-1.0.0.tgz 46733ms (cache miss)
4494 http fetch GET 200 https://registry.npmjs.org/globals/-/globals-16.4.0.tgz 46487ms (cache miss)
4495 http fetch GET 200 https://registry.npmjs.org/debug/-/debug-4.4.3.tgz 46560ms (cache miss)
4496 http fetch GET 200 https://registry.npmjs.org/@prisma/debug/-/debug-7.8.0.tgz 46843ms (cache miss)
4497 http fetch GET 200 https://registry.npmjs.org/mz/-/mz-2.7.0.tgz 47303ms (cache miss)
4498 http fetch GET 200 https://registry.npmjs.org/tinyglobby/-/tinyglobby-0.2.17.tgz 47117ms (cache miss)
4499 http fetch GET 200 https://registry.npmjs.org/rou3/-/rou3-0.7.12.tgz 47576ms (cache miss)
4500 http fetch GET 200 https://registry.npmjs.org/graphmatch/-/graphmatch-1.1.1.tgz 48335ms (cache miss)
4501 http fetch GET 200 https://registry.npmjs.org/functions-have-names/-/functions-have-names-1.2.3.tgz 60118ms (cache miss)
4502 http fetch GET 200 https://registry.npmjs.org/destr/-/destr-2.0.5.tgz 60218ms (cache miss)
4503 http fetch GET 200 https://registry.npmjs.org/is-finalizationregistry/-/is-finalizationregistry-1.1.1.tgz 60330ms (cache miss)
4504 http fetch GET 200 https://registry.npmjs.org/seq-queue/-/seq-queue-0.0.5.tgz 60442ms (cache miss)
4505 http fetch GET 200 https://registry.npmjs.org/safer-buffer/-/safer-buffer-2.1.2.tgz 60448ms (cache miss)
4506 http fetch GET 200 https://registry.npmjs.org/@img/colour/-/colour-1.1.0.tgz 60461ms (cache miss)
4507 http fetch GET 200 https://registry.npmjs.org/which-builtin-type/-/which-builtin-type-1.2.1.tgz 60505ms (cache miss)
4508 http fetch GET 200 https://registry.npmjs.org/get-intrinsic/-/get-intrinsic-1.3.0.tgz 60308ms (cache miss)
4509 http fetch GET 200 https://registry.npmjs.org/@jridgewell/resolve-uri/-/resolve-uri-3.1.2.tgz 60558ms (cache miss)
4510 http fetch GET 200 https://registry.npmjs.org/side-channel-map/-/side-channel-map-1.0.1.tgz 60801ms (cache miss)
4511 http fetch GET 200 https://registry.npmjs.org/@radix-ui/react-toggle/-/react-toggle-1.1.10.tgz 60887ms (cache miss)
4512 http fetch GET 200 https://registry.npmjs.org/@radix-ui/react-use-controllable-state/-/react-use-controllable-state-1.2.2.tgz 60968ms (cache miss)
4513 http fetch GET 200 https://registry.npmjs.org/deepmerge-ts/-/deepmerge-ts-7.1.5.tgz 60943ms (cache miss)
4514 http fetch GET 200 https://registry.npmjs.org/@kurkle/color/-/color-0.3.4.tgz 61205ms (cache miss)
4515 http fetch GET 200 https://registry.npmjs.org/is-weakmap/-/is-weakmap-2.0.2.tgz 61302ms (cache miss)
4516 http fetch GET 200 https://registry.npmjs.org/side-channel-weakmap/-/side-channel-weakmap-1.0.2.tgz 61783ms (cache miss)
4517 http fetch GET 200 https://registry.npmjs.org/eslint-import-resolver-typescript/-/eslint-import-resolver-typescript-3.10.1.tgz 63060ms (cache miss)
4518 http fetch GET 200 https://registry.npmjs.org/typed-array-length/-/typed-array-length-1.0.8.tgz 63163ms (cache miss)
4519 http fetch GET 200 https://registry.npmjs.org/own-keys/-/own-keys-1.0.1.tgz 63221ms (cache miss)
4520 http fetch GET 200 https://registry.npmjs.org/get-tsconfig/-/get-tsconfig-4.14.0.tgz 63238ms (cache miss)
4521 http fetch GET 200 https://registry.npmjs.org/is-weakset/-/is-weakset-2.0.4.tgz 63718ms (cache miss)
4522 http fetch GET 200 https://registry.npmjs.org/is-map/-/is-map-2.0.3.tgz 63722ms (cache miss)
4523 http fetch GET 200 https://registry.npmjs.org/doctrine/-/doctrine-2.1.0.tgz 63432ms (cache miss)
4524 http fetch GET 200 https://registry.npmjs.org/picomatch/-/picomatch-2.3.2.tgz 63678ms (cache miss)
4525 http fetch GET 200 https://registry.npmjs.org/chokidar/-/chokidar-3.6.0.tgz 63533ms (cache miss)
4526 http fetch GET 200 https://registry.npmjs.org/ts-api-utils/-/ts-api-utils-2.5.0.tgz 64095ms (cache miss)
4527 http fetch GET 200 https://registry.npmjs.org/browserslist/-/browserslist-4.28.5.tgz 67445ms (cache miss)
4528 http fetch GET 200 https://registry.npmjs.org/long/-/long-5.3.2.tgz 69208ms (cache miss)
4529 http fetch GET 200 https://registry.npmjs.org/unbox-primitive/-/unbox-primitive-1.1.0.tgz 69046ms (cache miss)
4530 http fetch GET 200 https://registry.npmjs.org/for-each/-/for-each-0.3.5.tgz 69265ms (cache miss)
4531 http fetch GET 200 https://registry.npmjs.org/postcss 68681ms (cache miss)
4532 silly packumentCache corgi:https://registry.npmjs.org/postcss set size:undefined disposed:false
4533 http fetch GET 200 https://registry.npmjs.org/debug/-/debug-3.2.7.tgz 69131ms (cache miss)
4534 http fetch GET 200 https://registry.npmjs.org/is-negative-zero/-/is-negative-zero-2.0.3.tgz 69376ms (cache miss)
4535 http fetch GET 200 https://registry.npmjs.org/debug/-/debug-3.2.7.tgz 69183ms (cache miss)
4536 http fetch GET 200 https://registry.npmjs.org/prelude-ls/-/prelude-ls-1.2.1.tgz 69478ms (cache miss)
4537 http fetch GET 200 https://registry.npmjs.org/is-symbol/-/is-symbol-1.1.1.tgz 69428ms (cache miss)
4538 http fetch GET 200 https://registry.npmjs.org/debug/-/debug-3.2.7.tgz 69289ms (cache miss)
4539 http fetch GET 200 https://registry.npmjs.org/cross-spawn/-/cross-spawn-7.0.6.tgz 69387ms (cache miss)
4540 http fetch GET 200 https://registry.npmjs.org/generator-function/-/generator-function-2.0.1.tgz 69774ms (cache miss)
4541 http fetch GET 200 https://registry.npmjs.org/which-typed-array/-/which-typed-array-1.1.22.tgz 69528ms (cache miss)
4542 http fetch GET 200 https://registry.npmjs.org/better-result/-/better-result-2.9.2.tgz 69659ms (cache miss)
4543 http fetch GET 200 https://registry.npmjs.org/sonner/-/sonner-2.0.7.tgz 69593ms (cache miss)
4544 http fetch GET 200 https://registry.npmjs.org/async-function/-/async-function-1.0.0.tgz 70265ms (cache miss)
4545 http fetch GET 200 https://registry.npmjs.org/baseline-browser-mapping/-/baseline-browser-mapping-2.10.42.tgz 69942ms (cache miss)
4546 http fetch GET 200 https://registry.npmjs.org/prop-types/-/prop-types-15.8.1.tgz 70243ms (cache miss)
4547 http fetch GET 200 https://registry.npmjs.org/is-set/-/is-set-2.0.3.tgz 70210ms (cache miss)
4548 http fetch GET 200 https://registry.npmjs.org/esbuild/-/esbuild-0.28.1.tgz 71496ms (cache miss)
4549 http fetch GET 200 https://registry.npmjs.org/@prisma/engines/-/engines-7.8.0.tgz 71526ms (cache miss)
4550 http fetch GET 200 https://registry.npmjs.org/tslib/-/tslib-2.8.1.tgz 71545ms (cache miss)
4551 http fetch GET 200 https://registry.npmjs.org/electron-to-chromium/-/electron-to-chromium-1.5.389.tgz 71455ms (cache miss)
4552 http fetch GET 200 https://registry.npmjs.org/picomatch/-/picomatch-4.0.5.tgz 71533ms (cache miss)
4553 http fetch GET 200 https://registry.npmjs.org/@eslint-community/regexpp/-/regexpp-4.12.2.tgz 72957ms (cache miss)
4554 http fetch GET 200 https://registry.npmjs.org/@better-fetch/fetch/-/fetch-1.3.1.tgz 72990ms (cache miss)
4555 silly packumentCache corgi:https://registry.npmjs.org/next cache-miss
4556 http fetch GET 200 https://registry.npmjs.org/string.prototype.trim/-/string.prototype.trim-1.2.11.tgz 73775ms (cache miss)
4557 http fetch GET 200 https://registry.npmjs.org/json-schema-traverse/-/json-schema-traverse-1.0.0.tgz 73590ms (cache miss)
4558 http fetch GET 200 https://registry.npmjs.org/@eslint/object-schema/-/object-schema-3.0.5.tgz 73728ms (cache miss)
4559 http fetch GET 200 https://registry.npmjs.org/@humanfs/core/-/core-0.19.2.tgz 73736ms (cache miss)
4560 http fetch GET 200 https://registry.npmjs.org/reflect.getprototypeof/-/reflect.getprototypeof-1.0.10.tgz 74072ms (cache miss)
4561 http fetch GET 200 https://registry.npmjs.org/dotenv/-/dotenv-17.4.2.tgz 74001ms (cache miss)
4562 http fetch GET 200 https://registry.npmjs.org/flatted/-/flatted-3.4.2.tgz 73978ms (cache miss)
4563 http fetch GET 200 https://registry.npmjs.org/@eslint-community/eslint-utils/-/eslint-utils-4.9.1.tgz 73964ms (cache miss)
4564 http fetch GET 200 https://registry.npmjs.org/@eslint/config-helpers/-/config-helpers-0.6.0.tgz 74016ms (cache miss)
4565 http fetch GET 200 https://registry.npmjs.org/arraybuffer.prototype.slice/-/arraybuffer.prototype.slice-1.0.4.tgz 74430ms (cache miss)
4566 http fetch GET 200 https://registry.npmjs.org/postcss-import/-/postcss-import-15.1.0.tgz 74675ms (cache miss)
4567 http fetch GET 200 https://registry.npmjs.org/json5/-/json5-1.0.2.tgz 74318ms (cache miss)
4568 http fetch GET 200 https://registry.npmjs.org/@typescript-eslint/types/-/types-8.63.0.tgz 74996ms (cache miss)
4569 http fetch GET 200 https://registry.npmjs.org/espree/-/espree-11.2.0.tgz 74922ms (cache miss)
4570 http fetch GET 200 https://registry.npmjs.org/emoji-regex/-/emoji-regex-9.2.2.tgz 75099ms (cache miss)
4571 http fetch GET 200 https://registry.npmjs.org/object.values/-/object.values-1.2.1.tgz 75405ms (cache miss)
4572 http fetch GET 200 https://registry.npmjs.org/globalthis/-/globalthis-1.0.4.tgz 75435ms (cache miss)
4573 http fetch GET 200 https://registry.npmjs.org/@eslint/plugin-kit/-/plugin-kit-0.7.2.tgz 75381ms (cache miss)
4574 http fetch GET 200 https://registry.npmjs.org/retry/-/retry-0.12.0.tgz 75870ms (cache miss)
4575 http fetch GET 200 https://registry.npmjs.org/brace-expansion/-/brace-expansion-5.0.7.tgz 75920ms (cache miss)
4576 http fetch GET 200 https://registry.npmjs.org/pathe/-/pathe-2.0.3.tgz 75970ms (cache miss)
4577 http fetch GET 200 https://registry.npmjs.org/acorn/-/acorn-8.17.0.tgz 75959ms (cache miss)
4578 http fetch GET 200 https://registry.npmjs.org/aws-ssl-profiles/-/aws-ssl-profiles-1.1.2.tgz 76675ms (cache miss)
4579 http fetch GET 200 https://registry.npmjs.org/fast-json-stable-stringify/-/fast-json-stable-stringify-2.1.0.tgz 76452ms (cache miss)
4580 http fetch GET 200 https://registry.npmjs.org/eslint-scope/-/eslint-scope-9.1.2.tgz 76437ms (cache miss)
4581 http fetch GET 200 https://registry.npmjs.org/zod-validation-error/-/zod-validation-error-4.0.2.tgz 76808ms (cache miss)
4582 http fetch GET 200 https://registry.npmjs.org/giget/-/giget-3.3.0.tgz 77281ms (cache miss)
4583 http fetch GET 200 https://registry.npmjs.org/source-map-js/-/source-map-js-1.2.1.tgz 77258ms (cache miss)
4584 http fetch GET 200 https://registry.npmjs.org/ohash/-/ohash-2.0.11.tgz 77777ms (cache miss)
4585 http fetch GET 200 https://registry.npmjs.org/csstype/-/csstype-3.2.3.tgz 77497ms (cache miss)
4586 http fetch GET 200 https://registry.npmjs.org/object.assign/-/object.assign-4.1.7.tgz 77712ms (cache miss)
4587 http fetch GET 200 https://registry.npmjs.org/hermes-estree/-/hermes-estree-0.25.1.tgz 77868ms (cache miss)
4588 http fetch GET 200 https://registry.npmjs.org/@babel/helper-module-transforms/-/helper-module-transforms-7.29.7.tgz 78019ms (cache miss)
4589 http fetch GET 200 https://registry.npmjs.org/@types/react/-/react-19.2.17.tgz 77917ms (cache miss)
4590 http fetch GET 200 https://registry.npmjs.org/@babel/template/-/template-7.29.7.tgz 78402ms (cache miss)
4591 http fetch GET 200 https://registry.npmjs.org/fraction.js/-/fraction.js-5.3.4.tgz 78953ms (cache miss)
4592 http fetch GET 200 https://registry.npmjs.org/nanoid/-/nanoid-3.3.15.tgz 79365ms (cache miss)
4593 http fetch GET 200 https://registry.npmjs.org/minimist/-/minimist-1.2.8.tgz 79539ms (cache miss)
4594 http fetch GET 200 https://registry.npmjs.org/json5/-/json5-2.2.3.tgz 79429ms (cache miss)
4595 http fetch GET 200 https://registry.npmjs.org/brace-expansion/-/brace-expansion-1.1.16.tgz 79183ms (cache miss)
4596 http fetch GET 200 https://registry.npmjs.org/brace-expansion/-/brace-expansion-1.1.16.tgz 79194ms (cache miss)
4597 http fetch GET 200 https://registry.npmjs.org/brace-expansion/-/brace-expansion-1.1.16.tgz 79236ms (cache miss)
4598 http fetch GET 200 https://registry.npmjs.org/@eslint/config-array/-/config-array-0.23.5.tgz 79391ms (cache miss)
4599 http fetch GET 200 https://registry.npmjs.org/@prisma/client-runtime-utils/-/client-runtime-utils-7.8.0.tgz 79734ms (cache miss)
4600 http fetch GET 200 https://registry.npmjs.org/eslint-module-utils/-/eslint-module-utils-2.14.0.tgz 79906ms (cache miss)
4601 http fetch GET 200 https://registry.npmjs.org/@unrs/resolver-binding-win32-x64-msvc/-/resolver-binding-win32-x64-msvc-1.12.2.tgz 81087ms (cache miss)
4602 http fetch GET 200 https://registry.npmjs.org/esquery/-/esquery-1.7.0.tgz 80888ms (cache miss)
4603 http fetch GET 200 https://registry.npmjs.org/valibot/-/valibot-1.2.0.tgz 81937ms (cache miss)
4604 http fetch GET 200 https://registry.npmjs.org/styled-jsx/-/styled-jsx-5.1.6.tgz 81918ms (cache miss)
4605 http fetch GET 200 https://registry.npmjs.org/react/-/react-19.2.7.tgz 81729ms (cache miss)
4606 http fetch GET 200 https://registry.npmjs.org/@jridgewell/sourcemap-codec/-/sourcemap-codec-1.5.5.tgz 82101ms (cache miss)
4607 http fetch GET 200 https://registry.npmjs.org/node-exports-info/-/node-exports-info-1.6.2.tgz 82349ms (cache miss)
4608 http fetch GET 200 https://registry.npmjs.org/zeptomatch/-/zeptomatch-2.1.0.tgz 82480ms (cache miss)
4609 http fetch GET 200 https://registry.npmjs.org/@babel/parser/-/parser-7.29.7.tgz 83841ms (cache miss)
4610 http fetch GET 200 https://registry.npmjs.org/any-promise/-/any-promise-1.3.0.tgz 84034ms (cache miss)
4611 http fetch GET 200 https://registry.npmjs.org/fast-uri/-/fast-uri-3.1.3.tgz 84792ms (cache miss)
4612 http fetch GET 200 https://registry.npmjs.org/@electric-sql/pglite-socket/-/pglite-socket-0.1.1.tgz 84662ms (cache miss)
4613 http fetch GET 200 https://registry.npmjs.org/confbox/-/confbox-0.2.4.tgz 84769ms (cache miss)
4614 http fetch GET 200 https://registry.npmjs.org/object-inspect/-/object-inspect-1.13.4.tgz 84968ms (cache miss)
4615 http fetch GET 200 https://registry.npmjs.org/@jridgewell/gen-mapping/-/gen-mapping-0.3.13.tgz 85071ms (cache miss)
4616 http fetch GET 200 https://registry.npmjs.org/iconv-lite/-/iconv-lite-0.7.3.tgz 85350ms (cache miss)
4617 http fetch GET 200 https://registry.npmjs.org/undici-types/-/undici-types-8.3.0.tgz 88089ms (cache miss)
4618 http fetch GET 200 https://registry.npmjs.org/jiti/-/jiti-2.7.0.tgz 89777ms (cache miss)
4619 http fetch GET 200 https://registry.npmjs.org/language-subtag-registry/-/language-subtag-registry-0.3.23.tgz 89929ms (cache miss)
4620 http fetch GET 200 https://registry.npmjs.org/http-status-codes/-/http-status-codes-2.3.0.tgz 90043ms (cache miss)
4621 http fetch GET 200 https://registry.npmjs.org/jiti/-/jiti-1.21.7.tgz 90266ms (cache miss)
4622 http fetch GET 200 https://registry.npmjs.org/@prisma/streams-local/-/streams-local-0.1.2.tgz 91158ms (cache miss)
4623 http fetch GET 200 https://registry.npmjs.org/sharp/-/sharp-0.34.5.tgz 95314ms (cache miss)
4624 http fetch GET 200 https://registry.npmjs.org/superjson/-/superjson-2.2.6.tgz 98601ms (cache miss)
4625 http fetch GET 200 https://registry.npmjs.org/postgres/-/postgres-3.4.7.tgz 135829ms (cache miss)
4626 http fetch GET 200 https://registry.npmjs.org/@electric-sql/pglite-tools/-/pglite-tools-0.3.1.tgz 136005ms (cache miss)
4627 http fetch GET 200 https://registry.npmjs.org/tailwind-merge/-/tailwind-merge-3.6.0.tgz 136941ms (cache miss)
4628 http fetch GET 200 https://registry.npmjs.org/foreground-child/-/foreground-child-3.3.1.tgz 139203ms (cache miss)
4629 http fetch GET 200 https://registry.npmjs.org/postcss-selector-parser/-/postcss-selector-parser-6.1.4.tgz 139373ms (cache miss)
4630 http fetch GET 200 https://registry.npmjs.org/@typescript-eslint/type-utils/-/type-utils-8.63.0.tgz 141105ms (cache miss)
4631 http fetch GET 200 https://registry.npmjs.org/@noble/ciphers/-/ciphers-2.2.0.tgz 141223ms (cache miss)
4632 http fetch GET 200 https://registry.npmjs.org/@prisma/get-platform/-/get-platform-7.2.0.tgz 142016ms (cache miss)
4633 http fetch GET 200 https://registry.npmjs.org/eslint-plugin-react-hooks/-/eslint-plugin-react-hooks-7.1.1.tgz 144956ms (cache miss)
4634 http fetch GET 200 https://registry.npmjs.org/@prisma/fetch-engine/-/fetch-engine-7.8.0.tgz 146953ms (cache miss)
4635 http fetch GET 200 https://registry.npmjs.org/@prisma/get-platform/-/get-platform-7.8.0.tgz 146929ms (cache miss)
4636 http fetch GET 200 https://registry.npmjs.org/semver/-/semver-7.8.5.tgz 146936ms (cache miss)
4637 http fetch GET 200 https://registry.npmjs.org/semver/-/semver-7.8.5.tgz 147080ms (cache miss)
4638 http fetch GET 200 https://registry.npmjs.org/semver/-/semver-7.8.5.tgz 147108ms (cache miss)
4639 http fetch GET 200 https://registry.npmjs.org/@prisma/get-platform/-/get-platform-7.8.0.tgz 147603ms (cache miss)
4640 http fetch GET 200 https://registry.npmjs.org/@jridgewell/trace-mapping/-/trace-mapping-0.3.31.tgz 148028ms (cache miss)
4641 http fetch GET 200 https://registry.npmjs.org/postcss/-/postcss-8.5.16.tgz 154649ms (cache miss)
4642 http fetch GET 200 https://registry.npmjs.org/postcss/-/postcss-8.4.31.tgz 156190ms (cache miss)
4643 http fetch GET 200 https://registry.npmjs.org/@hono/node-server/-/node-server-1.19.11.tgz 158239ms (cache miss)
4644 http fetch GET 200 https://registry.npmjs.org/@babel/generator/-/generator-7.29.7.tgz 159278ms (cache miss)
4645 http fetch GET 200 https://registry.npmjs.org/@prisma/query-plan-executor/-/query-plan-executor-7.2.0.tgz 159417ms (cache miss)
4646 http fetch GET 200 https://registry.npmjs.org/axe-core/-/axe-core-4.12.1.tgz 159982ms (cache miss)
4647 http fetch GET 200 https://registry.npmjs.org/tsx/-/tsx-4.23.0.tgz 160535ms (cache miss)
4648 http fetch GET 200 https://registry.npmjs.org/hermes-parser/-/hermes-parser-0.25.1.tgz 171743ms (cache miss)
4649 http fetch GET 200 https://registry.npmjs.org/@next/eslint-plugin-next/-/eslint-plugin-next-16.2.10.tgz 173478ms (cache miss)
4650 http fetch GET 200 https://registry.npmjs.org/uri-js/-/uri-js-4.4.1.tgz 174545ms (cache miss)
4651 http fetch GET 200 https://registry.npmjs.org/@better-auth/utils/-/utils-0.4.2.tgz 174493ms (cache miss)
4652 http fetch GET 200 https://registry.npmjs.org/fast-glob/-/fast-glob-3.3.1.tgz 176532ms (cache miss)
4653 http fetch GET 200 https://registry.npmjs.org/minimatch/-/minimatch-10.2.5.tgz 176725ms (cache miss)
4654 http fetch GET 200 https://registry.npmjs.org/fast-glob/-/fast-glob-3.3.3.tgz 176707ms (cache miss)
4655 http fetch GET 200 https://registry.npmjs.org/@noble/hashes/-/hashes-2.2.0.tgz 186347ms (cache miss)
4656 http fetch GET 200 https://registry.npmjs.org/@trpc/react-query/-/react-query-11.18.0.tgz 189950ms (cache miss)
4657 http fetch GET 200 https://registry.npmjs.org/tsconfig-paths/-/tsconfig-paths-3.15.0.tgz 192905ms (cache miss)
4658 http fetch GET 200 https://registry.npmjs.org/@babel/traverse/-/traverse-7.29.7.tgz 193937ms (cache miss)
4659 http fetch GET 200 https://registry.npmjs.org/better-call/-/better-call-1.3.7.tgz 200039ms (cache miss)
4660 http fetch GET 200 https://registry.npmjs.org/@types/node/-/node-26.1.1.tgz 201563ms (cache miss)
4661 http fetch GET 200 https://registry.npmjs.org/autoprefixer/-/autoprefixer-10.5.2.tgz 203303ms (cache miss)
4662 http fetch GET 200 https://registry.npmjs.org/@typescript-eslint/typescript-estree/-/typescript-estree-8.63.0.tgz 206039ms (cache miss)
4663 http fetch GET 200 https://registry.npmjs.org/@typescript-eslint/utils/-/utils-8.63.0.tgz 206283ms (cache miss)
4664 http fetch GET 200 https://registry.npmjs.org/pure-rand/-/pure-rand-6.1.0.tgz 208021ms (cache miss)
4665 http fetch GET 200 https://registry.npmjs.org/react-dom/-/react-dom-19.2.7.tgz 211856ms (cache miss)
4666 http fetch GET 200 https://registry.npmjs.org/ajv/-/ajv-6.15.0.tgz 214287ms (cache miss)
4667 http fetch GET 200 https://registry.npmjs.org/es-iterator-helpers/-/es-iterator-helpers-1.3.3.tgz 217804ms (cache miss)
4668 http fetch GET 200 https://registry.npmjs.org/resolve/-/resolve-1.22.12.tgz 218546ms (cache miss)
4669 http fetch GET 200 https://registry.npmjs.org/resolve/-/resolve-1.22.12.tgz 218517ms (cache miss)
4670 http fetch GET 200 https://registry.npmjs.org/jsx-ast-utils/-/jsx-ast-utils-3.3.5.tgz 220727ms (cache miss)
4671 http fetch GET 200 https://registry.npmjs.org/@better-auth-ui/core/-/core-1.6.27.tgz 222030ms (cache miss)
4672 http fetch GET 200 https://registry.npmjs.org/@esbuild/win32-x64/-/win32-x64-0.28.1.tgz 225008ms (cache miss)
4673 http fetch GET 200 https://registry.npmjs.org/resolve/-/resolve-2.0.0-next.7.tgz 225176ms (cache miss)
4674 http fetch GET 200 https://registry.npmjs.org/jose/-/jose-6.2.3.tgz 225180ms (cache miss)
