0 verbose cli C:\Program Files\nodejs\node.exe C:\Program Files\nodejs\node_modules\npm\bin\npm-cli.js
1 info using npm@11.16.0
2 info using node@v26.3.0
3 silly config load:file:C:\Program Files\nodejs\node_modules\npm\npmrc
4 silly config load:file:C:\Users\Savad\Documents\Codex\2026-07-08\vo\ai-text-audio-saas\.npmrc
5 silly config load:file:C:\Users\Savad\.npmrc
6 silly config load:file:C:\Users\Savad\AppData\Roaming\npm\etc\npmrc
7 verbose title npm install
8 verbose argv "install" "--legacy-peer-deps" "--cache" ".npm-cache"
9 verbose logfile logs-max:10 dir:C:\Users\Savad\Documents\Codex\2026-07-08\vo\ai-text-audio-saas\.npm-cache\_logs\2026-07-08T16_02_19_712Z-
10 verbose logfile C:\Users\Savad\Documents\Codex\2026-07-08\vo\ai-text-audio-saas\.npm-cache\_logs\2026-07-08T16_02_19_712Z-debug-0.log
11 silly logfile done cleaning log files
12 silly packumentCache heap:4395630592 maxSize:1098907648 maxEntrySize:549453824
13 silly idealTree buildDeps
14 silly fetch manifest @better-auth-ui/core@latest
15 silly packumentCache full:https://registry.npmjs.org/@better-auth-ui%2fcore cache-miss
16 http fetch GET 200 https://registry.npmjs.org/@better-auth-ui%2fcore 988ms (cache revalidated)
17 silly packumentCache full:https://registry.npmjs.org/@better-auth-ui%2fcore set size:56164 disposed:false
18 silly fetch manifest @better-auth-ui/react@latest
19 silly packumentCache full:https://registry.npmjs.org/@better-auth-ui%2freact cache-miss
20 http fetch GET 200 https://registry.npmjs.org/@better-auth-ui%2freact 597ms (cache revalidated)
21 silly packumentCache full:https://registry.npmjs.org/@better-auth-ui%2freact set size:84802 disposed:false
22 silly fetch manifest @better-auth/prisma-adapter@latest
23 silly packumentCache full:https://registry.npmjs.org/@better-auth%2fprisma-adapter cache-miss
24 http fetch GET 200 https://registry.npmjs.org/@better-auth%2fprisma-adapter 239ms (cache revalidated)
25 silly packumentCache full:https://registry.npmjs.org/@better-auth%2fprisma-adapter set size:156710 disposed:false
26 silly fetch manifest @prisma/client@latest
27 silly packumentCache full:https://registry.npmjs.org/@prisma%2fclient cache-miss
28 http fetch GET 200 https://registry.npmjs.org/@prisma%2fclient 863ms (cache revalidated)
29 silly packumentCache full:https://registry.npmjs.org/@prisma%2fclient set size:67900403 disposed:false
30 silly fetch manifest @tanstack/react-query@latest
31 silly packumentCache full:https://registry.npmjs.org/@tanstack%2freact-query cache-miss
32 http fetch GET 200 https://registry.npmjs.org/@tanstack%2freact-query 190ms (cache revalidated)
33 silly packumentCache full:https://registry.npmjs.org/@tanstack%2freact-query set size:1616681 disposed:false
34 silly fetch manifest @trpc/client@latest
35 silly packumentCache full:https://registry.npmjs.org/@trpc%2fclient cache-miss
36 http fetch GET 200 https://registry.npmjs.org/@trpc%2fclient 188ms (cache revalidated)
37 silly packumentCache full:https://registry.npmjs.org/@trpc%2fclient set size:4424122 disposed:false
38 silly fetch manifest @trpc/react-query@latest
39 silly packumentCache full:https://registry.npmjs.org/@trpc%2freact-query cache-miss
40 http fetch GET 200 https://registry.npmjs.org/@trpc%2freact-query 181ms (cache revalidated)
41 silly packumentCache full:https://registry.npmjs.org/@trpc%2freact-query set size:3212212 disposed:false
42 silly fetch manifest @trpc/server@latest
43 silly packumentCache full:https://registry.npmjs.org/@trpc%2fserver cache-miss
44 http fetch GET 200 https://registry.npmjs.org/@trpc%2fserver 332ms (cache revalidated)
45 silly packumentCache full:https://registry.npmjs.org/@trpc%2fserver set size:6454268 disposed:false
46 silly fetch manifest class-variance-authority@latest
47 silly packumentCache full:https://registry.npmjs.org/class-variance-authority cache-miss
48 http fetch GET 200 https://registry.npmjs.org/class-variance-authority 213ms (cache revalidated)
49 silly packumentCache full:https://registry.npmjs.org/class-variance-authority set size:96388 disposed:false
50 silly fetch manifest clsx@latest
51 silly packumentCache full:https://registry.npmjs.org/clsx cache-miss
52 http fetch GET 200 https://registry.npmjs.org/clsx 133ms (cache revalidated)
53 silly packumentCache full:https://registry.npmjs.org/clsx set size:42506 disposed:false
54 silly fetch manifest lucide-react@latest
55 silly packumentCache full:https://registry.npmjs.org/lucide-react cache-miss
56 http fetch GET 200 https://registry.npmjs.org/lucide-react 135ms (cache revalidated)
57 silly packumentCache full:https://registry.npmjs.org/lucide-react set size:2284680 disposed:false
58 silly fetch manifest next@latest
59 silly packumentCache full:https://registry.npmjs.org/next cache-miss
60 http fetch GET 200 https://registry.npmjs.org/next 246ms (cache revalidated)
61 silly packumentCache full:https://registry.npmjs.org/next set size:30917576 disposed:false
62 silly fetch manifest next-themes@latest
63 silly packumentCache full:https://registry.npmjs.org/next-themes cache-miss
64 http fetch GET 200 https://registry.npmjs.org/next-themes 143ms (cache revalidated)
65 silly packumentCache full:https://registry.npmjs.org/next-themes set size:162039 disposed:false
66 silly fetch manifest react@latest
67 silly packumentCache full:https://registry.npmjs.org/react cache-miss
68 http fetch GET 200 https://registry.npmjs.org/react 155ms (cache revalidated)
69 silly packumentCache full:https://registry.npmjs.org/react set size:6774230 disposed:false
70 silly fetch manifest react-dom@latest
71 silly packumentCache full:https://registry.npmjs.org/react-dom cache-miss
72 http fetch GET 200 https://registry.npmjs.org/react-dom 168ms (cache revalidated)
73 silly packumentCache full:https://registry.npmjs.org/react-dom set size:9069682 disposed:false
74 silly fetch manifest sonner@latest
75 silly packumentCache full:https://registry.npmjs.org/sonner cache-miss
76 http fetch GET 200 https://registry.npmjs.org/sonner 592ms (cache revalidated)
77 silly packumentCache full:https://registry.npmjs.org/sonner set size:143249 disposed:false
78 silly fetch manifest superjson@latest
79 silly packumentCache full:https://registry.npmjs.org/superjson cache-miss
80 http fetch GET 200 https://registry.npmjs.org/superjson 186ms (cache revalidated)
81 silly packumentCache full:https://registry.npmjs.org/superjson set size:214255 disposed:false
82 silly fetch manifest tailwind-merge@latest
83 silly packumentCache full:https://registry.npmjs.org/tailwind-merge cache-miss
84 http fetch GET 200 https://registry.npmjs.org/tailwind-merge 140ms (cache revalidated)
85 silly packumentCache full:https://registry.npmjs.org/tailwind-merge set size:1649411 disposed:false
86 silly fetch manifest zod@latest
87 silly packumentCache full:https://registry.npmjs.org/zod cache-miss
88 http fetch GET 200 https://registry.npmjs.org/zod 151ms (cache revalidated)
89 silly packumentCache full:https://registry.npmjs.org/zod set size:3552562 disposed:false
90 silly fetch manifest @types/node@latest
91 silly packumentCache full:https://registry.npmjs.org/@types%2fnode cache-miss
92 http fetch GET 200 https://registry.npmjs.org/@types%2fnode 191ms (cache revalidated)
93 silly packumentCache full:https://registry.npmjs.org/@types%2fnode set size:11080817 disposed:false
94 silly fetch manifest @types/react@latest
95 silly packumentCache full:https://registry.npmjs.org/@types%2freact cache-miss
96 http fetch GET 200 https://registry.npmjs.org/@types%2freact 165ms (cache revalidated)
97 silly packumentCache full:https://registry.npmjs.org/@types%2freact set size:2632776 disposed:false
98 silly fetch manifest @types/react-dom@latest
99 silly packumentCache full:https://registry.npmjs.org/@types%2freact-dom cache-miss
100 http fetch GET 200 https://registry.npmjs.org/@types%2freact-dom 195ms (cache revalidated)
101 silly packumentCache full:https://registry.npmjs.org/@types%2freact-dom set size:429026 disposed:false
102 silly fetch manifest autoprefixer@latest
103 silly packumentCache full:https://registry.npmjs.org/autoprefixer cache-miss
104 http fetch GET 200 https://registry.npmjs.org/autoprefixer 147ms (cache revalidated)
105 silly packumentCache full:https://registry.npmjs.org/autoprefixer set size:1343077 disposed:false
106 silly fetch manifest eslint@latest
107 silly packumentCache full:https://registry.npmjs.org/eslint cache-miss
108 http fetch GET 200 https://registry.npmjs.org/eslint 350ms (cache revalidated)
109 silly packumentCache full:https://registry.npmjs.org/eslint set size:2019015 disposed:false
110 silly fetch manifest eslint-config-next@latest
111 silly packumentCache full:https://registry.npmjs.org/eslint-config-next cache-miss
112 http fetch GET 200 https://registry.npmjs.org/eslint-config-next 199ms (cache revalidated)
113 silly packumentCache full:https://registry.npmjs.org/eslint-config-next set size:6884898 disposed:false
114 silly fetch manifest postcss@latest
115 silly packumentCache full:https://registry.npmjs.org/postcss cache-miss
116 http fetch GET 200 https://registry.npmjs.org/postcss 151ms (cache revalidated)
117 silly packumentCache full:https://registry.npmjs.org/postcss set size:726591 disposed:false
118 silly fetch manifest prisma@latest
119 silly packumentCache full:https://registry.npmjs.org/prisma cache-miss
120 http fetch GET 200 https://registry.npmjs.org/prisma 484ms (cache revalidated)
121 silly packumentCache full:https://registry.npmjs.org/prisma set size:43294110 disposed:false
122 silly fetch manifest tailwindcss@^3.4.17
123 silly packumentCache full:https://registry.npmjs.org/tailwindcss cache-miss
124 http fetch GET 200 https://registry.npmjs.org/tailwindcss 566ms (cache revalidated)
125 silly packumentCache full:https://registry.npmjs.org/tailwindcss set size:10749446 disposed:false
126 silly fetch manifest tsx@latest
127 silly packumentCache full:https://registry.npmjs.org/tsx cache-miss
128 http fetch GET 200 https://registry.npmjs.org/tsx 147ms (cache revalidated)
129 silly packumentCache full:https://registry.npmjs.org/tsx set size:309686 disposed:false
130 silly fetch manifest typescript@latest
131 silly packumentCache full:https://registry.npmjs.org/typescript cache-miss
132 http fetch GET 200 https://registry.npmjs.org/typescript 180ms (cache revalidated)
133 silly packumentCache full:https://registry.npmjs.org/typescript set size:15418681 disposed:false
134 silly placeDep ROOT @better-auth-ui/core@1.6.27 REPLACE for: ai-text-audio-saas@0.1.0 want: latest
135 silly placeDep ROOT @better-auth-ui/react@1.6.27 REPLACE for: ai-text-audio-saas@0.1.0 want: latest
136 silly placeDep ROOT @better-auth/prisma-adapter@1.6.23 REPLACE for: ai-text-audio-saas@0.1.0 want: latest
137 silly placeDep ROOT @prisma/client@7.8.0 REPLACE for: ai-text-audio-saas@0.1.0 want: latest
138 silly placeDep ROOT @tanstack/react-query@5.101.2 REPLACE for: ai-text-audio-saas@0.1.0 want: latest
139 silly placeDep ROOT @trpc/client@11.18.0 REPLACE for: ai-text-audio-saas@0.1.0 want: latest
140 silly placeDep ROOT @trpc/react-query@11.18.0 REPLACE for: ai-text-audio-saas@0.1.0 want: latest
141 silly placeDep ROOT @trpc/server@11.18.0 REPLACE for: ai-text-audio-saas@0.1.0 want: latest
142 silly placeDep ROOT @types/node@26.1.1 REPLACE for: ai-text-audio-saas@0.1.0 want: latest
143 silly placeDep ROOT @types/react@19.2.17 REPLACE for: ai-text-audio-saas@0.1.0 want: latest
144 silly placeDep ROOT @types/react-dom@19.2.3 REPLACE for: ai-text-audio-saas@0.1.0 want: latest
145 silly placeDep ROOT autoprefixer@10.5.2 REPLACE for: ai-text-audio-saas@0.1.0 want: latest
146 silly placeDep ROOT class-variance-authority@0.7.1 REPLACE for: ai-text-audio-saas@0.1.0 want: latest
147 silly placeDep ROOT clsx@2.1.1 REPLACE for: ai-text-audio-saas@0.1.0 want: latest
148 silly placeDep ROOT eslint@10.6.0 REPLACE for: ai-text-audio-saas@0.1.0 want: latest
149 silly placeDep ROOT eslint-config-next@16.2.10 REPLACE for: ai-text-audio-saas@0.1.0 want: latest
150 silly placeDep ROOT lucide-react@1.23.0 REPLACE for: ai-text-audio-saas@0.1.0 want: latest
151 silly placeDep ROOT next@16.2.10 REPLACE for: ai-text-audio-saas@0.1.0 want: latest
152 silly placeDep ROOT next-themes@0.4.6 REPLACE for: ai-text-audio-saas@0.1.0 want: latest
153 silly placeDep ROOT postcss@8.5.16 REPLACE for: ai-text-audio-saas@0.1.0 want: latest
154 silly placeDep ROOT prisma@7.8.0 REPLACE for: ai-text-audio-saas@0.1.0 want: latest
155 silly placeDep ROOT react@19.2.7 REPLACE for: ai-text-audio-saas@0.1.0 want: latest
156 silly placeDep ROOT react-dom@19.2.7 REPLACE for: ai-text-audio-saas@0.1.0 want: latest
157 silly placeDep ROOT sonner@2.0.7 REPLACE for: ai-text-audio-saas@0.1.0 want: latest
158 silly placeDep ROOT superjson@2.2.6 REPLACE for: ai-text-audio-saas@0.1.0 want: latest
159 silly placeDep ROOT tailwind-merge@3.6.0 REPLACE for: ai-text-audio-saas@0.1.0 want: latest
160 silly placeDep ROOT tailwindcss@3.4.19 REPLACE for: ai-text-audio-saas@0.1.0 want: ^3.4.17
161 silly placeDep ROOT tsx@4.23.0 REPLACE for: ai-text-audio-saas@0.1.0 want: latest
162 silly placeDep ROOT typescript@7.0.2 REPLACE for: ai-text-audio-saas@0.1.0 want: latest
163 silly placeDep ROOT zod@4.4.3 REPLACE for: ai-text-audio-saas@0.1.0 want: latest
164 silly fetch manifest @tanstack/query-core@5.101.2
165 silly packumentCache full:https://registry.npmjs.org/@tanstack%2fquery-core cache-miss
166 silly fetch manifest caniuse-lite@^1.0.30001799
167 silly packumentCache full:https://registry.npmjs.org/caniuse-lite cache-miss
168 silly fetch manifest eslint-plugin-react@^7.37.0
169 silly packumentCache full:https://registry.npmjs.org/eslint-plugin-react cache-miss
170 silly fetch manifest eslint-plugin-jsx-a11y@^6.10.0
171 silly packumentCache full:https://registry.npmjs.org/eslint-plugin-jsx-a11y cache-miss
172 silly fetch manifest @swc/helpers@0.5.15
173 silly packumentCache full:https://registry.npmjs.org/@swc%2fhelpers cache-miss
174 silly fetch manifest caniuse-lite@^1.0.30001579
175 silly packumentCache full:https://registry.npmjs.org/caniuse-lite cache-miss
176 silly fetch manifest @next/swc-darwin-x64@16.2.10
177 silly packumentCache full:https://registry.npmjs.org/@next%2fswc-darwin-x64 cache-miss
178 http fetch GET 200 https://registry.npmjs.org/@tanstack%2fquery-core 197ms (cache revalidated)
179 silly packumentCache full:https://registry.npmjs.org/@tanstack%2fquery-core set size:1106098 disposed:false
180 silly fetch manifest @next/swc-darwin-arm64@16.2.10
181 silly packumentCache full:https://registry.npmjs.org/@next%2fswc-darwin-arm64 cache-miss
182 http fetch GET 200 https://registry.npmjs.org/caniuse-lite 898ms (cache revalidated)
183 silly packumentCache full:https://registry.npmjs.org/caniuse-lite set size:2302908 disposed:false
184 silly fetch manifest @next/swc-linux-x64-gnu@16.2.10
185 silly packumentCache full:https://registry.npmjs.org/@next%2fswc-linux-x64-gnu cache-miss
186 http fetch GET 200 https://registry.npmjs.org/eslint-plugin-jsx-a11y 916ms (cache revalidated)
187 silly packumentCache full:https://registry.npmjs.org/eslint-plugin-jsx-a11y set size:280052 disposed:false
188 silly fetch manifest @next/swc-linux-x64-musl@16.2.10
189 silly packumentCache full:https://registry.npmjs.org/@next%2fswc-linux-x64-musl cache-miss
190 http fetch GET 200 https://registry.npmjs.org/caniuse-lite 924ms (cache revalidated)
191 silly packumentCache full:https://registry.npmjs.org/caniuse-lite set size:2302908 disposed:false
192 silly fetch manifest @next/swc-linux-arm64-gnu@16.2.10
193 silly packumentCache full:https://registry.npmjs.org/@next%2fswc-linux-arm64-gnu cache-miss
194 http fetch GET 200 https://registry.npmjs.org/@next%2fswc-darwin-arm64 728ms (cache revalidated)
195 silly packumentCache full:https://registry.npmjs.org/@next%2fswc-darwin-arm64 set size:5393547 disposed:false
196 silly fetch manifest @next/swc-linux-arm64-musl@16.2.10
197 silly packumentCache full:https://registry.npmjs.org/@next%2fswc-linux-arm64-musl cache-miss
198 http fetch GET 200 https://registry.npmjs.org/eslint-plugin-react 964ms (cache revalidated)
199 silly packumentCache full:https://registry.npmjs.org/eslint-plugin-react set size:646827 disposed:false
200 silly fetch manifest @next/swc-win32-arm64-msvc@16.2.10
201 silly packumentCache full:https://registry.npmjs.org/@next%2fswc-win32-arm64-msvc cache-miss
202 http fetch GET 200 https://registry.npmjs.org/@swc%2fhelpers 976ms (cache revalidated)
203 silly packumentCache full:https://registry.npmjs.org/@swc%2fhelpers set size:775458 disposed:false
204 silly fetch manifest @prisma/studio-core@0.27.3
205 silly packumentCache full:https://registry.npmjs.org/@prisma%2fstudio-core cache-miss
206 http fetch GET 200 https://registry.npmjs.org/@next%2fswc-darwin-x64 991ms (cache revalidated)
207 silly packumentCache full:https://registry.npmjs.org/@next%2fswc-darwin-x64 set size:5335339 disposed:false
208 silly fetch manifest sucrase@^3.35.0
209 silly packumentCache full:https://registry.npmjs.org/sucrase cache-miss
210 http fetch GET 200 https://registry.npmjs.org/sucrase 155ms (cache revalidated)
211 silly packumentCache full:https://registry.npmjs.org/sucrase set size:449399 disposed:false
212 silly fetch manifest fsevents@~2.3.3
213 silly packumentCache full:https://registry.npmjs.org/fsevents cache-miss
214 http fetch GET 200 https://registry.npmjs.org/@next%2fswc-linux-x64-musl 296ms (cache revalidated)
215 silly packumentCache full:https://registry.npmjs.org/@next%2fswc-linux-x64-musl set size:5200481 disposed:false
216 silly fetch manifest @typescript/typescript-win32-x64@7.0.2
217 silly packumentCache full:https://registry.npmjs.org/@typescript%2ftypescript-win32-x64 cache-miss
218 http fetch GET 200 https://registry.npmjs.org/@next%2fswc-win32-arm64-msvc 280ms (cache revalidated)
219 silly packumentCache full:https://registry.npmjs.org/@next%2fswc-win32-arm64-msvc set size:5229993 disposed:false
220 silly fetch manifest @typescript/typescript-win32-arm64@7.0.2
221 silly packumentCache full:https://registry.npmjs.org/@typescript%2ftypescript-win32-arm64 cache-miss
222 http fetch GET 200 https://registry.npmjs.org/@next%2fswc-linux-x64-gnu 381ms (cache revalidated)
223 silly packumentCache full:https://registry.npmjs.org/@next%2fswc-linux-x64-gnu set size:5444563 disposed:false
224 silly fetch manifest @typescript/typescript-linux-x64@7.0.2
225 silly packumentCache full:https://registry.npmjs.org/@typescript%2ftypescript-linux-x64 cache-miss
226 http fetch GET 200 https://registry.npmjs.org/@next%2fswc-linux-arm64-gnu 402ms (cache revalidated)
227 silly packumentCache full:https://registry.npmjs.org/@next%2fswc-linux-arm64-gnu set size:5248486 disposed:false
228 silly fetch manifest @typescript/typescript-linux-arm@7.0.2
229 silly packumentCache full:https://registry.npmjs.org/@typescript%2ftypescript-linux-arm cache-miss
230 http fetch GET 200 https://registry.npmjs.org/@next%2fswc-linux-arm64-musl 402ms (cache revalidated)
231 silly packumentCache full:https://registry.npmjs.org/@next%2fswc-linux-arm64-musl set size:5266948 disposed:false
232 silly fetch manifest @typescript/typescript-linux-arm64@7.0.2
233 silly packumentCache full:https://registry.npmjs.org/@typescript%2ftypescript-linux-arm64 cache-miss
234 http fetch GET 200 https://registry.npmjs.org/@prisma%2fstudio-core 416ms (cache revalidated)
235 silly packumentCache full:https://registry.npmjs.org/@prisma%2fstudio-core set size:7244165 disposed:false
236 silly fetch manifest @typescript/typescript-darwin-x64@7.0.2
237 silly packumentCache full:https://registry.npmjs.org/@typescript%2ftypescript-darwin-x64 cache-miss
238 http fetch GET 200 https://registry.npmjs.org/@typescript%2ftypescript-win32-arm64 188ms (cache revalidated)
239 silly packumentCache full:https://registry.npmjs.org/@typescript%2ftypescript-win32-arm64 set size:6086 disposed:false
240 silly fetch manifest @typescript/typescript-darwin-arm64@7.0.2
241 silly packumentCache full:https://registry.npmjs.org/@typescript%2ftypescript-darwin-arm64 cache-miss
242 http fetch GET 200 https://registry.npmjs.org/@typescript%2ftypescript-win32-x64 229ms (cache revalidated)
243 silly packumentCache full:https://registry.npmjs.org/@typescript%2ftypescript-win32-x64 set size:6047 disposed:false
244 silly fetch manifest @typescript/typescript-aix-ppc64@7.0.2
245 silly packumentCache full:https://registry.npmjs.org/@typescript%2ftypescript-aix-ppc64 cache-miss
246 http fetch GET 200 https://registry.npmjs.org/fsevents 271ms (cache revalidated)
247 silly packumentCache full:https://registry.npmjs.org/fsevents set size:182472 disposed:false
248 silly fetch manifest @typescript/typescript-freebsd-arm64@7.0.2
249 silly packumentCache full:https://registry.npmjs.org/@typescript%2ftypescript-freebsd-arm64 cache-miss
250 http fetch GET 200 https://registry.npmjs.org/@typescript%2ftypescript-linux-x64 159ms (cache revalidated)
251 silly packumentCache full:https://registry.npmjs.org/@typescript%2ftypescript-linux-x64 set size:6048 disposed:false
252 silly fetch manifest @typescript/typescript-freebsd-x64@7.0.2
253 silly packumentCache full:https://registry.npmjs.org/@typescript%2ftypescript-freebsd-x64 cache-miss
254 http fetch GET 200 https://registry.npmjs.org/@typescript%2ftypescript-linux-arm 182ms (cache revalidated)
255 silly packumentCache full:https://registry.npmjs.org/@typescript%2ftypescript-linux-arm set size:6045 disposed:false
256 silly fetch manifest @typescript/typescript-linux-loong64@7.0.2
257 silly packumentCache full:https://registry.npmjs.org/@typescript%2ftypescript-linux-loong64 cache-miss
258 http fetch GET 200 https://registry.npmjs.org/@typescript%2ftypescript-linux-arm64 210ms (cache revalidated)
259 silly packumentCache full:https://registry.npmjs.org/@typescript%2ftypescript-linux-arm64 set size:6086 disposed:false
260 silly fetch manifest @typescript/typescript-linux-mips64el@7.0.2
261 silly packumentCache full:https://registry.npmjs.org/@typescript%2ftypescript-linux-mips64el cache-miss
262 http fetch GET 200 https://registry.npmjs.org/@typescript%2ftypescript-darwin-x64 169ms (cache revalidated)
263 silly packumentCache full:https://registry.npmjs.org/@typescript%2ftypescript-darwin-x64 set size:6065 disposed:false
264 silly fetch manifest @typescript/typescript-linux-ppc64@7.0.2
265 silly packumentCache full:https://registry.npmjs.org/@typescript%2ftypescript-linux-ppc64 cache-miss
266 http fetch GET 200 https://registry.npmjs.org/@typescript%2ftypescript-aix-ppc64 155ms (cache revalidated)
267 silly packumentCache full:https://registry.npmjs.org/@typescript%2ftypescript-aix-ppc64 set size:6049 disposed:false
268 silly fetch manifest @typescript/typescript-linux-riscv64@7.0.2
269 silly packumentCache full:https://registry.npmjs.org/@typescript%2ftypescript-linux-riscv64 cache-miss
270 http fetch GET 200 https://registry.npmjs.org/@typescript%2ftypescript-darwin-arm64 161ms (cache revalidated)
271 silly packumentCache full:https://registry.npmjs.org/@typescript%2ftypescript-darwin-arm64 set size:6107 disposed:false
272 silly fetch manifest @typescript/typescript-linux-s390x@7.0.2
273 silly packumentCache full:https://registry.npmjs.org/@typescript%2ftypescript-linux-s390x cache-miss
274 http fetch GET 200 https://registry.npmjs.org/@typescript%2ftypescript-freebsd-arm64 159ms (cache revalidated)
275 silly packumentCache full:https://registry.npmjs.org/@typescript%2ftypescript-freebsd-arm64 set size:6126 disposed:false
276 silly fetch manifest @typescript/typescript-netbsd-arm64@7.0.2
277 silly packumentCache full:https://registry.npmjs.org/@typescript%2ftypescript-netbsd-arm64 cache-miss
278 http fetch GET 200 https://registry.npmjs.org/@typescript%2ftypescript-freebsd-x64 155ms (cache revalidated)
279 silly packumentCache full:https://registry.npmjs.org/@typescript%2ftypescript-freebsd-x64 set size:6088 disposed:false
280 silly fetch manifest @typescript/typescript-netbsd-x64@7.0.2
281 silly packumentCache full:https://registry.npmjs.org/@typescript%2ftypescript-netbsd-x64 cache-miss
282 http fetch GET 200 https://registry.npmjs.org/@typescript%2ftypescript-linux-loong64 684ms (cache revalidated)
283 silly packumentCache full:https://registry.npmjs.org/@typescript%2ftypescript-linux-loong64 set size:6127 disposed:false
284 silly fetch manifest @typescript/typescript-openbsd-arm64@7.0.2
285 silly packumentCache full:https://registry.npmjs.org/@typescript%2ftypescript-openbsd-arm64 cache-miss
286 http fetch GET 200 https://registry.npmjs.org/@typescript%2ftypescript-linux-mips64el 668ms (cache revalidated)
287 silly packumentCache full:https://registry.npmjs.org/@typescript%2ftypescript-linux-mips64el set size:6146 disposed:false
288 silly fetch manifest @typescript/typescript-openbsd-x64@7.0.2
289 silly packumentCache full:https://registry.npmjs.org/@typescript%2ftypescript-openbsd-x64 cache-miss
290 http fetch GET 200 https://registry.npmjs.org/@typescript%2ftypescript-linux-s390x 637ms (cache revalidated)
291 silly packumentCache full:https://registry.npmjs.org/@typescript%2ftypescript-linux-s390x set size:6086 disposed:false
292 silly fetch manifest @typescript/typescript-sunos-x64@7.0.2
293 silly packumentCache full:https://registry.npmjs.org/@typescript%2ftypescript-sunos-x64 cache-miss
294 http fetch GET 200 https://registry.npmjs.org/@typescript%2ftypescript-linux-riscv64 642ms (cache revalidated)
295 silly packumentCache full:https://registry.npmjs.org/@typescript%2ftypescript-linux-riscv64 set size:6127 disposed:false
296 http fetch GET 200 https://registry.npmjs.org/@typescript%2ftypescript-linux-ppc64 644ms (cache revalidated)
297 silly packumentCache full:https://registry.npmjs.org/@typescript%2ftypescript-linux-ppc64 set size:6087 disposed:false
298 http fetch GET 200 https://registry.npmjs.org/@typescript%2ftypescript-netbsd-arm64 635ms (cache revalidated)
299 silly packumentCache full:https://registry.npmjs.org/@typescript%2ftypescript-netbsd-arm64 set size:6109 disposed:false
300 http fetch GET 200 https://registry.npmjs.org/@typescript%2ftypescript-netbsd-x64 635ms (cache revalidated)
301 silly packumentCache full:https://registry.npmjs.org/@typescript%2ftypescript-netbsd-x64 set size:6065 disposed:false
302 http fetch GET 200 https://registry.npmjs.org/@typescript%2ftypescript-sunos-x64 139ms (cache revalidated)
303 silly packumentCache full:https://registry.npmjs.org/@typescript%2ftypescript-sunos-x64 set size:6046 disposed:false
304 http fetch GET 200 https://registry.npmjs.org/@typescript%2ftypescript-openbsd-x64 145ms (cache revalidated)
305 silly packumentCache full:https://registry.npmjs.org/@typescript%2ftypescript-openbsd-x64 set size:6086 disposed:false
306 http fetch GET 200 https://registry.npmjs.org/@typescript%2ftypescript-openbsd-arm64 151ms (cache revalidated)
307 silly packumentCache full:https://registry.npmjs.org/@typescript%2ftypescript-openbsd-arm64 set size:6126 disposed:false
308 silly fetch manifest @babel/types@^7.29.7
309 silly packumentCache full:https://registry.npmjs.org/@babel%2ftypes cache-miss
310 http fetch GET 200 https://registry.npmjs.org/@babel%2ftypes 401ms (cache revalidated)
311 silly packumentCache full:https://registry.npmjs.org/@babel%2ftypes set size:498480 disposed:false
312 silly placeDep node_modules/@babel/parser @babel/types@7.29.7 OK for: @babel/parser@7.29.7 want: ^7.29.7
313 silly fetch manifest effect@3.20.0
314 silly packumentCache full:https://registry.npmjs.org/effect cache-miss
315 http fetch GET 200 https://registry.npmjs.org/effect 170ms (cache revalidated)
316 silly packumentCache full:https://registry.npmjs.org/effect set size:10164957 disposed:false
317 silly placeDep node_modules/@prisma/config effect@3.20.0 OK for: @prisma/config@7.8.0 want: 3.20.0
318 silly fetch manifest fast-check@^3.23.1
319 silly packumentCache full:https://registry.npmjs.org/fast-check cache-miss
320 http fetch GET 200 https://registry.npmjs.org/fast-check 133ms (cache revalidated)
321 silly packumentCache full:https://registry.npmjs.org/fast-check set size:941967 disposed:false
322 silly fetch manifest @electric-sql/pglite@0.4.1
323 silly packumentCache full:https://registry.npmjs.org/@electric-sql%2fpglite cache-miss
324 http fetch GET 200 https://registry.npmjs.org/@electric-sql%2fpglite 150ms (cache revalidated)
325 silly packumentCache full:https://registry.npmjs.org/@electric-sql%2fpglite set size:344589 disposed:false
326 silly fetch manifest hono@^4.12.8
327 silly packumentCache full:https://registry.npmjs.org/hono cache-miss
328 http fetch GET 200 https://registry.npmjs.org/hono 138ms (cache revalidated)
329 silly packumentCache full:https://registry.npmjs.org/hono set size:5892346 disposed:false
330 silly fetch manifest remeda@2.33.4
331 silly packumentCache full:https://registry.npmjs.org/remeda cache-miss
332 http fetch GET 200 https://registry.npmjs.org/remeda 130ms (cache revalidated)
333 silly packumentCache full:https://registry.npmjs.org/remeda set size:807125 disposed:false
334 silly placeDep node_modules/@prisma/dev @electric-sql/pglite@0.4.1 OK for: @prisma/dev@0.24.3 want: 0.4.1
335 silly placeDep node_modules/@prisma/dev hono@4.12.28 OK for: @prisma/dev@0.24.3 want: ^4.12.8
336 silly placeDep node_modules/@prisma/dev remeda@2.33.4 OK for: @prisma/dev@0.24.3 want: 2.33.4
337 silly fetch manifest ajv@^8.12.0
338 silly packumentCache full:https://registry.npmjs.org/ajv cache-miss
339 http fetch GET 200 https://registry.npmjs.org/ajv 125ms (cache revalidated)
340 silly packumentCache full:https://registry.npmjs.org/ajv set size:1142658 disposed:false
341 silly placeDep node_modules/@prisma/streams-local ajv@8.20.0 REPLACE for: @prisma/streams-local@0.1.2 want: ^8.12.0
342 silly placeDep ROOT @tanstack/query-core@5.101.2 OK for: @tanstack/react-query@5.101.2 want: 5.101.2
343 silly fetch manifest @typescript-eslint/scope-manager@8.63.0
344 silly packumentCache full:https://registry.npmjs.org/@typescript-eslint%2fscope-manager cache-miss
345 http cache https://registry.npmjs.org/@typescript-eslint%2fscope-manager 39ms (cache hit)
346 silly packumentCache full:https://registry.npmjs.org/@typescript-eslint%2fscope-manager set size:12678000 disposed:false
347 silly placeDep node_modules/@typescript-eslint/parser @typescript-eslint/scope-manager@8.63.0 OK for: @typescript-eslint/parser@8.63.0 want: 8.63.0
348 silly placeDep node_modules/@typescript-eslint/utils @typescript-eslint/scope-manager@8.63.0 OK for: @typescript-eslint/utils@8.63.0 want: 8.63.0
349 silly fetch manifest es-abstract@^1.24.0
350 silly packumentCache full:https://registry.npmjs.org/es-abstract cache-miss
351 http fetch GET 200 https://registry.npmjs.org/es-abstract 126ms (cache revalidated)
352 silly packumentCache full:https://registry.npmjs.org/es-abstract set size:384124 disposed:false
353 silly placeDep node_modules/array-includes es-abstract@1.24.2 OK for: array-includes@3.1.9 want: ^1.24.0
354 silly fetch manifest es-abstract@^1.23.9
355 silly packumentCache full:https://registry.npmjs.org/es-abstract cache-hit
356 silly placeDep node_modules/array.prototype.findlastindex es-abstract@1.24.2 OK for: array.prototype.findlastindex@1.2.6 want: ^1.23.9
357 silly fetch manifest es-abstract@^1.23.5
358 silly packumentCache full:https://registry.npmjs.org/es-abstract cache-hit
359 silly placeDep node_modules/array.prototype.flat es-abstract@1.24.2 OK for: array.prototype.flat@1.3.3 want: ^1.23.5
360 silly placeDep node_modules/array.prototype.flatmap es-abstract@1.24.2 OK for: array.prototype.flatmap@1.3.3 want: ^1.23.5
361 silly placeDep ROOT caniuse-lite@1.0.30001803 OK for: autoprefixer@10.5.2 want: ^1.0.30001799
362 silly fetch manifest kysely@^0.28.17 || ^0.29.0
363 silly packumentCache full:https://registry.npmjs.org/kysely cache-miss
364 http fetch GET 200 https://registry.npmjs.org/kysely 143ms (cache revalidated)
365 silly packumentCache full:https://registry.npmjs.org/kysely set size:701072 disposed:false
366 silly placeDep node_modules/better-auth kysely@0.29.3 OK for: better-auth@1.6.23 want: ^0.28.17 || ^0.29.0
367 silly fetch manifest @esbuild/aix-ppc64@0.28.1
368 silly packumentCache full:https://registry.npmjs.org/@esbuild%2faix-ppc64 cache-miss
369 http fetch GET 200 https://registry.npmjs.org/@esbuild%2faix-ppc64 151ms (cache revalidated)
370 silly packumentCache full:https://registry.npmjs.org/@esbuild%2faix-ppc64 set size:65972 disposed:false
371 silly fetch manifest @esbuild/android-arm@0.28.1
372 silly packumentCache full:https://registry.npmjs.org/@esbuild%2fandroid-arm cache-miss
373 http fetch GET 200 https://registry.npmjs.org/@esbuild%2fandroid-arm 148ms (cache revalidated)
374 silly packumentCache full:https://registry.npmjs.org/@esbuild%2fandroid-arm set size:223400 disposed:false
375 silly fetch manifest @esbuild/android-arm64@0.28.1
376 silly packumentCache full:https://registry.npmjs.org/@esbuild%2fandroid-arm64 cache-miss
377 http fetch GET 200 https://registry.npmjs.org/@esbuild%2fandroid-arm64 148ms (cache revalidated)
378 silly packumentCache full:https://registry.npmjs.org/@esbuild%2fandroid-arm64 set size:202366 disposed:false
379 silly fetch manifest @esbuild/android-x64@0.28.1
380 silly packumentCache full:https://registry.npmjs.org/@esbuild%2fandroid-x64 cache-miss
381 http fetch GET 200 https://registry.npmjs.org/@esbuild%2fandroid-x64 434ms (cache revalidated)
382 silly packumentCache full:https://registry.npmjs.org/@esbuild%2fandroid-x64 set size:197200 disposed:false
383 silly fetch manifest @esbuild/darwin-arm64@0.28.1
384 silly packumentCache full:https://registry.npmjs.org/@esbuild%2fdarwin-arm64 cache-miss
385 http fetch GET 200 https://registry.npmjs.org/@esbuild%2fdarwin-arm64 149ms (cache revalidated)
386 silly packumentCache full:https://registry.npmjs.org/@esbuild%2fdarwin-arm64 set size:199630 disposed:false
387 silly fetch manifest @esbuild/darwin-x64@0.28.1
388 silly packumentCache full:https://registry.npmjs.org/@esbuild%2fdarwin-x64 cache-miss
389 http fetch GET 200 https://registry.npmjs.org/@esbuild%2fdarwin-x64 146ms (cache revalidated)
390 silly packumentCache full:https://registry.npmjs.org/@esbuild%2fdarwin-x64 set size:197848 disposed:false
391 silly fetch manifest @esbuild/freebsd-arm64@0.28.1
392 silly packumentCache full:https://registry.npmjs.org/@esbuild%2ffreebsd-arm64 cache-miss
393 http fetch GET 200 https://registry.npmjs.org/@esbuild%2ffreebsd-arm64 149ms (cache revalidated)
394 silly packumentCache full:https://registry.npmjs.org/@esbuild%2ffreebsd-arm64 set size:200534 disposed:false
395 silly fetch manifest @esbuild/freebsd-x64@0.28.1
396 silly packumentCache full:https://registry.npmjs.org/@esbuild%2ffreebsd-x64 cache-miss
397 http fetch GET 200 https://registry.npmjs.org/@esbuild%2ffreebsd-x64 149ms (cache revalidated)
398 silly packumentCache full:https://registry.npmjs.org/@esbuild%2ffreebsd-x64 set size:198734 disposed:false
399 silly fetch manifest @esbuild/linux-arm@0.28.1
400 silly packumentCache full:https://registry.npmjs.org/@esbuild%2flinux-arm cache-miss
401 http fetch GET 200 https://registry.npmjs.org/@esbuild%2flinux-arm 161ms (cache revalidated)
402 silly packumentCache full:https://registry.npmjs.org/@esbuild%2flinux-arm set size:196784 disposed:false
403 silly fetch manifest @esbuild/linux-arm64@0.28.1
404 silly packumentCache full:https://registry.npmjs.org/@esbuild%2flinux-arm64 cache-miss
405 http fetch GET 200 https://registry.npmjs.org/@esbuild%2flinux-arm64 154ms (cache revalidated)
406 silly packumentCache full:https://registry.npmjs.org/@esbuild%2flinux-arm64 set size:198939 disposed:false
407 silly fetch manifest @esbuild/linux-ia32@0.28.1
408 silly packumentCache full:https://registry.npmjs.org/@esbuild%2flinux-ia32 cache-miss
409 http fetch GET 200 https://registry.npmjs.org/@esbuild%2flinux-ia32 145ms (cache revalidated)
410 silly packumentCache full:https://registry.npmjs.org/@esbuild%2flinux-ia32 set size:197805 disposed:false
411 silly fetch manifest @esbuild/linux-loong64@0.28.1
412 silly packumentCache full:https://registry.npmjs.org/@esbuild%2flinux-loong64 cache-miss
413 http fetch GET 200 https://registry.npmjs.org/@esbuild%2flinux-loong64 139ms (cache revalidated)
414 silly packumentCache full:https://registry.npmjs.org/@esbuild%2flinux-loong64 set size:253896 disposed:false
415 silly fetch manifest @esbuild/linux-mips64el@0.28.1
416 silly packumentCache full:https://registry.npmjs.org/@esbuild%2flinux-mips64el cache-miss
417 http fetch GET 200 https://registry.npmjs.org/@esbuild%2flinux-mips64el 149ms (cache revalidated)
418 silly packumentCache full:https://registry.npmjs.org/@esbuild%2flinux-mips64el set size:202764 disposed:false
419 silly fetch manifest @esbuild/linux-ppc64@0.28.1
420 silly packumentCache full:https://registry.npmjs.org/@esbuild%2flinux-ppc64 cache-miss
421 http fetch GET 200 https://registry.npmjs.org/@esbuild%2flinux-ppc64 158ms (cache revalidated)
422 silly packumentCache full:https://registry.npmjs.org/@esbuild%2flinux-ppc64 set size:200994 disposed:false
423 silly fetch manifest @esbuild/linux-riscv64@0.28.1
424 silly packumentCache full:https://registry.npmjs.org/@esbuild%2flinux-riscv64 cache-miss
425 http fetch GET 200 https://registry.npmjs.org/@esbuild%2flinux-riscv64 152ms (cache revalidated)
426 silly packumentCache full:https://registry.npmjs.org/@esbuild%2flinux-riscv64 set size:200662 disposed:false
427 silly fetch manifest @esbuild/linux-s390x@0.28.1
428 silly packumentCache full:https://registry.npmjs.org/@esbuild%2flinux-s390x cache-miss
429 http fetch GET 200 https://registry.npmjs.org/@esbuild%2flinux-s390x 159ms (cache revalidated)
430 silly packumentCache full:https://registry.npmjs.org/@esbuild%2flinux-s390x set size:200463 disposed:false
431 silly fetch manifest @esbuild/linux-x64@0.28.1
432 silly packumentCache full:https://registry.npmjs.org/@esbuild%2flinux-x64 cache-miss
433 http fetch GET 200 https://registry.npmjs.org/@esbuild%2flinux-x64 167ms (cache revalidated)
434 silly packumentCache full:https://registry.npmjs.org/@esbuild%2flinux-x64 set size:197126 disposed:false
435 silly fetch manifest @esbuild/netbsd-arm64@0.28.1
436 silly packumentCache full:https://registry.npmjs.org/@esbuild%2fnetbsd-arm64 cache-miss
437 http fetch GET 200 https://registry.npmjs.org/@esbuild%2fnetbsd-arm64 143ms (cache revalidated)
438 silly packumentCache full:https://registry.npmjs.org/@esbuild%2fnetbsd-arm64 set size:42467 disposed:false
439 silly fetch manifest @esbuild/netbsd-x64@0.28.1
440 silly packumentCache full:https://registry.npmjs.org/@esbuild%2fnetbsd-x64 cache-miss
441 http fetch GET 200 https://registry.npmjs.org/@esbuild%2fnetbsd-x64 144ms (cache revalidated)
442 silly packumentCache full:https://registry.npmjs.org/@esbuild%2fnetbsd-x64 set size:195514 disposed:false
443 silly fetch manifest @esbuild/openbsd-arm64@0.28.1
444 silly packumentCache full:https://registry.npmjs.org/@esbuild%2fopenbsd-arm64 cache-miss
445 http fetch GET 200 https://registry.npmjs.org/@esbuild%2fopenbsd-arm64 152ms (cache revalidated)
446 silly packumentCache full:https://registry.npmjs.org/@esbuild%2fopenbsd-arm64 set size:47792 disposed:false
447 silly fetch manifest @esbuild/openbsd-x64@0.28.1
448 silly packumentCache full:https://registry.npmjs.org/@esbuild%2fopenbsd-x64 cache-miss
449 http fetch GET 200 https://registry.npmjs.org/@esbuild%2fopenbsd-x64 165ms (cache revalidated)
450 silly packumentCache full:https://registry.npmjs.org/@esbuild%2fopenbsd-x64 set size:198745 disposed:false
451 silly fetch manifest @esbuild/openharmony-arm64@0.28.1
452 silly packumentCache full:https://registry.npmjs.org/@esbuild%2fopenharmony-arm64 cache-miss
453 http fetch GET 200 https://registry.npmjs.org/@esbuild%2fopenharmony-arm64 155ms (cache revalidated)
454 silly packumentCache full:https://registry.npmjs.org/@esbuild%2fopenharmony-arm64 set size:31189 disposed:false
455 silly fetch manifest @esbuild/sunos-x64@0.28.1
456 silly packumentCache full:https://registry.npmjs.org/@esbuild%2fsunos-x64 cache-miss
457 http fetch GET 200 https://registry.npmjs.org/@esbuild%2fsunos-x64 142ms (cache revalidated)
458 silly packumentCache full:https://registry.npmjs.org/@esbuild%2fsunos-x64 set size:197370 disposed:false
459 silly fetch manifest @esbuild/win32-arm64@0.28.1
460 silly packumentCache full:https://registry.npmjs.org/@esbuild%2fwin32-arm64 cache-miss
461 http fetch GET 200 https://registry.npmjs.org/@esbuild%2fwin32-arm64 153ms (cache revalidated)
462 silly packumentCache full:https://registry.npmjs.org/@esbuild%2fwin32-arm64 set size:199171 disposed:false
463 silly fetch manifest @esbuild/win32-ia32@0.28.1
464 silly packumentCache full:https://registry.npmjs.org/@esbuild%2fwin32-ia32 cache-miss
465 http fetch GET 200 https://registry.npmjs.org/@esbuild%2fwin32-ia32 145ms (cache revalidated)
466 silly packumentCache full:https://registry.npmjs.org/@esbuild%2fwin32-ia32 set size:198030 disposed:false
467 silly placeDep ROOT @esbuild/aix-ppc64@0.28.1 OK for: esbuild@0.28.1 want: 0.28.1
468 silly placeDep ROOT @esbuild/android-arm@0.28.1 OK for: esbuild@0.28.1 want: 0.28.1
469 silly placeDep ROOT @esbuild/android-arm64@0.28.1 OK for: esbuild@0.28.1 want: 0.28.1
470 silly placeDep ROOT @esbuild/android-x64@0.28.1 OK for: esbuild@0.28.1 want: 0.28.1
471 silly placeDep ROOT @esbuild/darwin-arm64@0.28.1 OK for: esbuild@0.28.1 want: 0.28.1
472 silly placeDep ROOT @esbuild/darwin-x64@0.28.1 OK for: esbuild@0.28.1 want: 0.28.1
473 silly placeDep ROOT @esbuild/freebsd-arm64@0.28.1 OK for: esbuild@0.28.1 want: 0.28.1
474 silly placeDep ROOT @esbuild/freebsd-x64@0.28.1 OK for: esbuild@0.28.1 want: 0.28.1
475 silly placeDep ROOT @esbuild/linux-arm@0.28.1 OK for: esbuild@0.28.1 want: 0.28.1
476 silly placeDep ROOT @esbuild/linux-arm64@0.28.1 OK for: esbuild@0.28.1 want: 0.28.1
477 silly placeDep ROOT @esbuild/linux-ia32@0.28.1 OK for: esbuild@0.28.1 want: 0.28.1
478 silly placeDep ROOT @esbuild/linux-loong64@0.28.1 OK for: esbuild@0.28.1 want: 0.28.1
479 silly placeDep ROOT @esbuild/linux-mips64el@0.28.1 OK for: esbuild@0.28.1 want: 0.28.1
480 silly placeDep ROOT @esbuild/linux-ppc64@0.28.1 OK for: esbuild@0.28.1 want: 0.28.1
481 silly placeDep ROOT @esbuild/linux-riscv64@0.28.1 OK for: esbuild@0.28.1 want: 0.28.1
482 silly placeDep ROOT @esbuild/linux-s390x@0.28.1 OK for: esbuild@0.28.1 want: 0.28.1
483 silly placeDep ROOT @esbuild/linux-x64@0.28.1 OK for: esbuild@0.28.1 want: 0.28.1
484 silly placeDep ROOT @esbuild/netbsd-arm64@0.28.1 OK for: esbuild@0.28.1 want: 0.28.1
485 silly placeDep ROOT @esbuild/netbsd-x64@0.28.1 OK for: esbuild@0.28.1 want: 0.28.1
486 silly placeDep ROOT @esbuild/openbsd-arm64@0.28.1 OK for: esbuild@0.28.1 want: 0.28.1
487 silly placeDep ROOT @esbuild/openbsd-x64@0.28.1 OK for: esbuild@0.28.1 want: 0.28.1
488 silly placeDep ROOT @esbuild/openharmony-arm64@0.28.1 OK for: esbuild@0.28.1 want: 0.28.1
489 silly placeDep ROOT @esbuild/sunos-x64@0.28.1 OK for: esbuild@0.28.1 want: 0.28.1
490 silly placeDep ROOT @esbuild/win32-arm64@0.28.1 OK for: esbuild@0.28.1 want: 0.28.1
491 silly placeDep ROOT @esbuild/win32-ia32@0.28.1 OK for: esbuild@0.28.1 want: 0.28.1
492 silly placeDep ROOT eslint-plugin-jsx-a11y@6.10.2 OK for: eslint-config-next@16.2.10 want: ^6.10.0
493 silly placeDep ROOT eslint-plugin-react@7.37.5 OK for: eslint-config-next@16.2.10 want: ^7.37.0
494 silly fetch manifest aria-query@^5.3.2
495 silly packumentCache full:https://registry.npmjs.org/aria-query cache-miss
496 silly fetch manifest axobject-query@^4.1.0
497 silly packumentCache full:https://registry.npmjs.org/axobject-query cache-miss
498 silly fetch manifest minimatch@^3.1.2
499 silly packumentCache full:https://registry.npmjs.org/minimatch cache-miss
500 silly fetch manifest minimatch@^3.1.2
501 silly packumentCache full:https://registry.npmjs.org/minimatch cache-miss
502 http fetch GET 200 https://registry.npmjs.org/aria-query 268ms (cache revalidated)
503 silly packumentCache full:https://registry.npmjs.org/aria-query set size:98864 disposed:false
504 http fetch GET 200 https://registry.npmjs.org/axobject-query 271ms (cache revalidated)
505 silly packumentCache full:https://registry.npmjs.org/axobject-query set size:75032 disposed:false
506 http fetch GET 200 https://registry.npmjs.org/minimatch 276ms (cache revalidated)
507 silly packumentCache full:https://registry.npmjs.org/minimatch set size:375282 disposed:false
508 http fetch GET 200 https://registry.npmjs.org/minimatch 286ms (cache revalidated)
509 silly packumentCache full:https://registry.npmjs.org/minimatch set size:375282 disposed:false
510 silly packumentCache full:https://registry.npmjs.org/minimatch dispose
511 silly placeDep node_modules/eslint-plugin-jsx-a11y aria-query@5.3.2 OK for: eslint-plugin-jsx-a11y@6.10.2 want: ^5.3.2
512 silly placeDep node_modules/eslint-plugin-jsx-a11y axobject-query@4.1.0 OK for: eslint-plugin-jsx-a11y@6.10.2 want: ^4.1.0
513 silly placeDep node_modules/eslint-plugin-jsx-a11y minimatch@3.1.5 OK for: eslint-plugin-jsx-a11y@6.10.2 want: ^3.1.2
514 silly fetch manifest brace-expansion@^1.1.7
515 silly packumentCache full:https://registry.npmjs.org/brace-expansion cache-miss
516 http fetch GET 200 https://registry.npmjs.org/brace-expansion 136ms (cache revalidated)
517 silly packumentCache full:https://registry.npmjs.org/brace-expansion set size:78539 disposed:false
518 silly placeDep node_modules/eslint-plugin-react minimatch@3.1.5 OK for: eslint-plugin-react@7.37.5 want: ^3.1.2
519 silly fetch manifest @babel/core@^7.24.4
520 silly packumentCache full:https://registry.npmjs.org/@babel%2fcore cache-miss
521 http fetch GET 200 https://registry.npmjs.org/@babel%2fcore 143ms (cache revalidated)
522 silly packumentCache full:https://registry.npmjs.org/@babel%2fcore set size:788258 disposed:false
523 silly placeDep node_modules/eslint-plugin-react-hooks @babel/core@7.29.7 OK for: eslint-plugin-react-hooks@7.1.1 want: ^7.24.4
524 silly fetch manifest @babel/helpers@^7.29.7
525 silly packumentCache full:https://registry.npmjs.org/@babel%2fhelpers cache-miss
526 http fetch GET 200 https://registry.npmjs.org/@babel%2fhelpers 138ms (cache revalidated)
527 silly packumentCache full:https://registry.npmjs.org/@babel%2fhelpers set size:398496 disposed:false
528 silly placeDep ROOT @next/swc-darwin-arm64@16.2.10 OK for: next@16.2.10 want: 16.2.10
529 silly placeDep ROOT @next/swc-darwin-x64@16.2.10 OK for: next@16.2.10 want: 16.2.10
530 silly placeDep ROOT @next/swc-linux-arm64-gnu@16.2.10 OK for: next@16.2.10 want: 16.2.10
531 silly placeDep ROOT @next/swc-linux-arm64-musl@16.2.10 OK for: next@16.2.10 want: 16.2.10
532 silly placeDep ROOT @next/swc-linux-x64-gnu@16.2.10 OK for: next@16.2.10 want: 16.2.10
533 silly placeDep ROOT @next/swc-linux-x64-musl@16.2.10 OK for: next@16.2.10 want: 16.2.10
534 silly placeDep ROOT @next/swc-win32-arm64-msvc@16.2.10 OK for: next@16.2.10 want: 16.2.10
535 silly placeDep ROOT @swc/helpers@0.5.15 OK for: next@16.2.10 want: 0.5.15
536 silly fetch manifest es-abstract@^1.23.2
537 silly packumentCache full:https://registry.npmjs.org/es-abstract cache-hit
538 silly placeDep node_modules/object.fromentries es-abstract@1.24.2 OK for: object.fromentries@2.0.8 want: ^1.23.2
539 silly placeDep node_modules/object.groupby es-abstract@1.24.2 OK for: object.groupby@1.0.3 want: ^1.23.2
540 silly placeDep ROOT @prisma/studio-core@0.27.3 OK for: prisma@7.8.0 want: 0.27.3
541 silly placeDep ROOT sucrase@3.35.1 OK for: tailwindcss@3.4.19 want: ^3.35.0
542 silly placeDep ROOT fsevents@2.3.3 OK for: tsx@4.23.0 want: ~2.3.3
543 silly placeDep ROOT @typescript/typescript-aix-ppc64@7.0.2 OK for: typescript@7.0.2 want: 7.0.2
544 silly placeDep ROOT @typescript/typescript-darwin-arm64@7.0.2 OK for: typescript@7.0.2 want: 7.0.2
545 silly placeDep ROOT @typescript/typescript-darwin-x64@7.0.2 OK for: typescript@7.0.2 want: 7.0.2
546 silly placeDep ROOT @typescript/typescript-freebsd-arm64@7.0.2 OK for: typescript@7.0.2 want: 7.0.2
547 silly placeDep ROOT @typescript/typescript-freebsd-x64@7.0.2 OK for: typescript@7.0.2 want: 7.0.2
548 silly placeDep ROOT @typescript/typescript-linux-arm@7.0.2 OK for: typescript@7.0.2 want: 7.0.2
549 silly placeDep ROOT @typescript/typescript-linux-arm64@7.0.2 OK for: typescript@7.0.2 want: 7.0.2
550 silly placeDep ROOT @typescript/typescript-linux-loong64@7.0.2 OK for: typescript@7.0.2 want: 7.0.2
551 silly placeDep ROOT @typescript/typescript-linux-mips64el@7.0.2 OK for: typescript@7.0.2 want: 7.0.2
552 silly placeDep ROOT @typescript/typescript-linux-ppc64@7.0.2 OK for: typescript@7.0.2 want: 7.0.2
553 silly placeDep ROOT @typescript/typescript-linux-riscv64@7.0.2 OK for: typescript@7.0.2 want: 7.0.2
554 silly placeDep ROOT @typescript/typescript-linux-s390x@7.0.2 OK for: typescript@7.0.2 want: 7.0.2
555 silly placeDep ROOT @typescript/typescript-linux-x64@7.0.2 OK for: typescript@7.0.2 want: 7.0.2
556 silly placeDep ROOT @typescript/typescript-netbsd-arm64@7.0.2 OK for: typescript@7.0.2 want: 7.0.2
557 silly placeDep ROOT @typescript/typescript-netbsd-x64@7.0.2 OK for: typescript@7.0.2 want: 7.0.2
558 silly placeDep ROOT @typescript/typescript-openbsd-arm64@7.0.2 OK for: typescript@7.0.2 want: 7.0.2
559 silly placeDep ROOT @typescript/typescript-openbsd-x64@7.0.2 OK for: typescript@7.0.2 want: 7.0.2
560 silly placeDep ROOT @typescript/typescript-sunos-x64@7.0.2 OK for: typescript@7.0.2 want: 7.0.2
561 silly placeDep ROOT @typescript/typescript-win32-arm64@7.0.2 OK for: typescript@7.0.2 want: 7.0.2
562 silly placeDep ROOT @typescript/typescript-win32-x64@7.0.2 OK for: typescript@7.0.2 want: 7.0.2
563 silly fetch manifest @typescript-eslint/eslint-plugin@8.63.0
564 silly packumentCache full:https://registry.npmjs.org/@typescript-eslint%2feslint-plugin cache-miss
565 http fetch GET 200 https://registry.npmjs.org/@typescript-eslint%2feslint-plugin 212ms (cache revalidated)
566 silly packumentCache full:https://registry.npmjs.org/@typescript-eslint%2feslint-plugin set size:18250593 disposed:false
567 silly placeDep node_modules/typescript-eslint @typescript-eslint/eslint-plugin@8.63.0 OK for: typescript-eslint@8.63.0 want: 8.63.0
568 silly fetch manifest ignore@^7.0.5
569 silly packumentCache full:https://registry.npmjs.org/ignore cache-miss
570 http fetch GET 200 https://registry.npmjs.org/ignore 141ms (cache revalidated)
571 silly packumentCache full:https://registry.npmjs.org/ignore set size:237380 disposed:false
572 silly fetch manifest @unrs/resolver-binding-darwin-arm64@1.12.2
573 silly packumentCache full:https://registry.npmjs.org/@unrs%2fresolver-binding-darwin-arm64 cache-miss
574 http fetch GET 200 https://registry.npmjs.org/@unrs%2fresolver-binding-darwin-arm64 159ms (cache revalidated)
575 silly packumentCache full:https://registry.npmjs.org/@unrs%2fresolver-binding-darwin-arm64 set size:63676 disposed:false
576 silly fetch manifest @unrs/resolver-binding-android-arm64@1.12.2
577 silly packumentCache full:https://registry.npmjs.org/@unrs%2fresolver-binding-android-arm64 cache-miss
578 http fetch GET 200 https://registry.npmjs.org/@unrs%2fresolver-binding-android-arm64 154ms (cache revalidated)
579 silly packumentCache full:https://registry.npmjs.org/@unrs%2fresolver-binding-android-arm64 set size:17616 disposed:false
580 silly fetch manifest @unrs/resolver-binding-win32-arm64-msvc@1.12.2
581 silly packumentCache full:https://registry.npmjs.org/@unrs%2fresolver-binding-win32-arm64-msvc cache-miss
582 http fetch GET 200 https://registry.npmjs.org/@unrs%2fresolver-binding-win32-arm64-msvc 170ms (cache revalidated)
583 silly packumentCache full:https://registry.npmjs.org/@unrs%2fresolver-binding-win32-arm64-msvc set size:64613 disposed:false
584 silly fetch manifest @unrs/resolver-binding-linux-arm64-gnu@1.12.2
585 silly packumentCache full:https://registry.npmjs.org/@unrs%2fresolver-binding-linux-arm64-gnu cache-miss
586 http fetch GET 200 https://registry.npmjs.org/@unrs%2fresolver-binding-linux-arm64-gnu 148ms (cache revalidated)
587 silly packumentCache full:https://registry.npmjs.org/@unrs%2fresolver-binding-linux-arm64-gnu set size:65047 disposed:false
588 silly fetch manifest @unrs/resolver-binding-linux-arm64-musl@1.12.2
589 silly packumentCache full:https://registry.npmjs.org/@unrs%2fresolver-binding-linux-arm64-musl cache-miss
590 http fetch GET 200 https://registry.npmjs.org/@unrs%2fresolver-binding-linux-arm64-musl 155ms (cache revalidated)
591 silly packumentCache full:https://registry.npmjs.org/@unrs%2fresolver-binding-linux-arm64-musl set size:65257 disposed:false
592 silly fetch manifest @unrs/resolver-binding-openharmony-arm64@1.12.2
593 silly packumentCache full:https://registry.npmjs.org/@unrs%2fresolver-binding-openharmony-arm64 cache-miss
594 http fetch GET 200 https://registry.npmjs.org/@unrs%2fresolver-binding-openharmony-arm64 141ms (cache revalidated)
595 silly packumentCache full:https://registry.npmjs.org/@unrs%2fresolver-binding-openharmony-arm64 set size:7350 disposed:false
596 silly fetch manifest @unrs/resolver-binding-android-arm-eabi@1.12.2
597 silly packumentCache full:https://registry.npmjs.org/@unrs%2fresolver-binding-android-arm-eabi cache-miss
598 http fetch GET 200 https://registry.npmjs.org/@unrs%2fresolver-binding-android-arm-eabi 164ms (cache revalidated)
599 silly packumentCache full:https://registry.npmjs.org/@unrs%2fresolver-binding-android-arm-eabi set size:17797 disposed:false
600 silly fetch manifest @unrs/resolver-binding-linux-arm-gnueabihf@1.12.2
601 silly packumentCache full:https://registry.npmjs.org/@unrs%2fresolver-binding-linux-arm-gnueabihf cache-miss
602 http fetch GET 200 https://registry.npmjs.org/@unrs%2fresolver-binding-linux-arm-gnueabihf 151ms (cache revalidated)
603 silly packumentCache full:https://registry.npmjs.org/@unrs%2fresolver-binding-linux-arm-gnueabihf set size:65279 disposed:false
604 silly fetch manifest @unrs/resolver-binding-linux-arm-musleabihf@1.12.2
605 silly packumentCache full:https://registry.npmjs.org/@unrs%2fresolver-binding-linux-arm-musleabihf cache-miss
606 http fetch GET 200 https://registry.npmjs.org/@unrs%2fresolver-binding-linux-arm-musleabihf 161ms (cache revalidated)
607 silly packumentCache full:https://registry.npmjs.org/@unrs%2fresolver-binding-linux-arm-musleabihf set size:65533 disposed:false
608 silly fetch manifest @unrs/resolver-binding-win32-ia32-msvc@1.12.2
609 silly packumentCache full:https://registry.npmjs.org/@unrs%2fresolver-binding-win32-ia32-msvc cache-miss
610 http fetch GET 200 https://registry.npmjs.org/@unrs%2fresolver-binding-win32-ia32-msvc 149ms (cache revalidated)
611 silly packumentCache full:https://registry.npmjs.org/@unrs%2fresolver-binding-win32-ia32-msvc set size:64317 disposed:false
612 silly fetch manifest @unrs/resolver-binding-linux-loong64-gnu@1.12.2
613 silly packumentCache full:https://registry.npmjs.org/@unrs%2fresolver-binding-linux-loong64-gnu cache-miss
614 http fetch GET 200 https://registry.npmjs.org/@unrs%2fresolver-binding-linux-loong64-gnu 147ms (cache revalidated)
615 silly packumentCache full:https://registry.npmjs.org/@unrs%2fresolver-binding-linux-loong64-gnu set size:4107 disposed:false
616 silly fetch manifest @unrs/resolver-binding-linux-loong64-musl@1.12.2
617 silly packumentCache full:https://registry.npmjs.org/@unrs%2fresolver-binding-linux-loong64-musl cache-miss
618 http fetch GET 200 https://registry.npmjs.org/@unrs%2fresolver-binding-linux-loong64-musl 141ms (cache revalidated)
619 silly packumentCache full:https://registry.npmjs.org/@unrs%2fresolver-binding-linux-loong64-musl set size:4124 disposed:false
620 silly fetch manifest @unrs/resolver-binding-linux-ppc64-gnu@1.12.2
621 silly packumentCache full:https://registry.npmjs.org/@unrs%2fresolver-binding-linux-ppc64-gnu cache-miss
622 http fetch GET 200 https://registry.npmjs.org/@unrs%2fresolver-binding-linux-ppc64-gnu 140ms (cache revalidated)
623 silly packumentCache full:https://registry.npmjs.org/@unrs%2fresolver-binding-linux-ppc64-gnu set size:65057 disposed:false
624 silly fetch manifest @unrs/resolver-binding-linux-riscv64-gnu@1.12.2
625 silly packumentCache full:https://registry.npmjs.org/@unrs%2fresolver-binding-linux-riscv64-gnu cache-miss
626 http fetch GET 200 https://registry.npmjs.org/@unrs%2fresolver-binding-linux-riscv64-gnu 148ms (cache revalidated)
627 silly packumentCache full:https://registry.npmjs.org/@unrs%2fresolver-binding-linux-riscv64-gnu set size:56387 disposed:false
628 silly fetch manifest @unrs/resolver-binding-linux-riscv64-musl@1.12.2
629 silly packumentCache full:https://registry.npmjs.org/@unrs%2fresolver-binding-linux-riscv64-musl cache-miss
630 http fetch GET 200 https://registry.npmjs.org/@unrs%2fresolver-binding-linux-riscv64-musl 150ms (cache revalidated)
631 silly packumentCache full:https://registry.npmjs.org/@unrs%2fresolver-binding-linux-riscv64-musl set size:45710 disposed:false
632 silly fetch manifest @unrs/resolver-binding-linux-s390x-gnu@1.12.2
633 silly packumentCache full:https://registry.npmjs.org/@unrs%2fresolver-binding-linux-s390x-gnu cache-miss
634 http fetch GET 200 https://registry.npmjs.org/@unrs%2fresolver-binding-linux-s390x-gnu 175ms (cache revalidated)
635 silly packumentCache full:https://registry.npmjs.org/@unrs%2fresolver-binding-linux-s390x-gnu set size:65047 disposed:false
636 silly fetch manifest @unrs/resolver-binding-wasm32-wasi@1.12.2
637 silly packumentCache full:https://registry.npmjs.org/@unrs%2fresolver-binding-wasm32-wasi cache-miss
638 http fetch GET 200 https://registry.npmjs.org/@unrs%2fresolver-binding-wasm32-wasi 177ms (cache revalidated)
639 silly packumentCache full:https://registry.npmjs.org/@unrs%2fresolver-binding-wasm32-wasi set size:67358 disposed:false
640 silly fetch manifest @unrs/resolver-binding-darwin-x64@1.12.2
641 silly packumentCache full:https://registry.npmjs.org/@unrs%2fresolver-binding-darwin-x64 cache-miss
642 http fetch GET 200 https://registry.npmjs.org/@unrs%2fresolver-binding-darwin-x64 154ms (cache revalidated)
643 silly packumentCache full:https://registry.npmjs.org/@unrs%2fresolver-binding-darwin-x64 set size:63092 disposed:false
644 silly fetch manifest @unrs/resolver-binding-freebsd-x64@1.12.2
645 silly packumentCache full:https://registry.npmjs.org/@unrs%2fresolver-binding-freebsd-x64 cache-miss
646 http fetch GET 200 https://registry.npmjs.org/@unrs%2fresolver-binding-freebsd-x64 154ms (cache revalidated)
647 silly packumentCache full:https://registry.npmjs.org/@unrs%2fresolver-binding-freebsd-x64 set size:63388 disposed:false
648 silly fetch manifest @unrs/resolver-binding-linux-x64-gnu@1.12.2
649 silly packumentCache full:https://registry.npmjs.org/@unrs%2fresolver-binding-linux-x64-gnu cache-miss
650 http fetch GET 200 https://registry.npmjs.org/@unrs%2fresolver-binding-linux-x64-gnu 148ms (cache revalidated)
651 silly packumentCache full:https://registry.npmjs.org/@unrs%2fresolver-binding-linux-x64-gnu set size:64469 disposed:false
652 silly fetch manifest @unrs/resolver-binding-linux-x64-musl@1.12.2
653 silly packumentCache full:https://registry.npmjs.org/@unrs%2fresolver-binding-linux-x64-musl cache-miss
654 http fetch GET 200 https://registry.npmjs.org/@unrs%2fresolver-binding-linux-x64-musl 154ms (cache revalidated)
655 silly packumentCache full:https://registry.npmjs.org/@unrs%2fresolver-binding-linux-x64-musl set size:64685 disposed:false
656 silly placeDep ROOT @unrs/resolver-binding-android-arm-eabi@1.12.2 OK for: unrs-resolver@1.12.2 want: 1.12.2
657 silly placeDep ROOT @unrs/resolver-binding-android-arm64@1.12.2 OK for: unrs-resolver@1.12.2 want: 1.12.2
658 silly placeDep ROOT @unrs/resolver-binding-darwin-arm64@1.12.2 OK for: unrs-resolver@1.12.2 want: 1.12.2
659 silly placeDep ROOT @unrs/resolver-binding-darwin-x64@1.12.2 OK for: unrs-resolver@1.12.2 want: 1.12.2
660 silly placeDep ROOT @unrs/resolver-binding-freebsd-x64@1.12.2 OK for: unrs-resolver@1.12.2 want: 1.12.2
661 silly placeDep ROOT @unrs/resolver-binding-linux-arm-gnueabihf@1.12.2 OK for: unrs-resolver@1.12.2 want: 1.12.2
662 silly placeDep ROOT @unrs/resolver-binding-linux-arm-musleabihf@1.12.2 OK for: unrs-resolver@1.12.2 want: 1.12.2
663 silly placeDep ROOT @unrs/resolver-binding-linux-arm64-gnu@1.12.2 OK for: unrs-resolver@1.12.2 want: 1.12.2
664 silly placeDep ROOT @unrs/resolver-binding-linux-arm64-musl@1.12.2 OK for: unrs-resolver@1.12.2 want: 1.12.2
665 silly placeDep ROOT @unrs/resolver-binding-linux-loong64-gnu@1.12.2 OK for: unrs-resolver@1.12.2 want: 1.12.2
666 silly placeDep ROOT @unrs/resolver-binding-linux-loong64-musl@1.12.2 OK for: unrs-resolver@1.12.2 want: 1.12.2
667 silly placeDep ROOT @unrs/resolver-binding-linux-ppc64-gnu@1.12.2 OK for: unrs-resolver@1.12.2 want: 1.12.2
668 silly placeDep ROOT @unrs/resolver-binding-linux-riscv64-gnu@1.12.2 OK for: unrs-resolver@1.12.2 want: 1.12.2
669 silly placeDep ROOT @unrs/resolver-binding-linux-riscv64-musl@1.12.2 OK for: unrs-resolver@1.12.2 want: 1.12.2
670 silly placeDep ROOT @unrs/resolver-binding-linux-s390x-gnu@1.12.2 OK for: unrs-resolver@1.12.2 want: 1.12.2
671 silly placeDep ROOT @unrs/resolver-binding-linux-x64-gnu@1.12.2 OK for: unrs-resolver@1.12.2 want: 1.12.2
672 silly placeDep ROOT @unrs/resolver-binding-linux-x64-musl@1.12.2 OK for: unrs-resolver@1.12.2 want: 1.12.2
673 silly placeDep ROOT @unrs/resolver-binding-openharmony-arm64@1.12.2 OK for: unrs-resolver@1.12.2 want: 1.12.2
674 silly placeDep ROOT @unrs/resolver-binding-wasm32-wasi@1.12.2 OK for: unrs-resolver@1.12.2 want: 1.12.2
675 silly placeDep ROOT @unrs/resolver-binding-win32-arm64-msvc@1.12.2 OK for: unrs-resolver@1.12.2 want: 1.12.2
676 silly placeDep ROOT @unrs/resolver-binding-win32-ia32-msvc@1.12.2 OK for: unrs-resolver@1.12.2 want: 1.12.2
677 silly fetch manifest @napi-rs/wasm-runtime@^1.1.4
678 silly packumentCache full:https://registry.npmjs.org/@napi-rs%2fwasm-runtime cache-miss
679 silly fetch manifest @emnapi/core@1.10.0
680 silly packumentCache full:https://registry.npmjs.org/@emnapi%2fcore cache-miss
681 silly fetch manifest @emnapi/runtime@1.10.0
682 silly packumentCache full:https://registry.npmjs.org/@emnapi%2fruntime cache-miss
683 http fetch GET 200 https://registry.npmjs.org/@emnapi%2fcore 160ms (cache revalidated)
684 silly packumentCache full:https://registry.npmjs.org/@emnapi%2fcore set size:117071 disposed:false
685 http fetch GET 200 https://registry.npmjs.org/@napi-rs%2fwasm-runtime 167ms (cache revalidated)
686 silly packumentCache full:https://registry.npmjs.org/@napi-rs%2fwasm-runtime set size:76486 disposed:false
687 http fetch GET 200 https://registry.npmjs.org/@emnapi%2fruntime 168ms (cache revalidated)
688 silly packumentCache full:https://registry.npmjs.org/@emnapi%2fruntime set size:118526 disposed:false
689 silly placeDep ROOT @emnapi/core@1.10.0 OK for: @unrs/resolver-binding-wasm32-wasi@1.12.2 want: 1.10.0
690 silly placeDep ROOT @emnapi/runtime@1.10.0 OK for: @unrs/resolver-binding-wasm32-wasi@1.12.2 want: 1.10.0
691 silly placeDep ROOT @napi-rs/wasm-runtime@1.1.6 OK for: @unrs/resolver-binding-wasm32-wasi@1.12.2 want: ^1.1.4
692 silly fetch manifest @emnapi/wasi-threads@1.2.1
693 silly packumentCache full:https://registry.npmjs.org/@emnapi%2fwasi-threads cache-miss
694 silly fetch manifest @tybys/wasm-util@^0.10.3
695 silly packumentCache full:https://registry.npmjs.org/@tybys%2fwasm-util cache-miss
696 http fetch GET 200 https://registry.npmjs.org/@emnapi%2fwasi-threads 138ms (cache revalidated)
697 silly packumentCache full:https://registry.npmjs.org/@emnapi%2fwasi-threads set size:28580 disposed:false
698 http fetch GET 200 https://registry.npmjs.org/@tybys%2fwasm-util 157ms (cache revalidated)
699 silly packumentCache full:https://registry.npmjs.org/@tybys%2fwasm-util set size:60108 disposed:false
700 silly placeDep ROOT @emnapi/wasi-threads@1.2.1 OK for: @emnapi/core@1.10.0 want: 1.2.1
701 silly placeDep ROOT @tybys/wasm-util@0.10.3 OK for: @napi-rs/wasm-runtime@1.1.6 want: ^0.10.3
702 silly placeDep node_modules/@prisma/config fast-check@3.23.2 OK for: effect@3.20.0 want: ^3.23.1
703 silly placeDep node_modules/eslint-plugin-jsx-a11y brace-expansion@1.1.16 OK for: minimatch@3.1.5 want: ^1.1.7
704 silly fetch manifest balanced-match@^1.0.0
705 silly packumentCache full:https://registry.npmjs.org/balanced-match cache-miss
706 http fetch GET 200 https://registry.npmjs.org/balanced-match 130ms (cache revalidated)
707 silly packumentCache full:https://registry.npmjs.org/balanced-match set size:39082 disposed:false
708 silly placeDep node_modules/eslint-plugin-jsx-a11y balanced-match@1.0.2 OK for: brace-expansion@1.1.16 want: ^1.0.0
709 silly placeDep node_modules/eslint-plugin-react-hooks @babel/helpers@7.29.7 OK for: @babel/core@7.29.7 want: ^7.29.7
710 silly placeDep node_modules/eslint-plugin-react-hooks @babel/types@7.29.7 OK for: @babel/core@7.29.7 want: ^7.29.7
711 silly placeDep node_modules/eslint-plugin-react brace-expansion@1.1.16 OK for: minimatch@3.1.5 want: ^1.1.7
712 silly placeDep node_modules/eslint-plugin-react balanced-match@1.0.2 OK for: brace-expansion@1.1.16 want: ^1.0.0
713 silly placeDep node_modules/typescript-eslint @typescript-eslint/scope-manager@8.63.0 OK for: @typescript-eslint/eslint-plugin@8.63.0 want: 8.63.0
714 silly placeDep node_modules/typescript-eslint ignore@7.0.5 OK for: @typescript-eslint/eslint-plugin@8.63.0 want: ^7.0.5
715 silly reify mark retired [
715 silly reify   'C:\\Users\\Savad\\Documents\\Codex\\2026-07-08\\vo\\ai-text-audio-saas\\node_modules\\aria-query'
715 silly reify ]
716 silly reify mark retired [
716 silly reify   'C:\\Users\\Savad\\Documents\\Codex\\2026-07-08\\vo\\ai-text-audio-saas\\node_modules\\axobject-query'
716 silly reify ]
717 silly reify mark retired [
717 silly reify   'C:\\Users\\Savad\\Documents\\Codex\\2026-07-08\\vo\\ai-text-audio-saas\\node_modules\\caniuse-lite'
717 silly reify ]
718 silly reify mark retired [
718 silly reify   'C:\\Users\\Savad\\Documents\\Codex\\2026-07-08\\vo\\ai-text-audio-saas\\node_modules\\effect'
718 silly reify ]
719 silly reify mark retired [
719 silly reify   'C:\\Users\\Savad\\Documents\\Codex\\2026-07-08\\vo\\ai-text-audio-saas\\node_modules\\eslint'
719 silly reify ]
720 silly reify mark retired [
720 silly reify   'C:\\Users\\Savad\\Documents\\Codex\\2026-07-08\\vo\\ai-text-audio-saas\\node_modules\\eslint-plugin-react'
720 silly reify ]
721 silly reify mark retired [
721 silly reify   'C:\\Users\\Savad\\Documents\\Codex\\2026-07-08\\vo\\ai-text-audio-saas\\node_modules\\eslint-plugin-jsx-a11y'
721 silly reify ]
722 silly reify mark retired [
722 silly reify   'C:\\Users\\Savad\\Documents\\Codex\\2026-07-08\\vo\\ai-text-audio-saas\\node_modules\\fast-check'
722 silly reify ]
723 silly reify mark retired [
723 silly reify   'C:\\Users\\Savad\\Documents\\Codex\\2026-07-08\\vo\\ai-text-audio-saas\\node_modules\\hono'
723 silly reify ]
724 silly reify mark retired [
724 silly reify   'C:\\Users\\Savad\\Documents\\Codex\\2026-07-08\\vo\\ai-text-audio-saas\\node_modules\\kysely'
724 silly reify ]
725 silly reify mark retired [
725 silly reify   'C:\\Users\\Savad\\Documents\\Codex\\2026-07-08\\vo\\ai-text-audio-saas\\node_modules\\next'
725 silly reify ]
726 silly reify mark retired [
726 silly reify   'C:\\Users\\Savad\\Documents\\Codex\\2026-07-08\\vo\\ai-text-audio-saas\\node_modules\\remeda'
726 silly reify ]
727 silly reify mark retired [
727 silly reify   'C:\\Users\\Savad\\Documents\\Codex\\2026-07-08\\vo\\ai-text-audio-saas\\node_modules\\sucrase'
727 silly reify ]
728 silly reify mark retired [
728 silly reify   'C:\\Users\\Savad\\Documents\\Codex\\2026-07-08\\vo\\ai-text-audio-saas\\node_modules\\tailwindcss'
728 silly reify ]
729 silly reify mark retired [
729 silly reify   'C:\\Users\\Savad\\Documents\\Codex\\2026-07-08\\vo\\ai-text-audio-saas\\node_modules\\typescript'
729 silly reify ]
730 silly reify mark retired [
730 silly reify   'C:\\Users\\Savad\\Documents\\Codex\\2026-07-08\\vo\\ai-text-audio-saas\\node_modules\\zod'
730 silly reify ]
731 silly reify mark retired [
731 silly reify   'C:\\Users\\Savad\\Documents\\Codex\\2026-07-08\\vo\\ai-text-audio-saas\\node_modules\\@babel\\core'
731 silly reify ]
732 silly reify mark retired [
732 silly reify   'C:\\Users\\Savad\\Documents\\Codex\\2026-07-08\\vo\\ai-text-audio-saas\\node_modules\\@babel\\helpers'
732 silly reify ]
733 silly reify mark retired [
733 silly reify   'C:\\Users\\Savad\\Documents\\Codex\\2026-07-08\\vo\\ai-text-audio-saas\\node_modules\\@electric-sql\\pglite'
733 silly reify ]
734 silly reify mark retired [
734 silly reify   'C:\\Users\\Savad\\Documents\\Codex\\2026-07-08\\vo\\ai-text-audio-saas\\node_modules\\@prisma\\client'
734 silly reify ]
735 silly reify mark retired [
735 silly reify   'C:\\Users\\Savad\\Documents\\Codex\\2026-07-08\\vo\\ai-text-audio-saas\\node_modules\\@prisma\\studio-core'
735 silly reify ]
736 silly reify mark retired [
736 silly reify   'C:\\Users\\Savad\\Documents\\Codex\\2026-07-08\\vo\\ai-text-audio-saas\\node_modules\\@tanstack\\query-core'
736 silly reify ]
737 silly reify mark retired [
737 silly reify   'C:\\Users\\Savad\\Documents\\Codex\\2026-07-08\\vo\\ai-text-audio-saas\\node_modules\\@tanstack\\react-query'
737 silly reify ]
738 silly reify mark retired [
738 silly reify   'C:\\Users\\Savad\\Documents\\Codex\\2026-07-08\\vo\\ai-text-audio-saas\\node_modules\\@swc\\helpers'
738 silly reify ]
739 silly reify mark retired [
739 silly reify   'C:\\Users\\Savad\\Documents\\Codex\\2026-07-08\\vo\\ai-text-audio-saas\\node_modules\\@typescript\\typescript-win32-x64'
739 silly reify ]
740 silly reify mark retired [
740 silly reify   'C:\\Users\\Savad\\Documents\\Codex\\2026-07-08\\vo\\ai-text-audio-saas\\node_modules\\@typescript-eslint\\eslint-plugin'
740 silly reify ]
741 silly reify mark retired [
741 silly reify   'C:\\Users\\Savad\\Documents\\Codex\\2026-07-08\\vo\\ai-text-audio-saas\\node_modules\\@typescript-eslint\\scope-manager'
741 silly reify ]
742 silly reify mark retired [
742 silly reify   'C:\\Users\\Savad\\Documents\\Codex\\2026-07-08\\vo\\ai-text-audio-saas\\node_modules\\acorn',
742 silly reify   'C:\\Users\\Savad\\Documents\\Codex\\2026-07-08\\vo\\ai-text-audio-saas\\node_modules\\.bin\\acorn',
742 silly reify   'C:\\Users\\Savad\\Documents\\Codex\\2026-07-08\\vo\\ai-text-audio-saas\\node_modules\\.bin\\acorn.cmd',
742 silly reify   'C:\\Users\\Savad\\Documents\\Codex\\2026-07-08\\vo\\ai-text-audio-saas\\node_modules\\.bin\\acorn.ps1'
742 silly reify ]
743 silly reify mark retired [
743 silly reify   'C:\\Users\\Savad\\Documents\\Codex\\2026-07-08\\vo\\ai-text-audio-saas\\node_modules\\autoprefixer',
743 silly reify   'C:\\Users\\Savad\\Documents\\Codex\\2026-07-08\\vo\\ai-text-audio-saas\\node_modules\\.bin\\autoprefixer',
743 silly reify   'C:\\Users\\Savad\\Documents\\Codex\\2026-07-08\\vo\\ai-text-audio-saas\\node_modules\\.bin\\autoprefixer.cmd',
743 silly reify   'C:\\Users\\Savad\\Documents\\Codex\\2026-07-08\\vo\\ai-text-audio-saas\\node_modules\\.bin\\autoprefixer.ps1'
743 silly reify ]
744 silly reify mark retired [
744 silly reify   'C:\\Users\\Savad\\Documents\\Codex\\2026-07-08\\vo\\ai-text-audio-saas\\node_modules\\baseline-browser-mapping',
744 silly reify   'C:\\Users\\Savad\\Documents\\Codex\\2026-07-08\\vo\\ai-text-audio-saas\\node_modules\\.bin\\baseline-browser-mapping',
744 silly reify   'C:\\Users\\Savad\\Documents\\Codex\\2026-07-08\\vo\\ai-text-audio-saas\\node_modules\\.bin\\baseline-browser-mapping.cmd',
744 silly reify   'C:\\Users\\Savad\\Documents\\Codex\\2026-07-08\\vo\\ai-text-audio-saas\\node_modules\\.bin\\baseline-browser-mapping.ps1'
744 silly reify ]
745 silly reify mark retired [
745 silly reify   'C:\\Users\\Savad\\Documents\\Codex\\2026-07-08\\vo\\ai-text-audio-saas\\node_modules\\browserslist',
745 silly reify   'C:\\Users\\Savad\\Documents\\Codex\\2026-07-08\\vo\\ai-text-audio-saas\\node_modules\\.bin\\browserslist',
745 silly reify   'C:\\Users\\Savad\\Documents\\Codex\\2026-07-08\\vo\\ai-text-audio-saas\\node_modules\\.bin\\browserslist.cmd',
745 silly reify   'C:\\Users\\Savad\\Documents\\Codex\\2026-07-08\\vo\\ai-text-audio-saas\\node_modules\\.bin\\browserslist.ps1'
745 silly reify ]
746 silly reify mark retired [
746 silly reify   'C:\\Users\\Savad\\Documents\\Codex\\2026-07-08\\vo\\ai-text-audio-saas\\node_modules\\clsx'
746 silly reify ]
747 silly reify mark retired [
747 silly reify   'C:\\Users\\Savad\\Documents\\Codex\\2026-07-08\\vo\\ai-text-audio-saas\\node_modules\\class-variance-authority'
747 silly reify ]
748 silly reify mark retired [
748 silly reify   'C:\\Users\\Savad\\Documents\\Codex\\2026-07-08\\vo\\ai-text-audio-saas\\node_modules\\cssesc',
748 silly reify   'C:\\Users\\Savad\\Documents\\Codex\\2026-07-08\\vo\\ai-text-audio-saas\\node_modules\\.bin\\cssesc',
748 silly reify   'C:\\Users\\Savad\\Documents\\Codex\\2026-07-08\\vo\\ai-text-audio-saas\\node_modules\\.bin\\cssesc.cmd',
748 silly reify   'C:\\Users\\Savad\\Documents\\Codex\\2026-07-08\\vo\\ai-text-audio-saas\\node_modules\\.bin\\cssesc.ps1'
748 silly reify ]
749 silly reify mark retired [
749 silly reify   'C:\\Users\\Savad\\Documents\\Codex\\2026-07-08\\vo\\ai-text-audio-saas\\node_modules\\eslint-config-next'
749 silly reify ]
750 silly reify mark retired [
750 silly reify   'C:\\Users\\Savad\\Documents\\Codex\\2026-07-08\\vo\\ai-text-audio-saas\\node_modules\\esbuild',
750 silly reify   'C:\\Users\\Savad\\Documents\\Codex\\2026-07-08\\vo\\ai-text-audio-saas\\node_modules\\.bin\\esbuild',
750 silly reify   'C:\\Users\\Savad\\Documents\\Codex\\2026-07-08\\vo\\ai-text-audio-saas\\node_modules\\.bin\\esbuild.cmd',
750 silly reify   'C:\\Users\\Savad\\Documents\\Codex\\2026-07-08\\vo\\ai-text-audio-saas\\node_modules\\.bin\\esbuild.ps1'
750 silly reify ]
751 silly reify mark retired [
751 silly reify   'C:\\Users\\Savad\\Documents\\Codex\\2026-07-08\\vo\\ai-text-audio-saas\\node_modules\\giget',
751 silly reify   'C:\\Users\\Savad\\Documents\\Codex\\2026-07-08\\vo\\ai-text-audio-saas\\node_modules\\.bin\\giget',
751 silly reify   'C:\\Users\\Savad\\Documents\\Codex\\2026-07-08\\vo\\ai-text-audio-saas\\node_modules\\.bin\\giget.cmd',
751 silly reify   'C:\\Users\\Savad\\Documents\\Codex\\2026-07-08\\vo\\ai-text-audio-saas\\node_modules\\.bin\\giget.ps1'
751 silly reify ]
752 silly reify mark retired [
752 silly reify   'C:\\Users\\Savad\\Documents\\Codex\\2026-07-08\\vo\\ai-text-audio-saas\\node_modules\\is-bun-module\\node_modules\\semver',
752 silly reify   'C:\\Users\\Savad\\Documents\\Codex\\2026-07-08\\vo\\ai-text-audio-saas\\node_modules\\is-bun-module\\node_modules\\.bin\\semver',
752 silly reify   'C:\\Users\\Savad\\Documents\\Codex\\2026-07-08\\vo\\ai-text-audio-saas\\node_modules\\is-bun-module\\node_modules\\.bin\\semver.cmd',
752 silly reify   'C:\\Users\\Savad\\Documents\\Codex\\2026-07-08\\vo\\ai-text-audio-saas\\node_modules\\is-bun-module\\node_modules\\.bin\\semver.ps1'
752 silly reify ]
753 silly reify mark retired [
753 silly reify   'C:\\Users\\Savad\\Documents\\Codex\\2026-07-08\\vo\\ai-text-audio-saas\\node_modules\\jiti',
753 silly reify   'C:\\Users\\Savad\\Documents\\Codex\\2026-07-08\\vo\\ai-text-audio-saas\\node_modules\\.bin\\jiti',
753 silly reify   'C:\\Users\\Savad\\Documents\\Codex\\2026-07-08\\vo\\ai-text-audio-saas\\node_modules\\.bin\\jiti.cmd',
753 silly reify   'C:\\Users\\Savad\\Documents\\Codex\\2026-07-08\\vo\\ai-text-audio-saas\\node_modules\\.bin\\jiti.ps1'
753 silly reify ]
754 silly reify mark retired [
754 silly reify   'C:\\Users\\Savad\\Documents\\Codex\\2026-07-08\\vo\\ai-text-audio-saas\\node_modules\\jsesc',
754 silly reify   'C:\\Users\\Savad\\Documents\\Codex\\2026-07-08\\vo\\ai-text-audio-saas\\node_modules\\.bin\\jsesc',
754 silly reify   'C:\\Users\\Savad\\Documents\\Codex\\2026-07-08\\vo\\ai-text-audio-saas\\node_modules\\.bin\\jsesc.cmd',
754 silly reify   'C:\\Users\\Savad\\Documents\\Codex\\2026-07-08\\vo\\ai-text-audio-saas\\node_modules\\.bin\\jsesc.ps1'
754 silly reify ]
755 silly reify mark retired [
755 silly reify   'C:\\Users\\Savad\\Documents\\Codex\\2026-07-08\\vo\\ai-text-audio-saas\\node_modules\\json5',
755 silly reify   'C:\\Users\\Savad\\Documents\\Codex\\2026-07-08\\vo\\ai-text-audio-saas\\node_modules\\.bin\\json5',
755 silly reify   'C:\\Users\\Savad\\Documents\\Codex\\2026-07-08\\vo\\ai-text-audio-saas\\node_modules\\.bin\\json5.cmd',
755 silly reify   'C:\\Users\\Savad\\Documents\\Codex\\2026-07-08\\vo\\ai-text-audio-saas\\node_modules\\.bin\\json5.ps1'
755 silly reify ]
756 silly reify mark retired [
756 silly reify   'C:\\Users\\Savad\\Documents\\Codex\\2026-07-08\\vo\\ai-text-audio-saas\\node_modules\\loose-envify',
756 silly reify   'C:\\Users\\Savad\\Documents\\Codex\\2026-07-08\\vo\\ai-text-audio-saas\\node_modules\\.bin\\loose-envify',
756 silly reify   'C:\\Users\\Savad\\Documents\\Codex\\2026-07-08\\vo\\ai-text-audio-saas\\node_modules\\.bin\\loose-envify.cmd',
756 silly reify   'C:\\Users\\Savad\\Documents\\Codex\\2026-07-08\\vo\\ai-text-audio-saas\\node_modules\\.bin\\loose-envify.ps1'
756 silly reify ]
757 silly reify mark retired [
757 silly reify   'C:\\Users\\Savad\\Documents\\Codex\\2026-07-08\\vo\\ai-text-audio-saas\\node_modules\\lucide-react'
757 silly reify ]
758 silly reify mark retired [
758 silly reify   'C:\\Users\\Savad\\Documents\\Codex\\2026-07-08\\vo\\ai-text-audio-saas\\node_modules\\nanoid',
758 silly reify   'C:\\Users\\Savad\\Documents\\Codex\\2026-07-08\\vo\\ai-text-audio-saas\\node_modules\\.bin\\nanoid',
758 silly reify   'C:\\Users\\Savad\\Documents\\Codex\\2026-07-08\\vo\\ai-text-audio-saas\\node_modules\\.bin\\nanoid.cmd',
758 silly reify   'C:\\Users\\Savad\\Documents\\Codex\\2026-07-08\\vo\\ai-text-audio-saas\\node_modules\\.bin\\nanoid.ps1'
758 silly reify ]
759 silly reify mark retired [
759 silly reify   'C:\\Users\\Savad\\Documents\\Codex\\2026-07-08\\vo\\ai-text-audio-saas\\node_modules\\next-themes'
759 silly reify ]
760 silly reify mark retired [
760 silly reify   'C:\\Users\\Savad\\Documents\\Codex\\2026-07-08\\vo\\ai-text-audio-saas\\node_modules\\napi-postinstall',
760 silly reify   'C:\\Users\\Savad\\Documents\\Codex\\2026-07-08\\vo\\ai-text-audio-saas\\node_modules\\.bin\\napi-postinstall',
760 silly reify   'C:\\Users\\Savad\\Documents\\Codex\\2026-07-08\\vo\\ai-text-audio-saas\\node_modules\\.bin\\napi-postinstall.cmd',
760 silly reify   'C:\\Users\\Savad\\Documents\\Codex\\2026-07-08\\vo\\ai-text-audio-saas\\node_modules\\.bin\\napi-postinstall.ps1'
760 silly reify ]
761 silly reify mark retired [
761 silly reify   'C:\\Users\\Savad\\Documents\\Codex\\2026-07-08\\vo\\ai-text-audio-saas\\node_modules\\postcss-import\\node_modules\\resolve',
761 silly reify   'C:\\Users\\Savad\\Documents\\Codex\\2026-07-08\\vo\\ai-text-audio-saas\\node_modules\\postcss-import\\node_modules\\.bin\\resolve',
761 silly reify   'C:\\Users\\Savad\\Documents\\Codex\\2026-07-08\\vo\\ai-text-audio-saas\\node_modules\\postcss-import\\node_modules\\.bin\\resolve.cmd',
761 silly reify   'C:\\Users\\Savad\\Documents\\Codex\\2026-07-08\\vo\\ai-text-audio-saas\\node_modules\\postcss-import\\node_modules\\.bin\\resolve.ps1'
761 silly reify ]
762 silly reify mark retired [
762 silly reify   'C:\\Users\\Savad\\Documents\\Codex\\2026-07-08\\vo\\ai-text-audio-saas\\node_modules\\postcss'
762 silly reify ]
763 silly reify mark retired [
763 silly reify   'C:\\Users\\Savad\\Documents\\Codex\\2026-07-08\\vo\\ai-text-audio-saas\\node_modules\\react-dom'
763 silly reify ]
764 silly reify mark retired [
764 silly reify   'C:\\Users\\Savad\\Documents\\Codex\\2026-07-08\\vo\\ai-text-audio-saas\\node_modules\\react'
764 silly reify ]
765 silly reify mark retired [
765 silly reify   'C:\\Users\\Savad\\Documents\\Codex\\2026-07-08\\vo\\ai-text-audio-saas\\node_modules\\prisma',
765 silly reify   'C:\\Users\\Savad\\Documents\\Codex\\2026-07-08\\vo\\ai-text-audio-saas\\node_modules\\.bin\\prisma',
765 silly reify   'C:\\Users\\Savad\\Documents\\Codex\\2026-07-08\\vo\\ai-text-audio-saas\\node_modules\\.bin\\prisma.cmd',
765 silly reify   'C:\\Users\\Savad\\Documents\\Codex\\2026-07-08\\vo\\ai-text-audio-saas\\node_modules\\.bin\\prisma.ps1'
765 silly reify ]
766 silly reify mark retired [
766 silly reify   'C:\\Users\\Savad\\Documents\\Codex\\2026-07-08\\vo\\ai-text-audio-saas\\node_modules\\resolve',
766 silly reify   'C:\\Users\\Savad\\Documents\\Codex\\2026-07-08\\vo\\ai-text-audio-saas\\node_modules\\.bin\\resolve',
766 silly reify   'C:\\Users\\Savad\\Documents\\Codex\\2026-07-08\\vo\\ai-text-audio-saas\\node_modules\\.bin\\resolve.cmd',
766 silly reify   'C:\\Users\\Savad\\Documents\\Codex\\2026-07-08\\vo\\ai-text-audio-saas\\node_modules\\.bin\\resolve.ps1'
766 silly reify ]
767 silly reify mark retired [
767 silly reify   'C:\\Users\\Savad\\Documents\\Codex\\2026-07-08\\vo\\ai-text-audio-saas\\node_modules\\semver',
767 silly reify   'C:\\Users\\Savad\\Documents\\Codex\\2026-07-08\\vo\\ai-text-audio-saas\\node_modules\\.bin\\semver',
767 silly reify   'C:\\Users\\Savad\\Documents\\Codex\\2026-07-08\\vo\\ai-text-audio-saas\\node_modules\\.bin\\semver.cmd',
767 silly reify   'C:\\Users\\Savad\\Documents\\Codex\\2026-07-08\\vo\\ai-text-audio-saas\\node_modules\\.bin\\semver.ps1'
767 silly reify ]
768 silly reify mark retired [
768 silly reify   'C:\\Users\\Savad\\Documents\\Codex\\2026-07-08\\vo\\ai-text-audio-saas\\node_modules\\sharp\\node_modules\\semver',
768 silly reify   'C:\\Users\\Savad\\Documents\\Codex\\2026-07-08\\vo\\ai-text-audio-saas\\node_modules\\sharp\\node_modules\\.bin\\semver',
768 silly reify   'C:\\Users\\Savad\\Documents\\Codex\\2026-07-08\\vo\\ai-text-audio-saas\\node_modules\\sharp\\node_modules\\.bin\\semver.cmd',
768 silly reify   'C:\\Users\\Savad\\Documents\\Codex\\2026-07-08\\vo\\ai-text-audio-saas\\node_modules\\sharp\\node_modules\\.bin\\semver.ps1'
768 silly reify ]
769 silly reify mark retired [
769 silly reify   'C:\\Users\\Savad\\Documents\\Codex\\2026-07-08\\vo\\ai-text-audio-saas\\node_modules\\sonner'
769 silly reify ]
770 silly reify mark retired [
770 silly reify   'C:\\Users\\Savad\\Documents\\Codex\\2026-07-08\\vo\\ai-text-audio-saas\\node_modules\\superjson'
770 silly reify ]
771 silly reify mark retired [
771 silly reify   'C:\\Users\\Savad\\Documents\\Codex\\2026-07-08\\vo\\ai-text-audio-saas\\node_modules\\tsconfig-paths\\node_modules\\json5',
771 silly reify   'C:\\Users\\Savad\\Documents\\Codex\\2026-07-08\\vo\\ai-text-audio-saas\\node_modules\\tsconfig-paths\\node_modules\\.bin\\json5',
771 silly reify   'C:\\Users\\Savad\\Documents\\Codex\\2026-07-08\\vo\\ai-text-audio-saas\\node_modules\\tsconfig-paths\\node_modules\\.bin\\json5.cmd',
771 silly reify   'C:\\Users\\Savad\\Documents\\Codex\\2026-07-08\\vo\\ai-text-audio-saas\\node_modules\\tsconfig-paths\\node_modules\\.bin\\json5.ps1'
771 silly reify ]
772 silly reify mark retired [
772 silly reify   'C:\\Users\\Savad\\Documents\\Codex\\2026-07-08\\vo\\ai-text-audio-saas\\node_modules\\tailwind-merge'
772 silly reify ]
773 silly reify mark retired [
773 silly reify   'C:\\Users\\Savad\\Documents\\Codex\\2026-07-08\\vo\\ai-text-audio-saas\\node_modules\\tsx',
773 silly reify   'C:\\Users\\Savad\\Documents\\Codex\\2026-07-08\\vo\\ai-text-audio-saas\\node_modules\\.bin\\tsx',
773 silly reify   'C:\\Users\\Savad\\Documents\\Codex\\2026-07-08\\vo\\ai-text-audio-saas\\node_modules\\.bin\\tsx.cmd',
773 silly reify   'C:\\Users\\Savad\\Documents\\Codex\\2026-07-08\\vo\\ai-text-audio-saas\\node_modules\\.bin\\tsx.ps1'
773 silly reify ]
774 silly reify mark retired [
774 silly reify   'C:\\Users\\Savad\\Documents\\Codex\\2026-07-08\\vo\\ai-text-audio-saas\\node_modules\\update-browserslist-db',
774 silly reify   'C:\\Users\\Savad\\Documents\\Codex\\2026-07-08\\vo\\ai-text-audio-saas\\node_modules\\.bin\\update-browserslist-db',
774 silly reify   'C:\\Users\\Savad\\Documents\\Codex\\2026-07-08\\vo\\ai-text-audio-saas\\node_modules\\.bin\\update-browserslist-db.cmd',
774 silly reify   'C:\\Users\\Savad\\Documents\\Codex\\2026-07-08\\vo\\ai-text-audio-saas\\node_modules\\.bin\\update-browserslist-db.ps1'
774 silly reify ]
775 silly reify mark retired [
775 silly reify   'C:\\Users\\Savad\\Documents\\Codex\\2026-07-08\\vo\\ai-text-audio-saas\\node_modules\\which',
775 silly reify   'C:\\Users\\Savad\\Documents\\Codex\\2026-07-08\\vo\\ai-text-audio-saas\\node_modules\\.bin\\node-which',
775 silly reify   'C:\\Users\\Savad\\Documents\\Codex\\2026-07-08\\vo\\ai-text-audio-saas\\node_modules\\.bin\\node-which.cmd',
775 silly reify   'C:\\Users\\Savad\\Documents\\Codex\\2026-07-08\\vo\\ai-text-audio-saas\\node_modules\\.bin\\node-which.ps1'
775 silly reify ]
776 silly reify mark retired [
776 silly reify   'C:\\Users\\Savad\\Documents\\Codex\\2026-07-08\\vo\\ai-text-audio-saas\\node_modules\\@babel\\parser',
776 silly reify   'C:\\Users\\Savad\\Documents\\Codex\\2026-07-08\\vo\\ai-text-audio-saas\\node_modules\\.bin\\parser',
776 silly reify   'C:\\Users\\Savad\\Documents\\Codex\\2026-07-08\\vo\\ai-text-audio-saas\\node_modules\\.bin\\parser.cmd',
776 silly reify   'C:\\Users\\Savad\\Documents\\Codex\\2026-07-08\\vo\\ai-text-audio-saas\\node_modules\\.bin\\parser.ps1'
776 silly reify ]
777 silly reify mark retired [
777 silly reify   'C:\\Users\\Savad\\Documents\\Codex\\2026-07-08\\vo\\ai-text-audio-saas\\node_modules\\@better-auth\\prisma-adapter'
777 silly reify ]
778 silly reify mark retired [
778 silly reify   'C:\\Users\\Savad\\Documents\\Codex\\2026-07-08\\vo\\ai-text-audio-saas\\node_modules\\@electric-sql\\pglite-socket',
778 silly reify   'C:\\Users\\Savad\\Documents\\Codex\\2026-07-08\\vo\\ai-text-audio-saas\\node_modules\\.bin\\pglite-server',
778 silly reify   'C:\\Users\\Savad\\Documents\\Codex\\2026-07-08\\vo\\ai-text-audio-saas\\node_modules\\.bin\\pglite-server.cmd',
778 silly reify   'C:\\Users\\Savad\\Documents\\Codex\\2026-07-08\\vo\\ai-text-audio-saas\\node_modules\\.bin\\pglite-server.ps1'
778 silly reify ]
779 silly reify mark retired [
779 silly reify   'C:\\Users\\Savad\\Documents\\Codex\\2026-07-08\\vo\\ai-text-audio-saas\\node_modules\\@better-auth-ui\\react'
779 silly reify ]
780 silly reify mark retired [
780 silly reify   'C:\\Users\\Savad\\Documents\\Codex\\2026-07-08\\vo\\ai-text-audio-saas\\node_modules\\@better-auth-ui\\core'
780 silly reify ]
781 silly reify mark retired [
781 silly reify   'C:\\Users\\Savad\\Documents\\Codex\\2026-07-08\\vo\\ai-text-audio-saas\\node_modules\\@prisma\\streams-local\\node_modules\\ajv'
781 silly reify ]
782 silly reify mark retired [
782 silly reify   'C:\\Users\\Savad\\Documents\\Codex\\2026-07-08\\vo\\ai-text-audio-saas\\node_modules\\@trpc\\react-query'
782 silly reify ]
783 silly reify mark retired [
783 silly reify   'C:\\Users\\Savad\\Documents\\Codex\\2026-07-08\\vo\\ai-text-audio-saas\\node_modules\\@types\\node'
783 silly reify ]
784 silly reify mark retired [
784 silly reify   'C:\\Users\\Savad\\Documents\\Codex\\2026-07-08\\vo\\ai-text-audio-saas\\node_modules\\@types\\react-dom'
784 silly reify ]
785 silly reify mark retired [
785 silly reify   'C:\\Users\\Savad\\Documents\\Codex\\2026-07-08\\vo\\ai-text-audio-saas\\node_modules\\@types\\react'
785 silly reify ]
786 silly reify mark retired [
786 silly reify   'C:\\Users\\Savad\\Documents\\Codex\\2026-07-08\\vo\\ai-text-audio-saas\\node_modules\\@trpc\\server',
786 silly reify   'C:\\Users\\Savad\\Documents\\Codex\\2026-07-08\\vo\\ai-text-audio-saas\\node_modules\\.bin\\intent',
786 silly reify   'C:\\Users\\Savad\\Documents\\Codex\\2026-07-08\\vo\\ai-text-audio-saas\\node_modules\\.bin\\intent.cmd',
786 silly reify   'C:\\Users\\Savad\\Documents\\Codex\\2026-07-08\\vo\\ai-text-audio-saas\\node_modules\\.bin\\intent.ps1'
786 silly reify ]
787 silly reify mark retired [
787 silly reify   'C:\\Users\\Savad\\Documents\\Codex\\2026-07-08\\vo\\ai-text-audio-saas\\node_modules\\@typescript-eslint\\typescript-estree\\node_modules\\semver',
787 silly reify   'C:\\Users\\Savad\\Documents\\Codex\\2026-07-08\\vo\\ai-text-audio-saas\\node_modules\\@typescript-eslint\\typescript-estree\\node_modules\\.bin\\semver',
787 silly reify   'C:\\Users\\Savad\\Documents\\Codex\\2026-07-08\\vo\\ai-text-audio-saas\\node_modules\\@typescript-eslint\\typescript-estree\\node_modules\\.bin\\semver.cmd',
787 silly reify   'C:\\Users\\Savad\\Documents\\Codex\\2026-07-08\\vo\\ai-text-audio-saas\\node_modules\\@typescript-eslint\\typescript-estree\\node_modules\\.bin\\semver.ps1'
787 silly reify ]
788 silly reify mark retired [
788 silly reify   'C:\\Users\\Savad\\Documents\\Codex\\2026-07-08\\vo\\ai-text-audio-saas\\node_modules\\@trpc\\client',
788 silly reify   'C:\\Users\\Savad\\Documents\\Codex\\2026-07-08\\vo\\ai-text-audio-saas\\node_modules\\.bin\\intent',
788 silly reify   'C:\\Users\\Savad\\Documents\\Codex\\2026-07-08\\vo\\ai-text-audio-saas\\node_modules\\.bin\\intent.cmd',
788 silly reify   'C:\\Users\\Savad\\Documents\\Codex\\2026-07-08\\vo\\ai-text-audio-saas\\node_modules\\.bin\\intent.ps1'
788 silly reify ]
789 silly reify moves {
789 silly reify   'C:\\Users\\Savad\\Documents\\Codex\\2026-07-08\\vo\\ai-text-audio-saas\\node_modules\\aria-query': 'C:\\Users\\Savad\\Documents\\Codex\\2026-07-08\\vo\\ai-text-audio-saas\\node_modules\\.aria-query-kE9RV6As',
789 silly reify   'C:\\Users\\Savad\\Documents\\Codex\\2026-07-08\\vo\\ai-text-audio-saas\\node_modules\\axobject-query': 'C:\\Users\\Savad\\Documents\\Codex\\2026-07-08\\vo\\ai-text-audio-saas\\node_modules\\.axobject-query-a2qDbboQ',
789 silly reify   'C:\\Users\\Savad\\Documents\\Codex\\2026-07-08\\vo\\ai-text-audio-saas\\node_modules\\caniuse-lite': 'C:\\Users\\Savad\\Documents\\Codex\\2026-07-08\\vo\\ai-text-audio-saas\\node_modules\\.caniuse-lite-yGEazKfN',
789 silly reify   'C:\\Users\\Savad\\Documents\\Codex\\2026-07-08\\vo\\ai-text-audio-saas\\node_modules\\effect': 'C:\\Users\\Savad\\Documents\\Codex\\2026-07-08\\vo\\ai-text-audio-saas\\node_modules\\.effect-nHXUHPJV',
789 silly reify   'C:\\Users\\Savad\\Documents\\Codex\\2026-07-08\\vo\\ai-text-audio-saas\\node_modules\\eslint': 'C:\\Users\\Savad\\Documents\\Codex\\2026-07-08\\vo\\ai-text-audio-saas\\node_modules\\.eslint-XrjzgVUZ',
789 silly reify   'C:\\Users\\Savad\\Documents\\Codex\\2026-07-08\\vo\\ai-text-audio-saas\\node_modules\\eslint-plugin-react': 'C:\\Users\\Savad\\Documents\\Codex\\2026-07-08\\vo\\ai-text-audio-saas\\node_modules\\.eslint-plugin-react-EcwJib1p',
789 silly reify   'C:\\Users\\Savad\\Documents\\Codex\\2026-07-08\\vo\\ai-text-audio-saas\\node_modules\\eslint-plugin-jsx-a11y': 'C:\\Users\\Savad\\Documents\\Codex\\2026-07-08\\vo\\ai-text-audio-saas\\node_modules\\.eslint-plugin-jsx-a11y-c7cGCFeO',
789 silly reify   'C:\\Users\\Savad\\Documents\\Codex\\2026-07-08\\vo\\ai-text-audio-saas\\node_modules\\fast-check': 'C:\\Users\\Savad\\Documents\\Codex\\2026-07-08\\vo\\ai-text-audio-saas\\node_modules\\.fast-check-XGDyTD3D',
789 silly reify   'C:\\Users\\Savad\\Documents\\Codex\\2026-07-08\\vo\\ai-text-audio-saas\\node_modules\\hono': 'C:\\Users\\Savad\\Documents\\Codex\\2026-07-08\\vo\\ai-text-audio-saas\\node_modules\\.hono-kpKesHkd',
789 silly reify   'C:\\Users\\Savad\\Documents\\Codex\\2026-07-08\\vo\\ai-text-audio-saas\\node_modules\\kysely': 'C:\\Users\\Savad\\Documents\\Codex\\2026-07-08\\vo\\ai-text-audio-saas\\node_modules\\.kysely-VfghtinK',
789 silly reify   'C:\\Users\\Savad\\Documents\\Codex\\2026-07-08\\vo\\ai-text-audio-saas\\node_modules\\next': 'C:\\Users\\Savad\\Documents\\Codex\\2026-07-08\\vo\\ai-text-audio-saas\\node_modules\\.next-qIUlaQ5C',
789 silly reify   'C:\\Users\\Savad\\Documents\\Codex\\2026-07-08\\vo\\ai-text-audio-saas\\node_modules\\remeda': 'C:\\Users\\Savad\\Documents\\Codex\\2026-07-08\\vo\\ai-text-audio-saas\\node_modules\\.remeda-gQHFBwVs',
789 silly reify   'C:\\Users\\Savad\\Documents\\Codex\\2026-07-08\\vo\\ai-text-audio-saas\\node_modules\\sucrase': 'C:\\Users\\Savad\\Documents\\Codex\\2026-07-08\\vo\\ai-text-audio-saas\\node_modules\\.sucrase-xwZ8lrhV',
789 silly reify   'C:\\Users\\Savad\\Documents\\Codex\\2026-07-08\\vo\\ai-text-audio-saas\\node_modules\\tailwindcss': 'C:\\Users\\Savad\\Documents\\Codex\\2026-07-08\\vo\\ai-text-audio-saas\\node_modules\\.tailwindcss-rBb1OwQh',
789 silly reify   'C:\\Users\\Savad\\Documents\\Codex\\2026-07-08\\vo\\ai-text-audio-saas\\node_modules\\typescript': 'C:\\Users\\Savad\\Documents\\Codex\\2026-07-08\\vo\\ai-text-audio-saas\\node_modules\\.typescript-eZFKLiNd',
789 silly reify   'C:\\Users\\Savad\\Documents\\Codex\\2026-07-08\\vo\\ai-text-audio-saas\\node_modules\\zod': 'C:\\Users\\Savad\\Documents\\Codex\\2026-07-08\\vo\\ai-text-audio-saas\\node_modules\\.zod-dA4vj9fG',
789 silly reify   'C:\\Users\\Savad\\Documents\\Codex\\2026-07-08\\vo\\ai-text-audio-saas\\node_modules\\@babel\\core': 'C:\\Users\\Savad\\Documents\\Codex\\2026-07-08\\vo\\ai-text-audio-saas\\node_modules\\@babel\\.core-8gsji4LU',
789 silly reify   'C:\\Users\\Savad\\Documents\\Codex\\2026-07-08\\vo\\ai-text-audio-saas\\node_modules\\@babel\\helpers': 'C:\\Users\\Savad\\Documents\\Codex\\2026-07-08\\vo\\ai-text-audio-saas\\node_modules\\@babel\\.helpers-Tz2ip1ns',
789 silly reify   'C:\\Users\\Savad\\Documents\\Codex\\2026-07-08\\vo\\ai-text-audio-saas\\node_modules\\@electric-sql\\pglite': 'C:\\Users\\Savad\\Documents\\Codex\\2026-07-08\\vo\\ai-text-audio-saas\\node_modules\\@electric-sql\\.pglite-0EpxTiqY',
789 silly reify   'C:\\Users\\Savad\\Documents\\Codex\\2026-07-08\\vo\\ai-text-audio-saas\\node_modules\\@prisma\\client': 'C:\\Users\\Savad\\Documents\\Codex\\2026-07-08\\vo\\ai-text-audio-saas\\node_modules\\@prisma\\.client-PPTHAcLl',
789 silly reify   'C:\\Users\\Savad\\Documents\\Codex\\2026-07-08\\vo\\ai-text-audio-saas\\node_modules\\@prisma\\studio-core': 'C:\\Users\\Savad\\Documents\\Codex\\2026-07-08\\vo\\ai-text-audio-saas\\node_modules\\@prisma\\.studio-core-yiERahep',
789 silly reify   'C:\\Users\\Savad\\Documents\\Codex\\2026-07-08\\vo\\ai-text-audio-saas\\node_modules\\@tanstack\\query-core': 'C:\\Users\\Savad\\Documents\\Codex\\2026-07-08\\vo\\ai-text-audio-saas\\node_modules\\@tanstack\\.query-core-x6kgIuz4',
789 silly reify   'C:\\Users\\Savad\\Documents\\Codex\\2026-07-08\\vo\\ai-text-audio-saas\\node_modules\\@tanstack\\react-query': 'C:\\Users\\Savad\\Documents\\Codex\\2026-07-08\\vo\\ai-text-audio-saas\\node_modules\\@tanstack\\.react-query-zkD338ZU',
789 silly reify   'C:\\Users\\Savad\\Documents\\Codex\\2026-07-08\\vo\\ai-text-audio-saas\\node_modules\\@swc\\helpers': 'C:\\Users\\Savad\\Documents\\Codex\\2026-07-08\\vo\\ai-text-audio-saas\\node_modules\\@swc\\.helpers-vTbzsZDp',
789 silly reify   'C:\\Users\\Savad\\Documents\\Codex\\2026-07-08\\vo\\ai-text-audio-saas\\node_modules\\@typescript\\typescript-win32-x64': 'C:\\Users\\Savad\\Documents\\Codex\\2026-07-08\\vo\\ai-text-audio-saas\\node_modules\\@typescript\\.typescript-win32-x64-NQ1iM8bO',
789 silly reify   'C:\\Users\\Savad\\Documents\\Codex\\2026-07-08\\vo\\ai-text-audio-saas\\node_modules\\@typescript-eslint\\eslint-plugin': 'C:\\Users\\Savad\\Documents\\Codex\\2026-07-08\\vo\\ai-text-audio-saas\\node_modules\\@typescript-eslint\\.eslint-plugin-iDK5z3Dd',
789 silly reify   'C:\\Users\\Savad\\Documents\\Codex\\2026-07-08\\vo\\ai-text-audio-saas\\node_modules\\@typescript-eslint\\scope-manager': 'C:\\Users\\Savad\\Documents\\Codex\\2026-07-08\\vo\\ai-text-audio-saas\\node_modules\\@typescript-eslint\\.scope-manager-IgVYWrTi',
789 silly reify   'C:\\Users\\Savad\\Documents\\Codex\\2026-07-08\\vo\\ai-text-audio-saas\\node_modules\\acorn': 'C:\\Users\\Savad\\Documents\\Codex\\2026-07-08\\vo\\ai-text-audio-saas\\node_modules\\.acorn-tMu4fKYp',
789 silly reify   'C:\\Users\\Savad\\Documents\\Codex\\2026-07-08\\vo\\ai-text-audio-saas\\node_modules\\.bin\\acorn': 'C:\\Users\\Savad\\Documents\\Codex\\2026-07-08\\vo\\ai-text-audio-saas\\node_modules\\.bin\\.acorn-lBmlLRvV',
789 silly reify   'C:\\Users\\Savad\\Documents\\Codex\\2026-07-08\\vo\\ai-text-audio-saas\\node_modules\\.bin\\acorn.cmd': 'C:\\Users\\Savad\\Documents\\Codex\\2026-07-08\\vo\\ai-text-audio-saas\\node_modules\\.bin\\.acorn.cmd-MWdFxskO',
789 silly reify   'C:\\Users\\Savad\\Documents\\Codex\\2026-07-08\\vo\\ai-text-audio-saas\\node_modules\\.bin\\acorn.ps1': 'C:\\Users\\Savad\\Documents\\Codex\\2026-07-08\\vo\\ai-text-audio-saas\\node_modules\\.bin\\.acorn.ps1-oy7lYGjD',
789 silly reify   'C:\\Users\\Savad\\Documents\\Codex\\2026-07-08\\vo\\ai-text-audio-saas\\node_modules\\autoprefixer': 'C:\\Users\\Savad\\Documents\\Codex\\2026-07-08\\vo\\ai-text-audio-saas\\node_modules\\.autoprefixer-4ISqj4Xi',
789 silly reify   'C:\\Users\\Savad\\Documents\\Codex\\2026-07-08\\vo\\ai-text-audio-saas\\node_modules\\.bin\\autoprefixer': 'C:\\Users\\Savad\\Documents\\Codex\\2026-07-08\\vo\\ai-text-audio-saas\\node_modules\\.bin\\.autoprefixer-ABc8c3Yt',
789 silly reify   'C:\\Users\\Savad\\Documents\\Codex\\2026-07-08\\vo\\ai-text-audio-saas\\node_modules\\.bin\\autoprefixer.cmd': 'C:\\Users\\Savad\\Documents\\Codex\\2026-07-08\\vo\\ai-text-audio-saas\\node_modules\\.bin\\.autoprefixer.cmd-sM45ccXY',
789 silly reify   'C:\\Users\\Savad\\Documents\\Codex\\2026-07-08\\vo\\ai-text-audio-saas\\node_modules\\.bin\\autoprefixer.ps1': 'C:\\Users\\Savad\\Documents\\Codex\\2026-07-08\\vo\\ai-text-audio-saas\\node_modules\\.bin\\.autoprefixer.ps1-g5Cj3st1',
789 silly reify   'C:\\Users\\Savad\\Documents\\Codex\\2026-07-08\\vo\\ai-text-audio-saas\\node_modules\\baseline-browser-mapping': 'C:\\Users\\Savad\\Documents\\Codex\\2026-07-08\\vo\\ai-text-audio-saas\\node_modules\\.baseline-browser-mapping-WrfuJsvx',
789 silly reify   'C:\\Users\\Savad\\Documents\\Codex\\2026-07-08\\vo\\ai-text-audio-saas\\node_modules\\.bin\\baseline-browser-mapping': 'C:\\Users\\Savad\\Documents\\Codex\\2026-07-08\\vo\\ai-text-audio-saas\\node_modules\\.bin\\.baseline-browser-mapping-rN3F94R1',
789 silly reify   'C:\\Users\\Savad\\Documents\\Codex\\2026-07-08\\vo\\ai-text-audio-saas\\node_modules\\.bin\\baseline-browser-mapping.cmd': 'C:\\Users\\Savad\\Documents\\Codex\\2026-07-08\\vo\\ai-text-audio-saas\\node_modules\\.bin\\.baseline-browser-mapping.cmd-rZtiWUnh',
789 silly reify   'C:\\Users\\Savad\\Documents\\Codex\\2026-07-08\\vo\\ai-text-audio-saas\\node_modules\\.bin\\baseline-browser-mapping.ps1': 'C:\\Users\\Savad\\Documents\\Codex\\2026-07-08\\vo\\ai-text-audio-saas\\node_modules\\.bin\\.baseline-browser-mapping.ps1-50Bz71Bj',
789 silly reify   'C:\\Users\\Savad\\Documents\\Codex\\2026-07-08\\vo\\ai-text-audio-saas\\node_modules\\browserslist': 'C:\\Users\\Savad\\Documents\\Codex\\2026-07-08\\vo\\ai-text-audio-saas\\node_modules\\.browserslist-xMPPFc3U',
789 silly reify   'C:\\Users\\Savad\\Documents\\Codex\\2026-07-08\\vo\\ai-text-audio-saas\\node_modules\\.bin\\browserslist': 'C:\\Users\\Savad\\Documents\\Codex\\2026-07-08\\vo\\ai-text-audio-saas\\node_modules\\.bin\\.browserslist-vaRvX61S',
789 silly reify   'C:\\Users\\Savad\\Documents\\Codex\\2026-07-08\\vo\\ai-text-audio-saas\\node_modules\\.bin\\browserslist.cmd': 'C:\\Users\\Savad\\Documents\\Codex\\2026-07-08\\vo\\ai-text-audio-saas\\node_modules\\.bin\\.browserslist.cmd-qhFEOj8L',
789 silly reify   'C:\\Users\\Savad\\Documents\\Codex\\2026-07-08\\vo\\ai-text-audio-saas\\node_modules\\.bin\\browserslist.ps1': 'C:\\Users\\Savad\\Documents\\Codex\\2026-07-08\\vo\\ai-text-audio-saas\\node_modules\\.bin\\.browserslist.ps1-KEvZL2kG',
789 silly reify   'C:\\Users\\Savad\\Documents\\Codex\\2026-07-08\\vo\\ai-text-audio-saas\\node_modules\\clsx': 'C:\\Users\\Savad\\Documents\\Codex\\2026-07-08\\vo\\ai-text-audio-saas\\node_modules\\.clsx-6nGUM8lp',
789 silly reify   'C:\\Users\\Savad\\Documents\\Codex\\2026-07-08\\vo\\ai-text-audio-saas\\node_modules\\class-variance-authority': 'C:\\Users\\Savad\\Documents\\Codex\\2026-07-08\\vo\\ai-text-audio-saas\\node_modules\\.class-variance-authority-8aPke4QV',
789 silly reify   'C:\\Users\\Savad\\Documents\\Codex\\2026-07-08\\vo\\ai-text-audio-saas\\node_modules\\cssesc': 'C:\\Users\\Savad\\Documents\\Codex\\2026-07-08\\vo\\ai-text-audio-saas\\node_modules\\.cssesc-R3tXANLj',
789 silly reify   'C:\\Users\\Savad\\Documents\\Codex\\2026-07-08\\vo\\ai-text-audio-saas\\node_modules\\.bin\\cssesc': 'C:\\Users\\Savad\\Documents\\Codex\\2026-07-08\\vo\\ai-text-audio-saas\\node_modules\\.bin\\.cssesc-onsFZqpM',
789 silly reify   'C:\\Users\\Savad\\Documents\\Codex\\2026-07-08\\vo\\ai-text-audio-saas\\node_modules\\.bin\\cssesc.cmd': 'C:\\Users\\Savad\\Documents\\Codex\\2026-07-08\\vo\\ai-text-audio-saas\\node_modules\\.bin\\.cssesc.cmd-azROAv8r',
789 silly reify   'C:\\Users\\Savad\\Documents\\Codex\\2026-07-08\\vo\\ai-text-audio-saas\\node_modules\\.bin\\cssesc.ps1': 'C:\\Users\\Savad\\Documents\\Codex\\2026-07-08\\vo\\ai-text-audio-saas\\node_modules\\.bin\\.cssesc.ps1-XPlO1rxy',
789 silly reify   'C:\\Users\\Savad\\Documents\\Codex\\2026-07-08\\vo\\ai-text-audio-saas\\node_modules\\eslint-config-next': 'C:\\Users\\Savad\\Documents\\Codex\\2026-07-08\\vo\\ai-text-audio-saas\\node_modules\\.eslint-config-next-vu99Rbi9',
789 silly reify   'C:\\Users\\Savad\\Documents\\Codex\\2026-07-08\\vo\\ai-text-audio-saas\\node_modules\\esbuild': 'C:\\Users\\Savad\\Documents\\Codex\\2026-07-08\\vo\\ai-text-audio-saas\\node_modules\\.esbuild-IYwzu2jj',
789 silly reify   'C:\\Users\\Savad\\Documents\\Codex\\2026-07-08\\vo\\ai-text-audio-saas\\node_modules\\.bin\\esbuild': 'C:\\Users\\Savad\\Documents\\Codex\\2026-07-08\\vo\\ai-text-audio-saas\\node_modules\\.bin\\.esbuild-mPj3ul4q',
789 silly reify   'C:\\Users\\Savad\\Documents\\Codex\\2026-07-08\\vo\\ai-text-audio-saas\\node_modules\\.bin\\esbuild.cmd': 'C:\\Users\\Savad\\Documents\\Codex\\2026-07-08\\vo\\ai-text-audio-saas\\node_modules\\.bin\\.esbuild.cmd-08qmfEWY',
789 silly reify   'C:\\Users\\Savad\\Documents\\Codex\\2026-07-08\\vo\\ai-text-audio-saas\\node_modules\\.bin\\esbuild.ps1': 'C:\\Users\\Savad\\Documents\\Codex\\2026-07-08\\vo\\ai-text-audio-saas\\node_modules\\.bin\\.esbuild.ps1-lWzclzzu',
789 silly reify   'C:\\Users\\Savad\\Documents\\Codex\\2026-07-08\\vo\\ai-text-audio-saas\\node_modules\\giget': 'C:\\Users\\Savad\\Documents\\Codex\\2026-07-08\\vo\\ai-text-audio-saas\\node_modules\\.giget-zaFj2Wsz',
789 silly reify   'C:\\Users\\Savad\\Documents\\Codex\\2026-07-08\\vo\\ai-text-audio-saas\\node_modules\\.bin\\giget': 'C:\\Users\\Savad\\Documents\\Codex\\2026-07-08\\vo\\ai-text-audio-saas\\node_modules\\.bin\\.giget-ytX9mAOX',
789 silly reify   'C:\\Users\\Savad\\Documents\\Codex\\2026-07-08\\vo\\ai-text-audio-saas\\node_modules\\.bin\\giget.cmd': 'C:\\Users\\Savad\\Documents\\Codex\\2026-07-08\\vo\\ai-text-audio-saas\\node_modules\\.bin\\.giget.cmd-VfMooCf2',
789 silly reify   'C:\\Users\\Savad\\Documents\\Codex\\2026-07-08\\vo\\ai-text-audio-saas\\node_modules\\.bin\\giget.ps1': 'C:\\Users\\Savad\\Documents\\Codex\\2026-07-08\\vo\\ai-text-audio-saas\\node_modules\\.bin\\.giget.ps1-D3lpubVL',
789 silly reify   'C:\\Users\\Savad\\Documents\\Codex\\2026-07-08\\vo\\ai-text-audio-saas\\node_modules\\is-bun-module\\node_modules\\semver': 'C:\\Users\\Savad\\Documents\\Codex\\2026-07-08\\vo\\ai-text-audio-saas\\node_modules\\is-bun-module\\node_modules\\.semver-QAbLemEd',
789 silly reify   'C:\\Users\\Savad\\Documents\\Codex\\2026-07-08\\vo\\ai-text-audio-saas\\node_modules\\is-bun-module\\node_modules\\.bin\\semver': 'C:\\Users\\Savad\\Documents\\Codex\\2026-07-08\\vo\\ai-text-audio-saas\\node_modules\\is-bun-module\\node_modules\\.bin\\.semver-hYJvifWg',
789 silly reify   'C:\\Users\\Savad\\Documents\\Codex\\2026-07-08\\vo\\ai-text-audio-saas\\node_modules\\is-bun-module\\node_modules\\.bin\\semver.cmd': 'C:\\Users\\Savad\\Documents\\Codex\\2026-07-08\\vo\\ai-text-audio-saas\\node_modules\\is-bun-module\\node_modules\\.bin\\.semver.cmd-JoQPk1rz',
789 silly reify   'C:\\Users\\Savad\\Documents\\Codex\\2026-07-08\\vo\\ai-text-audio-saas\\node_modules\\is-bun-module\\node_modules\\.bin\\semver.ps1': 'C:\\Users\\Savad\\Documents\\Codex\\2026-07-08\\vo\\ai-text-audio-saas\\node_modules\\is-bun-module\\node_modules\\.bin\\.semver.ps1-KXoKt6MD',
789 silly reify   'C:\\Users\\Savad\\Documents\\Codex\\2026-07-08\\vo\\ai-text-audio-saas\\node_modules\\jiti': 'C:\\Users\\Savad\\Documents\\Codex\\2026-07-08\\vo\\ai-text-audio-saas\\node_modules\\.jiti-ajmQILA6',
789 silly reify   'C:\\Users\\Savad\\Documents\\Codex\\2026-07-08\\vo\\ai-text-audio-saas\\node_modules\\.bin\\jiti': 'C:\\Users\\Savad\\Documents\\Codex\\2026-07-08\\vo\\ai-text-audio-saas\\node_modules\\.bin\\.jiti-qZbI4AQM',
789 silly reify   'C:\\Users\\Savad\\Documents\\Codex\\2026-07-08\\vo\\ai-text-audio-saas\\node_modules\\.bin\\jiti.cmd': 'C:\\Users\\Savad\\Documents\\Codex\\2026-07-08\\vo\\ai-text-audio-saas\\node_modules\\.bin\\.jiti.cmd-ui7fFfV9',
789 silly reify   'C:\\Users\\Savad\\Documents\\Codex\\2026-07-08\\vo\\ai-text-audio-saas\\node_modules\\.bin\\jiti.ps1': 'C:\\Users\\Savad\\Documents\\Codex\\2026-07-08\\vo\\ai-text-audio-saas\\node_modules\\.bin\\.jiti.ps1-tTWlWF4C',
789 silly reify   'C:\\Users\\Savad\\Documents\\Codex\\2026-07-08\\vo\\ai-text-audio-saas\\node_modules\\jsesc': 'C:\\Users\\Savad\\Documents\\Codex\\2026-07-08\\vo\\ai-text-audio-saas\\node_modules\\.jsesc-UwkVTFQ9',
789 silly reify   'C:\\Users\\Savad\\Documents\\Codex\\2026-07-08\\vo\\ai-text-audio-saas\\node_modules\\.bin\\jsesc': 'C:\\Users\\Savad\\Documents\\Codex\\2026-07-08\\vo\\ai-text-audio-saas\\node_modules\\.bin\\.jsesc-gyqJGGYJ',
789 silly reify   'C:\\Users\\Savad\\Documents\\Codex\\2026-07-08\\vo\\ai-text-audio-saas\\node_modules\\.bin\\jsesc.cmd': 'C:\\Users\\Savad\\Documents\\Codex\\2026-07-08\\vo\\ai-text-audio-saas\\node_modules\\.bin\\.jsesc.cmd-q9IaOtQa',
789 silly reify   'C:\\Users\\Savad\\Documents\\Codex\\2026-07-08\\vo\\ai-text-audio-saas\\node_modules\\.bin\\jsesc.ps1': 'C:\\Users\\Savad\\Documents\\Codex\\2026-07-08\\vo\\ai-text-audio-saas\\node_modules\\.bin\\.jsesc.ps1-X4p68yAI',
789 silly reify   'C:\\Users\\Savad\\Documents\\Codex\\2026-07-08\\vo\\ai-text-audio-saas\\node_modules\\json5': 'C:\\Users\\Savad\\Documents\\Codex\\2026-07-08\\vo\\ai-text-audio-saas\\node_modules\\.json5-c0O8QpEO',
789 silly reify   'C:\\Users\\Savad\\Documents\\Codex\\2026-07-08\\vo\\ai-text-audio-saas\\node_modules\\.bin\\json5': 'C:\\Users\\Savad\\Documents\\Codex\\2026-07-08\\vo\\ai-text-audio-saas\\node_modules\\.bin\\.json5-Va69HxcH',
789 silly reify   'C:\\Users\\Savad\\Documents\\Codex\\2026-07-08\\vo\\ai-text-audio-saas\\node_modules\\.bin\\json5.cmd': 'C:\\Users\\Savad\\Documents\\Codex\\2026-07-08\\vo\\ai-text-audio-saas\\node_modules\\.bin\\.json5.cmd-GWWdWkDL',
789 silly reify   'C:\\Users\\Savad\\Documents\\Codex\\2026-07-08\\vo\\ai-text-audio-saas\\node_modules\\.bin\\json5.ps1': 'C:\\Users\\Savad\\Documents\\Codex\\2026-07-08\\vo\\ai-text-audio-saas\\node_modules\\.bin\\.json5.ps1-chWy7TrE',
789 silly reify   'C:\\Users\\Savad\\Documents\\Codex\\2026-07-08\\vo\\ai-text-audio-saas\\node_modules\\loose-envify': 'C:\\Users\\Savad\\Documents\\Codex\\2026-07-08\\vo\\ai-text-audio-saas\\node_modules\\.loose-envify-h2K5wy8i',
789 silly reify   'C:\\Users\\Savad\\Documents\\Codex\\2026-07-08\\vo\\ai-text-audio-saas\\node_modules\\.bin\\loose-envify': 'C:\\Users\\Savad\\Documents\\Codex\\2026-07-08\\vo\\ai-text-audio-saas\\node_modules\\.bin\\.loose-envify-eVAJsU6d',
789 silly reify   'C:\\Users\\Savad\\Documents\\Codex\\2026-07-08\\vo\\ai-text-audio-saas\\node_modules\\.bin\\loose-envify.cmd': 'C:\\Users\\Savad\\Documents\\Codex\\2026-07-08\\vo\\ai-text-audio-saas\\node_modules\\.bin\\.loose-envify.cmd-vHP8GloL',
789 silly reify   'C:\\Users\\Savad\\Documents\\Codex\\2026-07-08\\vo\\ai-text-audio-saas\\node_modules\\.bin\\loose-envify.ps1': 'C:\\Users\\Savad\\Documents\\Codex\\2026-07-08\\vo\\ai-text-audio-saas\\node_modules\\.bin\\.loose-envify.ps1-OezIAKFM',
789 silly reify   'C:\\Users\\Savad\\Documents\\Codex\\2026-07-08\\vo\\ai-text-audio-saas\\node_modules\\lucide-react': 'C:\\Users\\Savad\\Documents\\Codex\\2026-07-08\\vo\\ai-text-audio-saas\\node_modules\\.lucide-react-Te74ZEgA',
789 silly reify   'C:\\Users\\Savad\\Documents\\Codex\\2026-07-08\\vo\\ai-text-audio-saas\\node_modules\\nanoid': 'C:\\Users\\Savad\\Documents\\Codex\\2026-07-08\\vo\\ai-text-audio-saas\\node_modules\\.nanoid-JkxHr29x',
789 silly reify   'C:\\Users\\Savad\\Documents\\Codex\\2026-07-08\\vo\\ai-text-audio-saas\\node_modules\\.bin\\nanoid': 'C:\\Users\\Savad\\Documents\\Codex\\2026-07-08\\vo\\ai-text-audio-saas\\node_modules\\.bin\\.nanoid-rWctJFy0',
789 silly reify   'C:\\Users\\Savad\\Documents\\Codex\\2026-07-08\\vo\\ai-text-audio-saas\\node_modules\\.bin\\nanoid.cmd': 'C:\\Users\\Savad\\Documents\\Codex\\2026-07-08\\vo\\ai-text-audio-saas\\node_modules\\.bin\\.nanoid.cmd-0ZMz2qhc',
789 silly reify   'C:\\Users\\Savad\\Documents\\Codex\\2026-07-08\\vo\\ai-text-audio-saas\\node_modules\\.bin\\nanoid.ps1': 'C:\\Users\\Savad\\Documents\\Codex\\2026-07-08\\vo\\ai-text-audio-saas\\node_modules\\.bin\\.nanoid.ps1-2z4out72',
789 silly reify   'C:\\Users\\Savad\\Documents\\Codex\\2026-07-08\\vo\\ai-text-audio-saas\\node_modules\\next-themes': 'C:\\Users\\Savad\\Documents\\Codex\\2026-07-08\\vo\\ai-text-audio-saas\\node_modules\\.next-themes-RK68A82F',
789 silly reify   'C:\\Users\\Savad\\Documents\\Codex\\2026-07-08\\vo\\ai-text-audio-saas\\node_modules\\napi-postinstall': 'C:\\Users\\Savad\\Documents\\Codex\\2026-07-08\\vo\\ai-text-audio-saas\\node_modules\\.napi-postinstall-D11702D9',
789 silly reify   'C:\\Users\\Savad\\Documents\\Codex\\2026-07-08\\vo\\ai-text-audio-saas\\node_modules\\.bin\\napi-postinstall': 'C:\\Users\\Savad\\Documents\\Codex\\2026-07-08\\vo\\ai-text-audio-saas\\node_modules\\.bin\\.napi-postinstall-B3Qx0w5t',
789 silly reify   'C:\\Users\\Savad\\Documents\\Codex\\2026-07-08\\vo\\ai-text-audio-saas\\node_modules\\.bin\\napi-postinstall.cmd': 'C:\\Users\\Savad\\Documents\\Codex\\2026-07-08\\vo\\ai-text-audio-saas\\node_modules\\.bin\\.napi-postinstall.cmd-0WkO7s3g',
789 silly reify   'C:\\Users\\Savad\\Documents\\Codex\\2026-07-08\\vo\\ai-text-audio-saas\\node_modules\\.bin\\napi-postinstall.ps1': 'C:\\Users\\Savad\\Documents\\Codex\\2026-07-08\\vo\\ai-text-audio-saas\\node_modules\\.bin\\.napi-postinstall.ps1-QLPpaEY7',
789 silly reify   'C:\\Users\\Savad\\Documents\\Codex\\2026-07-08\\vo\\ai-text-audio-saas\\node_modules\\postcss-import\\node_modules\\resolve': 'C:\\Users\\Savad\\Documents\\Codex\\2026-07-08\\vo\\ai-text-audio-saas\\node_modules\\postcss-import\\node_modules\\.resolve-ozmjs0o2',
789 silly reify   'C:\\Users\\Savad\\Documents\\Codex\\2026-07-08\\vo\\ai-text-audio-saas\\node_modules\\postcss-import\\node_modules\\.bin\\resolve': 'C:\\Users\\Savad\\Documents\\Codex\\2026-07-08\\vo\\ai-text-audio-saas\\node_modules\\postcss-import\\node_modules\\.bin\\.resolve-t4CowCFr',
789 silly reify   'C:\\Users\\Savad\\Documents\\Codex\\2026-07-08\\vo\\ai-text-audio-saas\\node_modules\\postcss-import\\node_modules\\.bin\\resolve.cmd': 'C:\\Users\\Savad\\Documents\\Codex\\2026-07-08\\vo\\ai-text-audio-saas\\node_modules\\postcss-import\\node_modules\\.bin\\.resolve.cmd-FDHrgRip',
789 silly reify   'C:\\Users\\Savad\\Documents\\Codex\\2026-07-08\\vo\\ai-text-audio-saas\\node_modules\\postcss-import\\node_modules\\.bin\\resolve.ps1': 'C:\\Users\\Savad\\Documents\\Codex\\2026-07-08\\vo\\ai-text-audio-saas\\node_modules\\postcss-import\\node_modules\\.bin\\.resolve.ps1-lO7yVfOP',
789 silly reify   'C:\\Users\\Savad\\Documents\\Codex\\2026-07-08\\vo\\ai-text-audio-saas\\node_modules\\postcss': 'C:\\Users\\Savad\\Documents\\Codex\\2026-07-08\\vo\\ai-text-audio-saas\\node_modules\\.postcss-DKDIQIEU',
789 silly reify   'C:\\Users\\Savad\\Documents\\Codex\\2026-07-08\\vo\\ai-text-audio-saas\\node_modules\\react-dom': 'C:\\Users\\Savad\\Documents\\Codex\\2026-07-08\\vo\\ai-text-audio-saas\\node_modules\\.react-dom-SbyhF6N4',
789 silly reify   'C:\\Users\\Savad\\Documents\\Codex\\2026-07-08\\vo\\ai-text-audio-saas\\node_modules\\react': 'C:\\Users\\Savad\\Documents\\Codex\\2026-07-08\\vo\\ai-text-audio-saas\\node_modules\\.react-Hs1mYy0f',
789 silly reify   'C:\\Users\\Savad\\Documents\\Codex\\2026-07-08\\vo\\ai-text-audio-saas\\node_modules\\prisma': 'C:\\Users\\Savad\\Documents\\Codex\\2026-07-08\\vo\\ai-text-audio-saas\\node_modules\\.prisma-Jgi9XrEf',
789 silly reify   'C:\\Users\\Savad\\Documents\\Codex\\2026-07-08\\vo\\ai-text-audio-saas\\node_modules\\.bin\\prisma': 'C:\\Users\\Savad\\Documents\\Codex\\2026-07-08\\vo\\ai-text-audio-saas\\node_modules\\.bin\\.prisma-2Xs2x7ob',
789 silly reify   'C:\\Users\\Savad\\Documents\\Codex\\2026-07-08\\vo\\ai-text-audio-saas\\node_modules\\.bin\\prisma.cmd': 'C:\\Users\\Savad\\Documents\\Codex\\2026-07-08\\vo\\ai-text-audio-saas\\node_modules\\.bin\\.prisma.cmd-OqVcU5Qx',
789 silly reify   'C:\\Users\\Savad\\Documents\\Codex\\2026-07-08\\vo\\ai-text-audio-saas\\node_modules\\.bin\\prisma.ps1': 'C:\\Users\\Savad\\Documents\\Codex\\2026-07-08\\vo\\ai-text-audio-saas\\node_modules\\.bin\\.prisma.ps1-Pzv9DHQi',
789 silly reify   'C:\\Users\\Savad\\Documents\\Codex\\2026-07-08\\vo\\ai-text-audio-saas\\node_modules\\resolve': 'C:\\Users\\Savad\\Documents\\Codex\\2026-07-08\\vo\\ai-text-audio-saas\\node_modules\\.resolve-klvbgB5E',
789 silly reify   'C:\\Users\\Savad\\Documents\\Codex\\2026-07-08\\vo\\ai-text-audio-saas\\node_modules\\.bin\\resolve': 'C:\\Users\\Savad\\Documents\\Codex\\2026-07-08\\vo\\ai-text-audio-saas\\node_modules\\.bin\\.resolve-Z8JmRuX6',
789 silly reify   'C:\\Users\\Savad\\Documents\\Codex\\2026-07-08\\vo\\ai-text-audio-saas\\node_modules\\.bin\\resolve.cmd': 'C:\\Users\\Savad\\Documents\\Codex\\2026-07-08\\vo\\ai-text-audio-saas\\node_modules\\.bin\\.resolve.cmd-LeF1Anlf',
789 silly reify   'C:\\Users\\Savad\\Documents\\Codex\\2026-07-08\\vo\\ai-text-audio-saas\\node_modules\\.bin\\resolve.ps1': 'C:\\Users\\Savad\\Documents\\Codex\\2026-07-08\\vo\\ai-text-audio-saas\\node_modules\\.bin\\.resolve.ps1-ogJHoCd9',
789 silly reify   'C:\\Users\\Savad\\Documents\\Codex\\2026-07-08\\vo\\ai-text-audio-saas\\node_modules\\semver': 'C:\\Users\\Savad\\Documents\\Codex\\2026-07-08\\vo\\ai-text-audio-saas\\node_modules\\.semver-tdmynjsj',
789 silly reify   'C:\\Users\\Savad\\Documents\\Codex\\2026-07-08\\vo\\ai-text-audio-saas\\node_modules\\.bin\\semver': 'C:\\Users\\Savad\\Documents\\Codex\\2026-07-08\\vo\\ai-text-audio-saas\\node_modules\\.bin\\.semver-n9niaQeL',
789 silly reify   'C:\\Users\\Savad\\Documents\\Codex\\2026-07-08\\vo\\ai-text-audio-saas\\node_modules\\.bin\\semver.cmd': 'C:\\Users\\Savad\\Documents\\Codex\\2026-07-08\\vo\\ai-text-audio-saas\\node_modules\\.bin\\.semver.cmd-YKtmrlxX',
789 silly reify   'C:\\Users\\Savad\\Documents\\Codex\\2026-07-08\\vo\\ai-text-audio-saas\\node_modules\\.bin\\semver.ps1': 'C:\\Users\\Savad\\Documents\\Codex\\2026-07-08\\vo\\ai-text-audio-saas\\node_modules\\.bin\\.semver.ps1-MLheLiVs',
789 silly reify   'C:\\Users\\Savad\\Documents\\Codex\\2026-07-08\\vo\\ai-text-audio-saas\\node_modules\\sharp\\node_modules\\semver': 'C:\\Users\\Savad\\Documents\\Codex\\2026-07-08\\vo\\ai-text-audio-saas\\node_modules\\sharp\\node_modules\\.semver-5SrNW95s',
789 silly reify   'C:\\Users\\Savad\\Documents\\Codex\\2026-07-08\\vo\\ai-text-audio-saas\\node_modules\\sharp\\node_modules\\.bin\\semver': 'C:\\Users\\Savad\\Documents\\Codex\\2026-07-08\\vo\\ai-text-audio-saas\\node_modules\\sharp\\node_modules\\.bin\\.semver-03Q2POha',
789 silly reify   'C:\\Users\\Savad\\Documents\\Codex\\2026-07-08\\vo\\ai-text-audio-saas\\node_modules\\sharp\\node_modules\\.bin\\semver.cmd': 'C:\\Users\\Savad\\Documents\\Codex\\2026-07-08\\vo\\ai-text-audio-saas\\node_modules\\sharp\\node_modules\\.bin\\.semver.cmd-qFHrlmvO',
789 silly reify   'C:\\Users\\Savad\\Documents\\Codex\\2026-07-08\\vo\\ai-text-audio-saas\\node_modules\\sharp\\node_modules\\.bin\\semver.ps1': 'C:\\Users\\Savad\\Documents\\Codex\\2026-07-08\\vo\\ai-text-audio-saas\\node_modules\\sharp\\node_modules\\.bin\\.semver.ps1-RV7mvfOT',
789 silly reify   'C:\\Users\\Savad\\Documents\\Codex\\2026-07-08\\vo\\ai-text-audio-saas\\node_modules\\sonner': 'C:\\Users\\Savad\\Documents\\Codex\\2026-07-08\\vo\\ai-text-audio-saas\\node_modules\\.sonner-64aJu92B',
789 silly reify   'C:\\Users\\Savad\\Documents\\Codex\\2026-07-08\\vo\\ai-text-audio-saas\\node_modules\\superjson': 'C:\\Users\\Savad\\Documents\\Codex\\2026-07-08\\vo\\ai-text-audio-saas\\node_modules\\.superjson-moZ1rbTu',
789 silly reify   'C:\\Users\\Savad\\Documents\\Codex\\2026-07-08\\vo\\ai-text-audio-saas\\node_modules\\tsconfig-paths\\node_modules\\json5': 'C:\\Users\\Savad\\Documents\\Codex\\2026-07-08\\vo\\ai-text-audio-saas\\node_modules\\tsconfig-paths\\node_modules\\.json5-tzSFKja8',
789 silly reify   'C:\\Users\\Savad\\Documents\\Codex\\2026-07-08\\vo\\ai-text-audio-saas\\node_modules\\tsconfig-paths\\node_modules\\.bin\\json5': 'C:\\Users\\Savad\\Documents\\Codex\\2026-07-08\\vo\\ai-text-audio-saas\\node_modules\\tsconfig-paths\\node_modules\\.bin\\.json5-vRrj3J3w',
789 silly reify   'C:\\Users\\Savad\\Documents\\Codex\\2026-07-08\\vo\\ai-text-audio-saas\\node_modules\\tsconfig-paths\\node_modules\\.bin\\json5.cmd': 'C:\\Users\\Savad\\Documents\\Codex\\2026-07-08\\vo\\ai-text-audio-saas\\node_modules\\tsconfig-paths\\node_modules\\.bin\\.json5.cmd-lximYzMS',
789 silly reify   'C:\\Users\\Savad\\Documents\\Codex\\2026-07-08\\vo\\ai-text-audio-saas\\node_modules\\tsconfig-paths\\node_modules\\.bin\\json5.ps1': 'C:\\Users\\Savad\\Documents\\Codex\\2026-07-08\\vo\\ai-text-audio-saas\\node_modules\\tsconfig-paths\\node_modules\\.bin\\.json5.ps1-floCgaag',
789 silly reify   'C:\\Users\\Savad\\Documents\\Codex\\2026-07-08\\vo\\ai-text-audio-saas\\node_modules\\tailwind-merge': 'C:\\Users\\Savad\\Documents\\Codex\\2026-07-08\\vo\\ai-text-audio-saas\\node_modules\\.tailwind-merge-SPolheI9',
789 silly reify   'C:\\Users\\Savad\\Documents\\Codex\\2026-07-08\\vo\\ai-text-audio-saas\\node_modules\\tsx': 'C:\\Users\\Savad\\Documents\\Codex\\2026-07-08\\vo\\ai-text-audio-saas\\node_modules\\.tsx-GmU4ChRw',
789 silly reify   'C:\\Users\\Savad\\Documents\\Codex\\2026-07-08\\vo\\ai-text-audio-saas\\node_modules\\.bin\\tsx': 'C:\\Users\\Savad\\Documents\\Codex\\2026-07-08\\vo\\ai-text-audio-saas\\node_modules\\.bin\\.tsx-gajEmIlL',
789 silly reify   'C:\\Users\\Savad\\Documents\\Codex\\2026-07-08\\vo\\ai-text-audio-saas\\node_modules\\.bin\\tsx.cmd': 'C:\\Users\\Savad\\Documents\\Codex\\2026-07-08\\vo\\ai-text-audio-saas\\node_modules\\.bin\\.tsx.cmd-KWmaEogB',
789 silly reify   'C:\\Users\\Savad\\Documents\\Codex\\2026-07-08\\vo\\ai-text-audio-saas\\node_modules\\.bin\\tsx.ps1': 'C:\\Users\\Savad\\Documents\\Codex\\2026-07-08\\vo\\ai-text-audio-saas\\node_modules\\.bin\\.tsx.ps1-BP8qDC0g',
789 silly reify   'C:\\Users\\Savad\\Documents\\Codex\\2026-07-08\\vo\\ai-text-audio-saas\\node_modules\\update-browserslist-db': 'C:\\Users\\Savad\\Documents\\Codex\\2026-07-08\\vo\\ai-text-audio-saas\\node_modules\\.update-browserslist-db-701NwThq',
789 silly reify   'C:\\Users\\Savad\\Documents\\Codex\\2026-07-08\\vo\\ai-text-audio-saas\\node_modules\\.bin\\update-browserslist-db': 'C:\\Users\\Savad\\Documents\\Codex\\2026-07-08\\vo\\ai-text-audio-saas\\node_modules\\.bin\\.update-browserslist-db-q5Q3Itos',
789 silly reify   'C:\\Users\\Savad\\Documents\\Codex\\2026-07-08\\vo\\ai-text-audio-saas\\node_modules\\.bin\\update-browserslist-db.cmd': 'C:\\Users\\Savad\\Documents\\Codex\\2026-07-08\\vo\\ai-text-audio-saas\\node_modules\\.bin\\.update-browserslist-db.cmd-qzHaccG4',
789 silly reify   'C:\\Users\\Savad\\Documents\\Codex\\2026-07-08\\vo\\ai-text-audio-saas\\node_modules\\.bin\\update-browserslist-db.ps1': 'C:\\Users\\Savad\\Documents\\Codex\\2026-07-08\\vo\\ai-text-audio-saas\\node_modules\\.bin\\.update-browserslist-db.ps1-twNbMHZW',
789 silly reify   'C:\\Users\\Savad\\Documents\\Codex\\2026-07-08\\vo\\ai-text-audio-saas\\node_modules\\which': 'C:\\Users\\Savad\\Documents\\Codex\\2026-07-08\\vo\\ai-text-audio-saas\\node_modules\\.which-7sO26UnA',
789 silly reify   'C:\\Users\\Savad\\Documents\\Codex\\2026-07-08\\vo\\ai-text-audio-saas\\node_modules\\.bin\\node-which': 'C:\\Users\\Savad\\Documents\\Codex\\2026-07-08\\vo\\ai-text-audio-saas\\node_modules\\.bin\\.node-which-81hK4XFx',
789 silly reify   'C:\\Users\\Savad\\Documents\\Codex\\2026-07-08\\vo\\ai-text-audio-saas\\node_modules\\.bin\\node-which.cmd': 'C:\\Users\\Savad\\Documents\\Codex\\2026-07-08\\vo\\ai-text-audio-saas\\node_modules\\.bin\\.node-which.cmd-epHUMWps',
789 silly reify   'C:\\Users\\Savad\\Documents\\Codex\\2026-07-08\\vo\\ai-text-audio-saas\\node_modules\\.bin\\node-which.ps1': 'C:\\Users\\Savad\\Documents\\Codex\\2026-07-08\\vo\\ai-text-audio-saas\\node_modules\\.bin\\.node-which.ps1-o7ZwRhOf',
789 silly reify   'C:\\Users\\Savad\\Documents\\Codex\\2026-07-08\\vo\\ai-text-audio-saas\\node_modules\\@babel\\parser': 'C:\\Users\\Savad\\Documents\\Codex\\2026-07-08\\vo\\ai-text-audio-saas\\node_modules\\@babel\\.parser-1CscMRnT',
789 silly reify   'C:\\Users\\Savad\\Documents\\Codex\\2026-07-08\\vo\\ai-text-audio-saas\\node_modules\\.bin\\parser': 'C:\\Users\\Savad\\Documents\\Codex\\2026-07-08\\vo\\ai-text-audio-saas\\node_modules\\.bin\\.parser-iEldYhNS',
789 silly reify   'C:\\Users\\Savad\\Documents\\Codex\\2026-07-08\\vo\\ai-text-audio-saas\\node_modules\\.bin\\parser.cmd': 'C:\\Users\\Savad\\Documents\\Codex\\2026-07-08\\vo\\ai-text-audio-saas\\node_modules\\.bin\\.parser.cmd-1BSsXTvv',
789 silly reify   'C:\\Users\\Savad\\Documents\\Codex\\2026-07-08\\vo\\ai-text-audio-saas\\node_modules\\.bin\\parser.ps1': 'C:\\Users\\Savad\\Documents\\Codex\\2026-07-08\\vo\\ai-text-audio-saas\\node_modules\\.bin\\.parser.ps1-EYn2kAFB',
789 silly reify   'C:\\Users\\Savad\\Documents\\Codex\\2026-07-08\\vo\\ai-text-audio-saas\\node_modules\\@better-auth\\prisma-adapter': 'C:\\Users\\Savad\\Documents\\Codex\\2026-07-08\\vo\\ai-text-audio-saas\\node_modules\\@better-auth\\.prisma-adapter-I6zJKhoR',
789 silly reify   'C:\\Users\\Savad\\Documents\\Codex\\2026-07-08\\vo\\ai-text-audio-saas\\node_modules\\@electric-sql\\pglite-socket': 'C:\\Users\\Savad\\Documents\\Codex\\2026-07-08\\vo\\ai-text-audio-saas\\node_modules\\@electric-sql\\.pglite-socket-1aoEjm5f',
789 silly reify   'C:\\Users\\Savad\\Documents\\Codex\\2026-07-08\\vo\\ai-text-audio-saas\\node_modules\\.bin\\pglite-server': 'C:\\Users\\Savad\\Documents\\Codex\\2026-07-08\\vo\\ai-text-audio-saas\\node_modules\\.bin\\.pglite-server-PrxfyrWy',
789 silly reify   'C:\\Users\\Savad\\Documents\\Codex\\2026-07-08\\vo\\ai-text-audio-saas\\node_modules\\.bin\\pglite-server.cmd': 'C:\\Users\\Savad\\Documents\\Codex\\2026-07-08\\vo\\ai-text-audio-saas\\node_modules\\.bin\\.pglite-server.cmd-63l5r5Nn',
789 silly reify   'C:\\Users\\Savad\\Documents\\Codex\\2026-07-08\\vo\\ai-text-audio-saas\\node_modules\\.bin\\pglite-server.ps1': 'C:\\Users\\Savad\\Documents\\Codex\\2026-07-08\\vo\\ai-text-audio-saas\\node_modules\\.bin\\.pglite-server.ps1-JdVkdTXl',
789 silly reify   'C:\\Users\\Savad\\Documents\\Codex\\2026-07-08\\vo\\ai-text-audio-saas\\node_modules\\@better-auth-ui\\react': 'C:\\Users\\Savad\\Documents\\Codex\\2026-07-08\\vo\\ai-text-audio-saas\\node_modules\\@better-auth-ui\\.react-aWRWgRlo',
789 silly reify   'C:\\Users\\Savad\\Documents\\Codex\\2026-07-08\\vo\\ai-text-audio-saas\\node_modules\\@better-auth-ui\\core': 'C:\\Users\\Savad\\Documents\\Codex\\2026-07-08\\vo\\ai-text-audio-saas\\node_modules\\@better-auth-ui\\.core-9XC8YF1g',
789 silly reify   'C:\\Users\\Savad\\Documents\\Codex\\2026-07-08\\vo\\ai-text-audio-saas\\node_modules\\@prisma\\streams-local\\node_modules\\ajv': 'C:\\Users\\Savad\\Documents\\Codex\\2026-07-08\\vo\\ai-text-audio-saas\\node_modules\\@prisma\\streams-local\\node_modules\\.ajv-GwyZwVFv',
789 silly reify   'C:\\Users\\Savad\\Documents\\Codex\\2026-07-08\\vo\\ai-text-audio-saas\\node_modules\\@trpc\\react-query': 'C:\\Users\\Savad\\Documents\\Codex\\2026-07-08\\vo\\ai-text-audio-saas\\node_modules\\@trpc\\.react-query-HxXqMfEl',
789 silly reify   'C:\\Users\\Savad\\Documents\\Codex\\2026-07-08\\vo\\ai-text-audio-saas\\node_modules\\@types\\node': 'C:\\Users\\Savad\\Documents\\Codex\\2026-07-08\\vo\\ai-text-audio-saas\\node_modules\\@types\\.node-GdlpE45s',
789 silly reify   'C:\\Users\\Savad\\Documents\\Codex\\2026-07-08\\vo\\ai-text-audio-saas\\node_modules\\@types\\react-dom': 'C:\\Users\\Savad\\Documents\\Codex\\2026-07-08\\vo\\ai-text-audio-saas\\node_modules\\@types\\.react-dom-ANaKrCMU',
789 silly reify   'C:\\Users\\Savad\\Documents\\Codex\\2026-07-08\\vo\\ai-text-audio-saas\\node_modules\\@types\\react': 'C:\\Users\\Savad\\Documents\\Codex\\2026-07-08\\vo\\ai-text-audio-saas\\node_modules\\@types\\.react-ahTUnxxM',
789 silly reify   'C:\\Users\\Savad\\Documents\\Codex\\2026-07-08\\vo\\ai-text-audio-saas\\node_modules\\@trpc\\server': 'C:\\Users\\Savad\\Documents\\Codex\\2026-07-08\\vo\\ai-text-audio-saas\\node_modules\\@trpc\\.server-b4HvD62R',
789 silly reify   'C:\\Users\\Savad\\Documents\\Codex\\2026-07-08\\vo\\ai-text-audio-saas\\node_modules\\.bin\\intent': 'C:\\Users\\Savad\\Documents\\Codex\\2026-07-08\\vo\\ai-text-audio-saas\\node_modules\\.bin\\.intent-X9eC8f3Y',
789 silly reify   'C:\\Users\\Savad\\Documents\\Codex\\2026-07-08\\vo\\ai-text-audio-saas\\node_modules\\.bin\\intent.cmd': 'C:\\Users\\Savad\\Documents\\Codex\\2026-07-08\\vo\\ai-text-audio-saas\\node_modules\\.bin\\.intent.cmd-XQTpBwRG',
789 silly reify   'C:\\Users\\Savad\\Documents\\Codex\\2026-07-08\\vo\\ai-text-audio-saas\\node_modules\\.bin\\intent.ps1': 'C:\\Users\\Savad\\Documents\\Codex\\2026-07-08\\vo\\ai-text-audio-saas\\node_modules\\.bin\\.intent.ps1-fkP53BXk',
789 silly reify   'C:\\Users\\Savad\\Documents\\Codex\\2026-07-08\\vo\\ai-text-audio-saas\\node_modules\\@typescript-eslint\\typescript-estree\\node_modules\\semver': 'C:\\Users\\Savad\\Documents\\Codex\\2026-07-08\\vo\\ai-text-audio-saas\\node_modules\\@typescript-eslint\\typescript-estree\\node_modules\\.semver-GqTuygjg',
789 silly reify   'C:\\Users\\Savad\\Documents\\Codex\\2026-07-08\\vo\\ai-text-audio-saas\\node_modules\\@typescript-eslint\\typescript-estree\\node_modules\\.bin\\semver': 'C:\\Users\\Savad\\Documents\\Codex\\2026-07-08\\vo\\ai-text-audio-saas\\node_modules\\@typescript-eslint\\typescript-estree\\node_modules\\.bin\\.semver-1C71mTmu',
789 silly reify   'C:\\Users\\Savad\\Documents\\Codex\\2026-07-08\\vo\\ai-text-audio-saas\\node_modules\\@typescript-eslint\\typescript-estree\\node_modules\\.bin\\semver.cmd': 'C:\\Users\\Savad\\Documents\\Codex\\2026-07-08\\vo\\ai-text-audio-saas\\node_modules\\@typescript-eslint\\typescript-estree\\node_modules\\.bin\\.semver.cmd-avhVTnxP',
789 silly reify   'C:\\Users\\Savad\\Documents\\Codex\\2026-07-08\\vo\\ai-text-audio-saas\\node_modules\\@typescript-eslint\\typescript-estree\\node_modules\\.bin\\semver.ps1': 'C:\\Users\\Savad\\Documents\\Codex\\2026-07-08\\vo\\ai-text-audio-saas\\node_modules\\@typescript-eslint\\typescript-estree\\node_modules\\.bin\\.semver.ps1-rgG27AyD',
789 silly reify   'C:\\Users\\Savad\\Documents\\Codex\\2026-07-08\\vo\\ai-text-audio-saas\\node_modules\\@trpc\\client': 'C:\\Users\\Savad\\Documents\\Codex\\2026-07-08\\vo\\ai-text-audio-saas\\node_modules\\@trpc\\.client-jhungpPC'
789 silly reify }
790 silly audit bulk request {
790 silly audit   'balanced-match': [ '4.0.4', '1.0.2' ],
790 silly audit   'brace-expansion': [ '5.0.7', '1.1.16' ],
790 silly audit   minimatch: [ '3.1.5', '10.2.5' ],
790 silly audit   postcss: [ '8.4.31', '8.5.16' ],
790 silly audit   chokidar: [ '5.0.0', '3.6.0' ],
790 silly audit   'glob-parent': [ '5.1.2', '6.0.2' ],
790 silly audit   'fast-glob': [ '3.3.1', '3.3.3' ],
790 silly audit   jiti: [ '2.7.0', '1.21.7' ],
790 silly audit   resolve: [ '1.22.12', '2.0.0-next.7' ],
790 silly audit   readdirp: [ '5.0.0', '3.6.0' ],
790 silly audit   ignore: [ '5.3.2', '7.0.5' ],
790 silly audit   'acorn-jsx': [ '5.3.2' ],
790 silly audit   acorn: [ '8.17.0' ],
790 silly audit   ajv: [ '6.15.0', '8.20.0' ],
790 silly audit   'any-promise': [ '1.3.0' ],
790 silly audit   anymatch: [ '3.1.3' ],
790 silly audit   arg: [ '5.0.2' ],
790 silly audit   'array-includes': [ '3.1.9' ],
790 silly audit   'array-buffer-byte-length': [ '1.0.2' ],
790 silly audit   'array.prototype.findlast': [ '1.2.5' ],
790 silly audit   'array.prototype.findlastindex': [ '1.2.6' ],
790 silly audit   'array.prototype.flatmap': [ '1.3.3' ],
790 silly audit   'array.prototype.flat': [ '1.3.3' ],
790 silly audit   'array.prototype.tosorted': [ '1.1.4' ],
790 silly audit   'arraybuffer.prototype.slice': [ '1.0.4' ],
790 silly audit   'ast-types-flow': [ '0.0.8' ],
790 silly audit   'async-function': [ '1.0.0' ],
790 silly audit   'available-typed-arrays': [ '1.0.7' ],
790 silly audit   'aws-ssl-profiles': [ '1.1.2' ],
790 silly audit   'axe-core': [ '4.12.1' ],
790 silly audit   'baseline-browser-mapping': [ '2.10.42' ],
790 silly audit   'better-auth': [ '1.6.23' ],
790 silly audit   'better-call': [ '1.3.7' ],
790 silly audit   'better-result': [ '2.9.2' ],
790 silly audit   'binary-extensions': [ '2.3.0' ],
790 silly audit   braces: [ '3.0.3' ],
790 silly audit   c12: [ '3.3.4' ],
790 silly audit   browserslist: [ '4.28.5' ],
790 silly audit   'call-bind': [ '1.0.9' ],
790 silly audit   'call-bind-apply-helpers': [ '1.0.2' ],
790 silly audit   'call-bound': [ '1.0.4' ],
790 silly audit   'camelcase-css': [ '2.0.1' ],
790 silly audit   'chart.js': [ '4.5.1' ],
790 silly audit   'client-only': [ '0.0.1' ],
790 silly audit   commander: [ '4.1.1' ],
790 silly audit   'concat-map': [ '0.0.1' ],
790 silly audit   confbox: [ '0.2.4' ],
790 silly audit   'convert-source-map': [ '2.0.0' ],
790 silly audit   'copy-anything': [ '4.0.5' ],
790 silly audit   'cross-spawn': [ '7.0.6' ],
790 silly audit   cssesc: [ '3.0.0' ],
790 silly audit   csstype: [ '3.2.3' ],
790 silly audit   'damerau-levenshtein': [ '1.0.8' ],
790 silly audit   'data-view-buffer': [ '1.0.2' ],
790 silly audit   'data-view-byte-length': [ '1.0.2' ],
790 silly audit   'data-view-byte-offset': [ '1.0.1' ],
790 silly audit   'deep-is': [ '0.1.4' ],
790 silly audit   debug: [ '4.4.3', '3.2.7' ],
790 silly audit   'deepmerge-ts': [ '7.1.5' ],
790 silly audit   'define-data-property': [ '1.1.4' ],
790 silly audit   defu: [ '6.1.7' ],
790 silly audit   denque: [ '2.1.0' ],
790 silly audit   destr: [ '2.0.5' ],
790 silly audit   'define-properties': [ '1.2.1' ],
790 silly audit   'detect-libc': [ '2.1.2' ],
790 silly audit   didyoumean: [ '1.2.2' ],
790 silly audit   doctrine: [ '2.1.0' ],
790 silly audit   dlv: [ '1.1.3' ],
790 silly audit   dotenv: [ '17.4.2' ],
790 silly audit   'dunder-proto': [ '1.0.1' ],
790 silly audit   empathic: [ '2.0.0' ],
790 silly audit   'electron-to-chromium': [ '1.5.389' ],
790 silly audit   'env-paths': [ '3.0.0' ],
790 silly audit   'emoji-regex': [ '9.2.2' ],
790 silly audit   'es-abstract-get': [ '1.0.0' ],
790 silly audit   'es-define-property': [ '1.0.1' ],
790 silly audit   'es-iterator-helpers': [ '1.3.3' ],
790 silly audit   'es-errors': [ '1.3.0' ],
790 silly audit   'es-object-atoms': [ '1.1.2' ],
790 silly audit   'es-set-tostringtag': [ '2.1.0' ],
790 silly audit   'es-shim-unscopables': [ '1.1.0' ],
790 silly audit   'es-to-primitive': [ '1.3.4' ],
790 silly audit   esbuild: [ '0.28.1' ],
790 silly audit   escalade: [ '3.2.0' ],
790 silly audit   'escape-string-regexp': [ '4.0.0' ],
790 silly audit   'eslint-import-resolver-node': [ '0.3.10' ],
790 silly audit   'eslint-module-utils': [ '2.14.0' ],
790 silly audit   'eslint-import-resolver-typescript': [ '3.10.1' ],
790 silly audit   'eslint-plugin-import': [ '2.32.0' ],
790 silly audit   'eslint-plugin-react-hooks': [ '7.1.1' ],
790 silly audit   'eslint-scope': [ '9.1.2' ],
790 silly audit   'eslint-visitor-keys': [ '5.0.1', '3.4.3' ],
790 silly audit   espree: [ '11.2.0' ],
790 silly audit   esquery: [ '1.7.0' ],
790 silly audit   esrecurse: [ '4.3.0' ],
790 silly audit   esutils: [ '2.0.3' ],
790 silly audit   exsolve: [ '1.1.0' ],
790 silly audit   estraverse: [ '5.3.0' ],
790 silly audit   'fast-deep-equal': [ '3.1.3' ],
790 silly audit   'fast-json-stable-stringify': [ '2.1.0' ],
790 silly audit   'fast-levenshtein': [ '2.0.6' ],
790 silly audit   'fast-uri': [ '3.1.3' ],
790 silly audit   fastq: [ '1.20.1' ],
790 silly audit   fdir: [ '6.5.0' ],
790 silly audit   'file-entry-cache': [ '8.0.0' ],
790 silly audit   'fill-range': [ '7.1.1' ],
790 silly audit   'find-up': [ '5.0.0' ],
790 silly audit   'flat-cache': [ '4.0.1' ],
790 silly audit   flatted: [ '3.4.2' ],
790 silly audit   'for-each': [ '0.3.5' ],
790 silly audit   'foreground-child': [ '3.3.1' ],
790 silly audit   'fraction.js': [ '5.3.4' ],
790 silly audit   'function-bind': [ '1.1.2' ],
790 silly audit   'function.prototype.name': [ '1.2.0' ],
790 silly audit   'generate-function': [ '2.3.1' ],
790 silly audit   'functions-have-names': [ '1.2.3' ],
790 silly audit   'generator-function': [ '2.0.1' ],
790 silly audit   gensync: [ '1.0.0-beta.2' ],
790 silly audit   'get-intrinsic': [ '1.3.0' ],
790 silly audit   'get-proto': [ '1.0.1' ],
790 silly audit   'get-port-please': [ '3.2.0' ],
790 silly audit   'get-tsconfig': [ '4.14.0' ],
790 silly audit   'get-symbol-description': [ '1.1.0' ],
790 silly audit   globals: [ '16.4.0' ],
790 silly audit   giget: [ '3.3.0' ],
790 silly audit   globalthis: [ '1.0.4' ],
790 silly audit   'graceful-fs': [ '4.2.11' ],
790 silly audit   gopd: [ '1.2.0' ],
790 silly audit   grammex: [ '3.1.12' ],
790 silly audit   graphmatch: [ '1.1.1' ],
790 silly audit   'has-bigints': [ '1.1.0' ],
790 silly audit   'has-proto': [ '1.2.0' ],
790 silly audit   'has-property-descriptors': [ '1.0.2' ],
790 silly audit   'has-symbols': [ '1.1.0' ],
790 silly audit   hasown: [ '2.0.4' ],
790 silly audit   'has-tostringtag': [ '1.0.2' ],
790 silly audit   'hermes-estree': [ '0.25.1' ],
790 silly audit   'hermes-parser': [ '0.25.1' ],
790 silly audit   'http-status-codes': [ '2.3.0' ],
790 silly audit   'iconv-lite': [ '0.7.3' ],
790 silly audit   imurmurhash: [ '0.1.4' ],
790 silly audit   'internal-slot': [ '1.1.0' ],
790 silly audit   'is-async-function': [ '2.1.1' ],
790 silly audit   'is-binary-path': [ '2.1.0' ],
790 silly audit   'is-bigint': [ '1.1.0' ],
790 silly audit   'is-array-buffer': [ '3.0.5' ],
790 silly audit   'is-boolean-object': [ '1.2.2' ],
790 silly audit   'is-bun-module': [ '2.0.0' ],
790 silly audit   semver: [ '7.8.5', '6.3.1' ],
790 silly audit   'is-callable': [ '1.2.7' ],
790 silly audit   'is-core-module': [ '2.16.2' ],
790 silly audit   'is-data-view': [ '1.0.2' ],
790 silly audit   'is-date-object': [ '1.1.0' ],
790 silly audit   'is-document.all': [ '1.0.0' ],
790 silly audit   'is-extglob': [ '2.1.1' ],
790 silly audit   'is-glob': [ '4.0.3' ],
790 silly audit   'is-map': [ '2.0.3' ],
790 silly audit   'is-negative-zero': [ '2.0.3' ],
790 silly audit   'is-number': [ '7.0.0' ],
790 silly audit   'is-number-object': [ '1.1.1' ],
790 silly audit   'is-property': [ '1.0.2' ],
790 silly audit   'is-generator-function': [ '1.1.2' ],
790 silly audit   'is-finalizationregistry': [ '1.1.1' ],
790 silly audit   'is-regex': [ '1.2.1' ],
790 silly audit   'is-set': [ '2.0.3' ],
790 silly audit   'is-shared-array-buffer': [ '1.0.4' ],
790 silly audit   'is-string': [ '1.1.1' ],
790 silly audit   'is-symbol': [ '1.1.1' ],
790 silly audit   'is-weakmap': [ '2.0.2' ],
790 silly audit   'is-typed-array': [ '1.1.15' ],
790 silly audit   'is-weakref': [ '1.1.1' ],
790 silly audit   'is-weakset': [ '2.0.4' ],
790 silly audit   'is-what': [ '5.5.0' ],
790 silly audit   isarray: [ '2.0.5' ],
790 silly audit   'iterator.prototype': [ '1.1.5' ],
790 silly audit   isexe: [ '2.0.0' ],
790 silly audit   jose: [ '6.2.3' ],
790 silly audit   'js-tokens': [ '4.0.0' ],
790 silly audit   jsesc: [ '3.1.0' ],
790 silly audit   'json-buffer': [ '3.0.1' ],
790 silly audit   'json-schema-traverse': [ '0.4.1', '1.0.0' ],
790 silly audit   'json-stable-stringify-without-jsonify': [ '1.0.1' ],
790 silly audit   json5: [ '2.2.3', '1.0.2' ],
790 silly audit   'jsx-ast-utils': [ '3.3.5' ],
790 silly audit   keyv: [ '4.5.4' ],
790 silly audit   'language-subtag-registry': [ '0.3.23' ],
790 silly audit   'language-tags': [ '1.0.9' ],
790 silly audit   lilconfig: [ '3.1.3' ],
790 silly audit   'lines-and-columns': [ '1.2.4' ],
790 silly audit   levn: [ '0.4.1' ],
790 silly audit   'locate-path': [ '6.0.0' ],
790 silly audit   long: [ '5.3.2' ],
790 silly audit   'loose-envify': [ '1.4.0' ],
790 silly audit   'lru.min': [ '1.1.4' ],
790 silly audit   'lru-cache': [ '5.1.1' ],
790 silly audit   'math-intrinsics': [ '1.1.0' ],
790 silly audit   merge2: [ '1.4.1' ],
790 silly audit   micromatch: [ '4.0.8' ],
790 silly audit   minimist: [ '1.2.8' ],
790 silly audit   ms: [ '2.1.3' ],
790 silly audit   mysql2: [ '3.15.3' ],
790 silly audit   mz: [ '2.7.0' ],
790 silly audit   'named-placeholders': [ '1.1.6' ],
790 silly audit   nanoid: [ '3.3.15' ],
790 silly audit   nanostores: [ '1.4.0' ],
790 silly audit   'napi-postinstall': [ '0.3.4' ],
790 silly audit   'natural-compare': [ '1.4.0' ],
790 silly audit   'node-exports-info': [ '1.6.2' ],
790 silly audit   'node-releases': [ '2.0.50' ],
790 silly audit   'normalize-path': [ '3.0.0' ],
790 silly audit   'object-assign': [ '4.1.1' ],
790 silly audit   'object-inspect': [ '1.13.4' ],
790 silly audit   'object-keys': [ '1.1.1' ],
790 silly audit   'object.entries': [ '1.1.9' ],
790 silly audit   'object.assign': [ '4.1.7' ],
790 silly audit   'object-hash': [ '3.0.0' ],
790 silly audit   'object.fromentries': [ '2.0.8' ],
790 silly audit   'object.groupby': [ '1.0.3' ],
790 silly audit   'object.values': [ '1.2.1' ],
790 silly audit   optionator: [ '0.9.4' ],
790 silly audit   ohash: [ '2.0.11' ],
790 silly audit   'p-limit': [ '3.1.0' ],
790 silly audit   'own-keys': [ '1.0.1' ],
790 silly audit   'p-locate': [ '5.0.0' ],
790 silly audit   'path-exists': [ '4.0.0' ],
790 silly audit   'path-key': [ '3.1.1' ],
790 silly audit   'path-parse': [ '1.0.7' ],
790 silly audit   pathe: [ '2.0.3' ],
790 silly audit   'perfect-debounce': [ '2.1.0' ],
790 silly audit   picocolors: [ '1.1.1' ],
790 silly audit   pify: [ '2.3.0' ],
790 silly audit   pirates: [ '4.0.7' ],
790 silly audit   picomatch: [ '2.3.2', '4.0.5' ],
790 silly audit   'pkg-types': [ '2.3.1' ],
790 silly audit   'possible-typed-array-names': [ '1.1.0' ],
790 silly audit   'postcss-import': [ '15.1.0' ],
790 silly audit   'postcss-load-config': [ '6.0.1' ],
790 silly audit   'postcss-nested': [ '6.2.0' ],
790 silly audit   'postcss-js': [ '4.1.0' ],
790 silly audit   'postcss-value-parser': [ '4.2.0' ],
790 silly audit   postgres: [ '3.4.7' ],
790 silly audit   'postcss-selector-parser': [ '6.1.4' ],
790 silly audit   'prelude-ls': [ '1.2.1' ],
790 silly audit   'prop-types': [ '15.8.1' ],
790 silly audit   'proper-lockfile': [ '4.1.2' ],
790 silly audit   'signal-exit': [ '3.0.7', '4.1.0' ],
790 silly audit   punycode: [ '2.3.1' ],
790 silly audit   'pure-rand': [ '6.1.0' ],
790 silly audit   rc9: [ '3.0.1' ],
790 silly audit   'react-is': [ '16.13.1' ],
790 silly audit   'read-cache': [ '1.0.0' ],
790 silly audit   'regexp.prototype.flags': [ '1.5.4' ],
790 silly audit   'reflect.getprototypeof': [ '1.0.10' ],
790 silly audit   'require-from-string': [ '2.0.2' ],
790 silly audit   'queue-microtask': [ '1.2.3' ],
790 silly audit   'resolve-pkg-maps': [ '1.0.0' ],
790 silly audit   retry: [ '0.12.0' ],
790 silly audit   reusify: [ '1.1.0' ],
790 silly audit   rou3: [ '0.7.12' ],
790 silly audit   'run-parallel': [ '1.2.0' ],
790 silly audit   'safe-array-concat': [ '1.1.4' ],
790 silly audit   'safe-push-apply': [ '1.0.0' ],
790 silly audit   'safe-regex-test': [ '1.1.0' ],
790 silly audit   'safer-buffer': [ '2.1.2' ],
790 silly audit   scheduler: [ '0.27.0' ],
790 silly audit   'set-cookie-parser': [ '3.1.1' ],
790 silly audit   'seq-queue': [ '0.0.5' ],
790 silly audit   'set-function-length': [ '1.2.2' ],
790 silly audit   'set-function-name': [ '2.0.2' ],
790 silly audit   'set-proto': [ '1.0.0' ],
790 silly audit   sharp: [ '0.34.5' ],
790 silly audit   'shebang-command': [ '2.0.0' ],
790 silly audit   'shebang-regex': [ '3.0.0' ],
790 silly audit   'side-channel': [ '1.1.1' ],
790 silly audit   'side-channel-list': [ '1.0.1' ],
790 silly audit   'side-channel-map': [ '1.0.1' ],
790 silly audit   'side-channel-weakmap': [ '1.0.2' ],
790 silly audit   'source-map-js': [ '1.2.1' ],
790 silly audit   sqlstring: [ '2.3.3' ],
790 silly audit   'std-env': [ '3.10.0' ],
790 silly audit   'stable-hash': [ '0.0.5' ],
790 silly audit   'string.prototype.includes': [ '2.0.1' ],
790 silly audit   'stop-iteration-iterator': [ '1.1.0' ],
790 silly audit   'string.prototype.matchall': [ '4.0.12' ],
790 silly audit   'string.prototype.repeat': [ '1.0.0' ],
790 silly audit   'string.prototype.trim': [ '1.2.11' ],
790 silly audit   'string.prototype.trimend': [ '1.0.10' ],
790 silly audit   'string.prototype.trimstart': [ '1.0.8' ],
790 silly audit   'strip-bom': [ '3.0.0' ],
790 silly audit   'styled-jsx': [ '5.1.6' ],
790 silly audit   'supports-preserve-symlinks-flag': [ '1.0.0' ],
790 silly audit   thenify: [ '3.3.1' ],
790 silly audit   'thenify-all': [ '1.6.0' ],
790 silly audit   tinyglobby: [ '0.2.17' ],
790 silly audit   'ts-api-utils': [ '2.5.0' ],
790 silly audit   'to-regex-range': [ '5.0.1' ],
790 silly audit   'tsconfig-paths': [ '3.15.0' ],
790 silly audit   'ts-interface-checker': [ '0.1.13' ],
790 silly audit   tslib: [ '2.8.1' ],
790 silly audit   'type-check': [ '0.4.0' ],
790 silly audit   'typed-array-buffer': [ '1.0.3' ],
790 silly audit   'typed-array-byte-length': [ '1.0.3' ],
790 silly audit   'typed-array-byte-offset': [ '1.0.4' ],
790 silly audit   'typed-array-length': [ '1.0.8' ],
790 silly audit   'typescript-eslint': [ '8.63.0' ],
790 silly audit   'unbox-primitive': [ '1.1.0' ],
790 silly audit   'unrs-resolver': [ '1.12.2' ],
790 silly audit   'undici-types': [ '8.3.0' ],
790 silly audit   'update-browserslist-db': [ '1.2.3' ],
790 silly audit   'uri-js': [ '4.4.1' ],
790 silly audit   'util-deprecate': [ '1.0.2' ],
790 silly audit   valibot: [ '1.2.0' ],
790 silly audit   which: [ '2.0.2' ],
790 silly audit   'which-boxed-primitive': [ '1.1.1' ],
790 silly audit   'which-builtin-type': [ '1.2.1' ],
790 silly audit   'which-collection': [ '1.0.2' ],
790 silly audit   'which-typed-array': [ '1.1.22' ],
790 silly audit   'word-wrap': [ '1.2.5' ],
790 silly audit   yallist: [ '3.1.1' ],
790 silly audit   'yocto-queue': [ '0.1.0' ],
790 silly audit   zeptomatch: [ '2.1.0' ],
790 silly audit   'zod-validation-error': [ '4.0.2' ],
790 silly audit   '@alloc/quick-lru': [ '5.2.0' ],
790 silly audit   '@babel/code-frame': [ '7.29.7' ],
790 silly audit   '@babel/compat-data': [ '7.29.7' ],
790 silly audit   '@babel/generator': [ '7.29.7' ],
790 silly audit   '@babel/helper-compilation-targets': [ '7.29.7' ],
790 silly audit   '@babel/helper-module-imports': [ '7.29.7' ],
790 silly audit   '@babel/helper-module-transforms': [ '7.29.7' ],
790 silly audit   '@babel/helper-globals': [ '7.29.7' ],
790 silly audit   '@babel/helper-validator-option': [ '7.29.7' ],
790 silly audit   '@babel/helper-string-parser': [ '7.29.7' ],
790 silly audit   '@babel/parser': [ '7.29.7' ],
790 silly audit   '@babel/traverse': [ '7.29.7' ],
790 silly audit   '@babel/helper-validator-identifier': [ '7.29.7' ],
790 silly audit   '@babel/template': [ '7.29.7' ],
790 silly audit   '@better-auth/drizzle-adapter': [ '1.6.23' ],
790 silly audit   '@better-auth/kysely-adapter': [ '1.6.23' ],
790 silly audit   '@better-auth/core': [ '1.6.23' ],
790 silly audit   '@better-auth/mongo-adapter': [ '1.6.23' ],
790 silly audit   '@better-auth/memory-adapter': [ '1.6.23' ],
790 silly audit   '@better-auth/telemetry': [ '1.6.23' ],
790 silly audit   '@better-auth/utils': [ '0.4.2' ],
790 silly audit   '@better-fetch/fetch': [ '1.3.1' ],
790 silly audit   '@electric-sql/pglite-socket': [ '0.1.1' ],
790 silly audit   '@electric-sql/pglite-tools': [ '0.3.1' ],
790 silly audit   '@eslint/object-schema': [ '3.0.5' ],
790 silly audit   '@eslint/config-array': [ '0.23.5' ],
790 silly audit   '@eslint/core': [ '1.2.1' ],
790 silly audit   '@eslint-community/eslint-utils': [ '4.9.1' ],
790 silly audit   '@eslint/config-helpers': [ '0.6.0' ],
790 silly audit   '@esbuild/win32-x64': [ '0.28.1' ],
790 silly audit   '@eslint/plugin-kit': [ '0.7.2' ],
790 silly audit   '@eslint-community/regexpp': [ '4.12.2' ],
790 silly audit   '@hono/node-server': [ '1.19.11' ],
790 silly audit   '@humanfs/core': [ '0.19.2' ],
790 silly audit   '@humanfs/types': [ '0.15.0' ],
790 silly audit   '@humanwhocodes/retry': [ '0.4.3' ],
790 silly audit   '@humanfs/node': [ '0.16.8' ],
790 silly audit   '@humanwhocodes/module-importer': [ '1.0.1' ],
790 silly audit   '@img/colour': [ '1.1.0' ],
790 silly audit   '@kurkle/color': [ '0.3.4' ],
790 silly audit   '@jridgewell/remapping': [ '2.3.5' ],
790 silly audit   '@jridgewell/sourcemap-codec': [ '1.5.5' ],
790 silly audit   '@jridgewell/resolve-uri': [ '3.1.2' ],
790 silly audit   '@jridgewell/gen-mapping': [ '0.3.13' ],
790 silly audit   '@jridgewell/trace-mapping': [ '0.3.31' ],
790 silly audit   '@next/eslint-plugin-next': [ '16.2.10' ],
790 silly audit   '@next/env': [ '16.2.10' ],
790 silly audit   '@next/swc-win32-x64-msvc': [ '16.2.10' ],
790 silly audit   '@noble/ciphers': [ '2.2.0' ],
790 silly audit   '@nodelib/fs.scandir': [ '2.1.5' ],
790 silly audit   '@noble/hashes': [ '2.2.0' ],
790 silly audit   '@nodelib/fs.walk': [ '1.2.8' ],
790 silly audit   '@nodelib/fs.stat': [ '2.0.5' ],
790 silly audit   '@opentelemetry/semantic-conventions': [ '1.42.0' ],
790 silly audit   '@prisma/config': [ '7.8.0' ],
790 silly audit   '@prisma/client-runtime-utils': [ '7.8.0' ],
790 silly audit   '@prisma/debug': [ '7.8.0', '7.2.0' ],
790 silly audit   '@prisma/engines-version': [ '7.8.0-6.3c6e192761c0362d496ed980de936e2f3cebcd3a' ],
790 silly audit   '@prisma/engines': [ '7.8.0' ],
790 silly audit   '@prisma/get-platform': [ '7.8.0', '7.2.0' ],
790 silly audit   '@prisma/fetch-engine': [ '7.8.0' ],
790 silly audit   '@prisma/query-plan-executor': [ '7.2.0' ],
790 silly audit   '@nolyfill/is-core-module': [ '1.0.39' ],
790 silly audit   '@prisma/dev': [ '0.24.3' ],
790 silly audit   '@prisma/streams-local': [ '0.1.2' ],
790 silly audit   '@rtsao/scc': [ '1.1.0' ],
790 silly audit   '@radix-ui/react-compose-refs': [ '1.1.2' ],
790 silly audit   '@radix-ui/primitive': [ '1.1.3' ],
790 silly audit   '@radix-ui/react-slot': [ '1.2.3' ],
790 silly audit   '@radix-ui/react-toggle': [ '1.1.10' ],
790 silly audit   '@radix-ui/react-primitive': [ '2.1.3' ],
790 silly audit   '@radix-ui/react-use-controllable-state': [ '1.2.2' ],
790 silly audit   '@radix-ui/react-use-effect-event': [ '0.0.2' ],
790 silly audit   '@radix-ui/react-use-layout-effect': [ '1.1.1' ],
790 silly audit   '@standard-schema/spec': [ '1.1.0' ],
790 silly audit   '@types/estree': [ '1.0.9' ],
790 silly audit   '@types/esrecurse': [ '4.3.1' ],
790 silly audit   '@types/json-schema': [ '7.0.15' ],
790 silly audit   '@types/json5': [ '0.0.29' ],
790 silly audit   '@typescript-eslint/parser': [ '8.63.0' ],
790 silly audit   '@typescript-eslint/project-service': [ '8.63.0' ],
790 silly audit   '@typescript-eslint/tsconfig-utils': [ '8.63.0' ],
790 silly audit   '@typescript-eslint/types': [ '8.63.0' ],
790 silly audit   '@typescript-eslint/type-utils': [ '8.63.0' ],
790 silly audit   '@typescript-eslint/utils': [ '8.63.0' ],
790 silly audit   '@typescript-eslint/typescript-estree': [ '8.63.0' ],
790 silly audit   '@typescript-eslint/visitor-keys': [ '8.63.0' ],
790 silly audit   '@unrs/resolver-binding-win32-x64-msvc': [ '1.12.2' ],
790 silly audit   '@better-auth-ui/core': [ '1.6.27' ],
790 silly audit   '@better-auth-ui/react': [ '1.6.27' ],
790 silly audit   '@better-auth/prisma-adapter': [ '1.6.23' ],
790 silly audit   '@prisma/client': [ '7.8.0' ],
790 silly audit   '@tanstack/react-query': [ '5.101.2' ],
790 silly audit   '@trpc/client': [ '11.18.0' ],
790 silly audit   '@trpc/react-query': [ '11.18.0' ],
790 silly audit   '@trpc/server': [ '11.18.0' ],
790 silly audit   '@types/node': [ '26.1.1' ],
790 silly audit   '@types/react': [ '19.2.17' ],
790 silly audit   '@types/react-dom': [ '19.2.3' ],
790 silly audit   autoprefixer: [ '10.5.2' ],
790 silly audit   'class-variance-authority': [ '0.7.1' ],
790 silly audit   clsx: [ '2.1.1' ],
790 silly audit   eslint: [ '10.6.0' ],
790 silly audit   'eslint-config-next': [ '16.2.10' ],
790 silly audit   'lucide-react': [ '1.23.0' ],
790 silly audit   next: [ '16.2.10' ],
790 silly audit   'next-themes': [ '0.4.6' ],
790 silly audit   prisma: [ '7.8.0' ],
790 silly audit   react: [ '19.2.7' ],
790 silly audit   'react-dom': [ '19.2.7' ],
790 silly audit   sonner: [ '2.0.7' ],
790 silly audit   superjson: [ '2.2.6' ],
790 silly audit   'tailwind-merge': [ '3.6.0' ],
790 silly audit   tailwindcss: [ '3.4.19' ],
790 silly audit   tsx: [ '4.23.0' ],
790 silly audit   typescript: [ '7.0.2' ],
790 silly audit   zod: [ '4.4.3' ],
790 silly audit   '@babel/types': [ '7.29.7' ],
790 silly audit   effect: [ '3.20.0' ],
790 silly audit   '@electric-sql/pglite': [ '0.4.1' ],
790 silly audit   hono: [ '4.12.28' ],
790 silly audit   remeda: [ '2.33.4' ],
790 silly audit   '@tanstack/query-core': [ '5.101.2' ],
790 silly audit   '@typescript-eslint/scope-manager': [ '8.63.0' ],
790 silly audit   'es-abstract': [ '1.24.2' ],
790 silly audit   'caniuse-lite': [ '1.0.30001803' ],
790 silly audit   kysely: [ '0.29.3' ],
790 silly audit   '@esbuild/aix-ppc64': [ '0.28.1' ],
790 silly audit   '@esbuild/android-arm': [ '0.28.1' ],
790 silly audit   '@esbuild/android-arm64': [ '0.28.1' ],
790 silly audit   '@esbuild/android-x64': [ '0.28.1' ],
790 silly audit   '@esbuild/darwin-arm64': [ '0.28.1' ],
790 silly audit   '@esbuild/darwin-x64': [ '0.28.1' ],
790 silly audit   '@esbuild/freebsd-arm64': [ '0.28.1' ],
790 silly audit   '@esbuild/freebsd-x64': [ '0.28.1' ],
790 silly audit   '@esbuild/linux-arm': [ '0.28.1' ],
790 silly audit   '@esbuild/linux-arm64': [ '0.28.1' ],
790 silly audit   '@esbuild/linux-ia32': [ '0.28.1' ],
790 silly audit   '@esbuild/linux-loong64': [ '0.28.1' ],
790 silly audit   '@esbuild/linux-mips64el': [ '0.28.1' ],
790 silly audit   '@esbuild/linux-ppc64': [ '0.28.1' ],
790 silly audit   '@esbuild/linux-riscv64': [ '0.28.1' ],
790 silly audit   '@esbuild/linux-s390x': [ '0.28.1' ],
790 silly audit   '@esbuild/linux-x64': [ '0.28.1' ],
790 silly audit   '@esbuild/netbsd-arm64': [ '0.28.1' ],
790 silly audit   '@esbuild/netbsd-x64': [ '0.28.1' ],
790 silly audit   '@esbuild/openbsd-arm64': [ '0.28.1' ],
790 silly audit   '@esbuild/openbsd-x64': [ '0.28.1' ],
790 silly audit   '@esbuild/openharmony-arm64': [ '0.28.1' ],
790 silly audit   '@esbuild/sunos-x64': [ '0.28.1' ],
790 silly audit   '@esbuild/win32-arm64': [ '0.28.1' ],
790 silly audit   '@esbuild/win32-ia32': [ '0.28.1' ],
790 silly audit   'eslint-plugin-jsx-a11y': [ '6.10.2' ],
790 silly audit   'eslint-plugin-react': [ '7.37.5' ],
790 silly audit   'aria-query': [ '5.3.2' ],
790 silly audit   'axobject-query': [ '4.1.0' ],
790 silly audit   '@babel/core': [ '7.29.7' ],
790 silly audit   '@next/swc-darwin-arm64': [ '16.2.10' ],
790 silly audit   '@next/swc-darwin-x64': [ '16.2.10' ],
790 silly audit   '@next/swc-linux-arm64-gnu': [ '16.2.10' ],
790 silly audit   '@next/swc-linux-arm64-musl': [ '16.2.10' ],
790 silly audit   '@next/swc-linux-x64-gnu': [ '16.2.10' ],
790 silly audit   '@next/swc-linux-x64-musl': [ '16.2.10' ],
790 silly audit   '@next/swc-win32-arm64-msvc': [ '16.2.10' ],
790 silly audit   '@swc/helpers': [ '0.5.15' ],
790 silly audit   '@prisma/studio-core': [ '0.27.3' ],
790 silly audit   sucrase: [ '3.35.1' ],
790 silly audit   fsevents: [ '2.3.3' ],
790 silly audit   '@typescript/typescript-aix-ppc64': [ '7.0.2' ],
790 silly audit   '@typescript/typescript-darwin-arm64': [ '7.0.2' ],
790 silly audit   '@typescript/typescript-darwin-x64': [ '7.0.2' ],
790 silly audit   '@typescript/typescript-freebsd-arm64': [ '7.0.2' ],
790 silly audit   '@typescript/typescript-freebsd-x64': [ '7.0.2' ],
790 silly audit   '@typescript/typescript-linux-arm': [ '7.0.2' ],
790 silly audit   '@typescript/typescript-linux-arm64': [ '7.0.2' ],
790 silly audit   '@typescript/typescript-linux-loong64': [ '7.0.2' ],
790 silly audit   '@typescript/typescript-linux-mips64el': [ '7.0.2' ],
790 silly audit   '@typescript/typescript-linux-ppc64': [ '7.0.2' ],
790 silly audit   '@typescript/typescript-linux-riscv64': [ '7.0.2' ],
790 silly audit   '@typescript/typescript-linux-s390x': [ '7.0.2' ],
790 silly audit   '@typescript/typescript-linux-x64': [ '7.0.2' ],
790 silly audit   '@typescript/typescript-netbsd-arm64': [ '7.0.2' ],
790 silly audit   '@typescript/typescript-netbsd-x64': [ '7.0.2' ],
790 silly audit   '@typescript/typescript-openbsd-arm64': [ '7.0.2' ],
790 silly audit   '@typescript/typescript-openbsd-x64': [ '7.0.2' ],
790 silly audit   '@typescript/typescript-sunos-x64': [ '7.0.2' ],
790 silly audit   '@typescript/typescript-win32-arm64': [ '7.0.2' ],
790 silly audit   '@typescript/typescript-win32-x64': [ '7.0.2' ],
790 silly audit   '@typescript-eslint/eslint-plugin': [ '8.63.0' ],
790 silly audit   '@unrs/resolver-binding-android-arm-eabi': [ '1.12.2' ],
790 silly audit   '@unrs/resolver-binding-android-arm64': [ '1.12.2' ],
790 silly audit   '@unrs/resolver-binding-darwin-arm64': [ '1.12.2' ],
790 silly audit   '@unrs/resolver-binding-darwin-x64': [ '1.12.2' ],
790 silly audit   '@unrs/resolver-binding-freebsd-x64': [ '1.12.2' ],
790 silly audit   '@unrs/resolver-binding-linux-arm-gnueabihf': [ '1.12.2' ],
790 silly audit   '@unrs/resolver-binding-linux-arm-musleabihf': [ '1.12.2' ],
790 silly audit   '@unrs/resolver-binding-linux-arm64-gnu': [ '1.12.2' ],
790 silly audit   '@unrs/resolver-binding-linux-arm64-musl': [ '1.12.2' ],
790 silly audit   '@unrs/resolver-binding-linux-loong64-gnu': [ '1.12.2' ],
790 silly audit   '@unrs/resolver-binding-linux-loong64-musl': [ '1.12.2' ],
790 silly audit   '@unrs/resolver-binding-linux-ppc64-gnu': [ '1.12.2' ],
790 silly audit   '@unrs/resolver-binding-linux-riscv64-gnu': [ '1.12.2' ],
790 silly audit   '@unrs/resolver-binding-linux-riscv64-musl': [ '1.12.2' ],
790 silly audit   '@unrs/resolver-binding-linux-s390x-gnu': [ '1.12.2' ],
790 silly audit   '@unrs/resolver-binding-linux-x64-gnu': [ '1.12.2' ],
790 silly audit   '@unrs/resolver-binding-linux-x64-musl': [ '1.12.2' ],
790 silly audit   '@unrs/resolver-binding-openharmony-arm64': [ '1.12.2' ],
790 silly audit   '@unrs/resolver-binding-wasm32-wasi': [ '1.12.2' ],
790 silly audit   '@unrs/resolver-binding-win32-arm64-msvc': [ '1.12.2' ],
790 silly audit   '@unrs/resolver-binding-win32-ia32-msvc': [ '1.12.2' ],
790 silly audit   '@emnapi/core': [ '1.10.0' ],
790 silly audit   '@emnapi/runtime': [ '1.10.0' ],
790 silly audit   '@napi-rs/wasm-runtime': [ '1.1.6' ],
790 silly audit   '@emnapi/wasi-threads': [ '1.2.1' ],
790 silly audit   '@tybys/wasm-util': [ '0.10.3' ],
790 silly audit   'fast-check': [ '3.23.2' ],
790 silly audit   '@babel/helpers': [ '7.29.7' ]
790 silly audit }
791 http cache @trpc/client@https://registry.npmjs.org/@trpc/client/-/client-11.18.0.tgz 1ms (cache hit)
792 http cache @trpc/server@https://registry.npmjs.org/@trpc/server/-/server-11.18.0.tgz 0ms (cache hit)
793 http cache @types/react@https://registry.npmjs.org/@types/react/-/react-19.2.17.tgz 0ms (cache hit)
794 http cache @types/react-dom@https://registry.npmjs.org/@types/react-dom/-/react-dom-19.2.3.tgz 0ms (cache hit)
795 http cache @trpc/react-query@https://registry.npmjs.org/@trpc/react-query/-/react-query-11.18.0.tgz 0ms (cache hit)
796 http cache @types/node@https://registry.npmjs.org/@types/node/-/node-26.1.1.tgz 1ms (cache hit)
797 http cache @better-auth-ui/core@https://registry.npmjs.org/@better-auth-ui/core/-/core-1.6.27.tgz 0ms (cache hit)
798 silly packumentCache corgi:https://registry.npmjs.org/@electric-sql%2fpglite-socket cache-miss
799 http cache @better-auth-ui/react@https://registry.npmjs.org/@better-auth-ui/react/-/react-1.6.27.tgz 0ms (cache hit)
800 http cache @better-auth/prisma-adapter@https://registry.npmjs.org/@better-auth/prisma-adapter/-/prisma-adapter-1.6.23.tgz 0ms (cache hit)
801 silly packumentCache corgi:https://registry.npmjs.org/@babel%2fparser cache-miss
802 silly packumentCache corgi:https://registry.npmjs.org/which cache-miss
803 http cache tsx@https://registry.npmjs.org/tsx/-/tsx-4.23.0.tgz 0ms (cache hit)
804 silly packumentCache corgi:https://registry.npmjs.org/update-browserslist-db cache-miss
805 http cache tailwind-merge@https://registry.npmjs.org/tailwind-merge/-/tailwind-merge-3.6.0.tgz 0ms (cache hit)
806 http cache superjson@https://registry.npmjs.org/superjson/-/superjson-2.2.6.tgz 0ms (cache hit)
807 http cache sonner@https://registry.npmjs.org/sonner/-/sonner-2.0.7.tgz 0ms (cache hit)
808 silly packumentCache corgi:https://registry.npmjs.org/semver cache-miss
809 silly packumentCache corgi:https://registry.npmjs.org/resolve cache-miss
810 http cache prisma@https://registry.npmjs.org/prisma/-/prisma-7.8.0.tgz 0ms (cache hit)
811 http cache react@https://registry.npmjs.org/react/-/react-19.2.7.tgz 0ms (cache hit)
812 http cache postcss@https://registry.npmjs.org/postcss/-/postcss-8.5.16.tgz 0ms (cache hit)
813 silly packumentCache corgi:https://registry.npmjs.org/napi-postinstall cache-miss
814 silly packumentCache corgi:https://registry.npmjs.org/nanoid cache-miss
815 http cache react-dom@https://registry.npmjs.org/react-dom/-/react-dom-19.2.7.tgz 0ms (cache hit)
816 http cache next-themes@https://registry.npmjs.org/next-themes/-/next-themes-0.4.6.tgz 0ms (cache hit)
817 silly packumentCache corgi:https://registry.npmjs.org/loose-envify cache-miss
818 silly packumentCache corgi:https://registry.npmjs.org/jsesc cache-miss
819 http cache lucide-react@https://registry.npmjs.org/lucide-react/-/lucide-react-1.23.0.tgz 0ms (cache hit)
820 silly packumentCache corgi:https://registry.npmjs.org/json5 cache-miss
821 silly packumentCache corgi:https://registry.npmjs.org/jiti cache-miss
822 silly packumentCache corgi:https://registry.npmjs.org/giget cache-miss
823 silly packumentCache corgi:https://registry.npmjs.org/esbuild cache-miss
824 silly packumentCache corgi:https://registry.npmjs.org/cssesc cache-miss
825 http cache eslint-config-next@https://registry.npmjs.org/eslint-config-next/-/eslint-config-next-16.2.10.tgz 0ms (cache hit)
826 http cache class-variance-authority@https://registry.npmjs.org/class-variance-authority/-/class-variance-authority-0.7.1.tgz 0ms (cache hit)
827 silly packumentCache corgi:https://registry.npmjs.org/baseline-browser-mapping cache-miss
828 http cache clsx@https://registry.npmjs.org/clsx/-/clsx-2.1.1.tgz 0ms (cache hit)
829 http cache autoprefixer@https://registry.npmjs.org/autoprefixer/-/autoprefixer-10.5.2.tgz 0ms (cache hit)
830 http cache @typescript/typescript-win32-x64@https://registry.npmjs.org/@typescript/typescript-win32-x64/-/typescript-win32-x64-7.0.2.tgz 0ms (cache hit)
831 http cache @swc/helpers@https://registry.npmjs.org/@swc/helpers/-/helpers-0.5.15.tgz 0ms (cache hit)
832 silly packumentCache corgi:https://registry.npmjs.org/acorn cache-miss
833 silly packumentCache corgi:https://registry.npmjs.org/browserslist cache-miss
834 http cache @tanstack/react-query@https://registry.npmjs.org/@tanstack/react-query/-/react-query-5.101.2.tgz 0ms (cache hit)
835 http cache @tanstack/query-core@https://registry.npmjs.org/@tanstack/query-core/-/query-core-5.101.2.tgz 0ms (cache hit)
836 http cache @prisma/client@https://registry.npmjs.org/@prisma/client/-/client-7.8.0.tgz 0ms (cache hit)
837 http cache @prisma/studio-core@https://registry.npmjs.org/@prisma/studio-core/-/studio-core-0.27.3.tgz 0ms (cache hit)
838 http cache zod@https://registry.npmjs.org/zod/-/zod-4.4.3.tgz 0ms (cache hit)
839 http cache sucrase@https://registry.npmjs.org/sucrase/-/sucrase-3.35.1.tgz 0ms (cache hit)
840 http cache typescript@https://registry.npmjs.org/typescript/-/typescript-7.0.2.tgz 0ms (cache hit)
841 http cache tailwindcss@https://registry.npmjs.org/tailwindcss/-/tailwindcss-3.4.19.tgz 0ms (cache hit)
842 http cache next@https://registry.npmjs.org/next/-/next-16.2.10.tgz 0ms (cache hit)
843 http cache eslint-plugin-jsx-a11y@https://registry.npmjs.org/eslint-plugin-jsx-a11y/-/eslint-plugin-jsx-a11y-6.10.2.tgz 0ms (cache hit)
844 http cache eslint-plugin-react@https://registry.npmjs.org/eslint-plugin-react/-/eslint-plugin-react-7.37.5.tgz 0ms (cache hit)
845 http cache eslint@https://registry.npmjs.org/eslint/-/eslint-10.6.0.tgz 0ms (cache hit)
846 http cache caniuse-lite@https://registry.npmjs.org/caniuse-lite/-/caniuse-lite-1.0.30001803.tgz 0ms (cache hit)
847 silly packumentCache corgi:https://registry.npmjs.org/semver cache-miss
848 http cache @typescript-eslint/scope-manager@https://registry.npmjs.org/@typescript-eslint/scope-manager/-/scope-manager-8.63.0.tgz 0ms (cache hit)
849 http cache remeda@https://registry.npmjs.org/remeda/-/remeda-2.33.4.tgz 0ms (cache hit)
850 http cache @typescript-eslint/scope-manager@https://registry.npmjs.org/@typescript-eslint/scope-manager/-/scope-manager-8.63.0.tgz 0ms (cache hit)
851 http cache ajv@https://registry.npmjs.org/ajv/-/ajv-8.20.0.tgz 0ms (cache hit)
852 http cache hono@https://registry.npmjs.org/hono/-/hono-4.12.28.tgz 0ms (cache hit)
853 http cache effect@https://registry.npmjs.org/effect/-/effect-3.20.0.tgz 0ms (cache hit)
854 http cache @electric-sql/pglite@https://registry.npmjs.org/@electric-sql/pglite/-/pglite-0.4.1.tgz 0ms (cache hit)
855 http cache @babel/types@https://registry.npmjs.org/@babel/types/-/types-7.29.7.tgz 0ms (cache hit)
856 http cache fast-check@https://registry.npmjs.org/fast-check/-/fast-check-3.23.2.tgz 0ms (cache hit)
857 http cache ignore@https://registry.npmjs.org/ignore/-/ignore-7.0.5.tgz 0ms (cache hit)
858 http cache @typescript-eslint/scope-manager@https://registry.npmjs.org/@typescript-eslint/scope-manager/-/scope-manager-8.63.0.tgz 0ms (cache hit)
859 silly packumentCache corgi:https://registry.npmjs.org/json5 cache-miss
860 http cache @typescript-eslint/eslint-plugin@https://registry.npmjs.org/@typescript-eslint/eslint-plugin/-/eslint-plugin-8.63.0.tgz 0ms (cache hit)
861 silly packumentCache corgi:https://registry.npmjs.org/semver cache-miss
862 http cache es-abstract@https://registry.npmjs.org/es-abstract/-/es-abstract-1.24.2.tgz 0ms (cache hit)
863 silly packumentCache corgi:https://registry.npmjs.org/semver cache-miss
864 http cache es-abstract@https://registry.npmjs.org/es-abstract/-/es-abstract-1.24.2.tgz 0ms (cache hit)
865 http cache kysely@https://registry.npmjs.org/kysely/-/kysely-0.29.3.tgz 0ms (cache hit)
866 silly packumentCache corgi:https://registry.npmjs.org/resolve cache-miss
867 http cache @babel/core@https://registry.npmjs.org/@babel/core/-/core-7.29.7.tgz 0ms (cache hit)
868 http cache @babel/helpers@https://registry.npmjs.org/@babel/helpers/-/helpers-7.29.7.tgz 0ms (cache hit)
869 http cache @babel/types@https://registry.npmjs.org/@babel/types/-/types-7.29.7.tgz 0ms (cache hit)
870 http cache es-abstract@https://registry.npmjs.org/es-abstract/-/es-abstract-1.24.2.tgz 0ms (cache hit)
871 http cache es-abstract@https://registry.npmjs.org/es-abstract/-/es-abstract-1.24.2.tgz 0ms (cache hit)
872 http cache es-abstract@https://registry.npmjs.org/es-abstract/-/es-abstract-1.24.2.tgz 0ms (cache hit)
873 silly packumentCache corgi:https://registry.npmjs.org/resolve cache-miss
874 silly packumentCache corgi:https://registry.npmjs.org/jiti cache-miss
875 http cache es-abstract@https://registry.npmjs.org/es-abstract/-/es-abstract-1.24.2.tgz 0ms (cache hit)
876 http cache aria-query@https://registry.npmjs.org/aria-query/-/aria-query-5.3.2.tgz 0ms (cache hit)
877 http cache axobject-query@https://registry.npmjs.org/axobject-query/-/axobject-query-4.1.0.tgz 0ms (cache hit)
878 http cache minimatch@https://registry.npmjs.org/minimatch/-/minimatch-3.1.5.tgz 0ms (cache hit)
879 http cache brace-expansion@https://registry.npmjs.org/brace-expansion/-/brace-expansion-1.1.16.tgz 0ms (cache hit)
880 http cache balanced-match@https://registry.npmjs.org/balanced-match/-/balanced-match-1.0.2.tgz 0ms (cache hit)
881 http cache brace-expansion@https://registry.npmjs.org/brace-expansion/-/brace-expansion-1.1.16.tgz 0ms (cache hit)
882 silly tarball no local data for @trpc/server@https://registry.npmjs.org/@trpc/server/-/server-11.18.0.tgz. Extracting by manifest.
883 http cache balanced-match@https://registry.npmjs.org/balanced-match/-/balanced-match-1.0.2.tgz 0ms (cache hit)
884 http cache minimatch@https://registry.npmjs.org/minimatch/-/minimatch-3.1.5.tgz 0ms (cache hit)
885 silly tarball no local data for @better-auth-ui/react@https://registry.npmjs.org/@better-auth-ui/react/-/react-1.6.27.tgz. Extracting by manifest.
886 silly tarball no local data for prisma@https://registry.npmjs.org/prisma/-/prisma-7.8.0.tgz. Extracting by manifest.
887 silly tarball no local data for lucide-react@https://registry.npmjs.org/lucide-react/-/lucide-react-1.23.0.tgz. Extracting by manifest.
888 silly tarball no local data for @typescript/typescript-win32-x64@https://registry.npmjs.org/@typescript/typescript-win32-x64/-/typescript-win32-x64-7.0.2.tgz. Extracting by manifest.
889 silly tarball no local data for @tanstack/react-query@https://registry.npmjs.org/@tanstack/react-query/-/react-query-5.101.2.tgz. Extracting by manifest.
890 silly tarball no local data for @tanstack/query-core@https://registry.npmjs.org/@tanstack/query-core/-/query-core-5.101.2.tgz. Extracting by manifest.
891 silly tarball no local data for @prisma/client@https://registry.npmjs.org/@prisma/client/-/client-7.8.0.tgz. Extracting by manifest.
892 silly tarball no local data for @prisma/studio-core@https://registry.npmjs.org/@prisma/studio-core/-/studio-core-0.27.3.tgz. Extracting by manifest.
893 silly tarball no local data for zod@https://registry.npmjs.org/zod/-/zod-4.4.3.tgz. Extracting by manifest.
894 silly tarball no local data for sucrase@https://registry.npmjs.org/sucrase/-/sucrase-3.35.1.tgz. Extracting by manifest.
895 silly tarball no local data for typescript@https://registry.npmjs.org/typescript/-/typescript-7.0.2.tgz. Extracting by manifest.
896 silly tarball no local data for tailwindcss@https://registry.npmjs.org/tailwindcss/-/tailwindcss-3.4.19.tgz. Extracting by manifest.
897 silly tarball no local data for next@https://registry.npmjs.org/next/-/next-16.2.10.tgz. Extracting by manifest.
898 silly tarball no local data for eslint-plugin-jsx-a11y@https://registry.npmjs.org/eslint-plugin-jsx-a11y/-/eslint-plugin-jsx-a11y-6.10.2.tgz. Extracting by manifest.
899 silly tarball no local data for eslint-plugin-react@https://registry.npmjs.org/eslint-plugin-react/-/eslint-plugin-react-7.37.5.tgz. Extracting by manifest.
900 silly tarball no local data for eslint@https://registry.npmjs.org/eslint/-/eslint-10.6.0.tgz. Extracting by manifest.
901 silly tarball no local data for caniuse-lite@https://registry.npmjs.org/caniuse-lite/-/caniuse-lite-1.0.30001803.tgz. Extracting by manifest.
902 silly tarball no local data for @typescript-eslint/scope-manager@https://registry.npmjs.org/@typescript-eslint/scope-manager/-/scope-manager-8.63.0.tgz. Extracting by manifest.
903 silly tarball no local data for remeda@https://registry.npmjs.org/remeda/-/remeda-2.33.4.tgz. Extracting by manifest.
904 silly tarball no local data for @typescript-eslint/scope-manager@https://registry.npmjs.org/@typescript-eslint/scope-manager/-/scope-manager-8.63.0.tgz. Extracting by manifest.
905 silly tarball no local data for ajv@https://registry.npmjs.org/ajv/-/ajv-8.20.0.tgz. Extracting by manifest.
906 silly tarball no local data for hono@https://registry.npmjs.org/hono/-/hono-4.12.28.tgz. Extracting by manifest.
907 silly tarball no local data for effect@https://registry.npmjs.org/effect/-/effect-3.20.0.tgz. Extracting by manifest.
908 silly tarball no local data for @electric-sql/pglite@https://registry.npmjs.org/@electric-sql/pglite/-/pglite-0.4.1.tgz. Extracting by manifest.
909 silly tarball no local data for @babel/types@https://registry.npmjs.org/@babel/types/-/types-7.29.7.tgz. Extracting by manifest.
910 silly tarball no local data for fast-check@https://registry.npmjs.org/fast-check/-/fast-check-3.23.2.tgz. Extracting by manifest.
911 silly tarball no local data for @typescript-eslint/scope-manager@https://registry.npmjs.org/@typescript-eslint/scope-manager/-/scope-manager-8.63.0.tgz. Extracting by manifest.
912 silly tarball no local data for @typescript-eslint/eslint-plugin@https://registry.npmjs.org/@typescript-eslint/eslint-plugin/-/eslint-plugin-8.63.0.tgz. Extracting by manifest.
913 silly tarball no local data for es-abstract@https://registry.npmjs.org/es-abstract/-/es-abstract-1.24.2.tgz. Extracting by manifest.
914 silly tarball no local data for es-abstract@https://registry.npmjs.org/es-abstract/-/es-abstract-1.24.2.tgz. Extracting by manifest.
915 silly tarball no local data for kysely@https://registry.npmjs.org/kysely/-/kysely-0.29.3.tgz. Extracting by manifest.
916 silly tarball no local data for @babel/core@https://registry.npmjs.org/@babel/core/-/core-7.29.7.tgz. Extracting by manifest.
917 silly tarball no local data for @babel/helpers@https://registry.npmjs.org/@babel/helpers/-/helpers-7.29.7.tgz. Extracting by manifest.
918 silly tarball no local data for @babel/types@https://registry.npmjs.org/@babel/types/-/types-7.29.7.tgz. Extracting by manifest.
919 silly tarball no local data for es-abstract@https://registry.npmjs.org/es-abstract/-/es-abstract-1.24.2.tgz. Extracting by manifest.
920 silly tarball no local data for es-abstract@https://registry.npmjs.org/es-abstract/-/es-abstract-1.24.2.tgz. Extracting by manifest.
921 silly tarball no local data for es-abstract@https://registry.npmjs.org/es-abstract/-/es-abstract-1.24.2.tgz. Extracting by manifest.
922 silly tarball no local data for es-abstract@https://registry.npmjs.org/es-abstract/-/es-abstract-1.24.2.tgz. Extracting by manifest.
923 http fetch POST 200 https://registry.npmjs.org/-/npm/v1/security/advisories/bulk 605ms
924 silly audit report {
924 silly audit report   postcss: [
924 silly audit report     {
924 silly audit report       id: 1117015,
924 silly audit report       url: 'https://github.com/advisories/GHSA-qx2v-qp2m-jg93',
924 silly audit report       title: 'PostCSS has XSS via Unescaped </style> in its CSS Stringify Output',
924 silly audit report       severity: 'moderate',
924 silly audit report       vulnerable_versions: '<8.5.10',
924 silly audit report       cwe: [Array],
924 silly audit report       cvss: [Object]
924 silly audit report     }
924 silly audit report   ],
924 silly audit report   '@hono/node-server': [
924 silly audit report     {
924 silly audit report       id: 1116281,
924 silly audit report       url: 'https://github.com/advisories/GHSA-92pp-h63x-v22m',
924 silly audit report       title: '@hono/node-server: Middleware bypass via repeated slashes in serveStatic',
924 silly audit report       severity: 'moderate',
924 silly audit report       vulnerable_versions: '<1.19.13',
924 silly audit report       cwe: [Array],
924 silly audit report       cvss: [Object]
924 silly audit report     }
924 silly audit report   ]
924 silly audit report }
925 silly packumentCache corgi:https://registry.npmjs.org/postcss cache-miss
926 silly packumentCache corgi:https://registry.npmjs.org/@hono%2fnode-server cache-miss
927 http cache https://registry.npmjs.org/@hono%2fnode-server 2314ms (cache hit)
928 silly packumentCache corgi:https://registry.npmjs.org/@hono%2fnode-server set size:94108 disposed:false
929 http cache https://registry.npmjs.org/postcss 2328ms (cache hit)
930 silly packumentCache corgi:https://registry.npmjs.org/postcss set size:345714 disposed:false
931 silly packumentCache corgi:https://registry.npmjs.org/next cache-miss
932 http fetch GET 200 https://registry.npmjs.org/napi-postinstall 5248ms (cache miss)
933 silly packumentCache corgi:https://registry.npmjs.org/napi-postinstall set size:undefined disposed:false
934 http fetch GET 200 https://registry.npmjs.org/which 5343ms (cache miss)
935 silly packumentCache corgi:https://registry.npmjs.org/which set size:undefined disposed:false
936 http fetch GET 200 https://registry.npmjs.org/loose-envify 5334ms (cache miss)
937 silly packumentCache corgi:https://registry.npmjs.org/loose-envify set size:undefined disposed:false
938 http fetch GET 200 https://registry.npmjs.org/cssesc 5332ms (cache miss)
939 silly packumentCache corgi:https://registry.npmjs.org/cssesc set size:undefined disposed:false
940 http fetch GET 200 https://registry.npmjs.org/@electric-sql%2fpglite-socket 5355ms (cache miss)
941 silly packumentCache corgi:https://registry.npmjs.org/@electric-sql%2fpglite-socket set size:undefined disposed:false
942 http fetch GET 200 https://registry.npmjs.org/jsesc 5378ms (cache miss)
943 silly packumentCache corgi:https://registry.npmjs.org/jsesc set size:undefined disposed:false
944 http fetch GET 200 https://registry.npmjs.org/update-browserslist-db 5414ms (cache miss)
945 silly packumentCache corgi:https://registry.npmjs.org/update-browserslist-db set size:undefined disposed:false
946 http fetch GET 200 https://registry.npmjs.org/json5 5556ms (cache miss)
947 silly packumentCache corgi:https://registry.npmjs.org/json5 set size:undefined disposed:false
948 http fetch GET 200 https://registry.npmjs.org/giget 5713ms (cache miss)
949 silly packumentCache corgi:https://registry.npmjs.org/giget set size:undefined disposed:false
950 http fetch GET 200 https://registry.npmjs.org/json5 6207ms (cache miss)
951 silly packumentCache corgi:https://registry.npmjs.org/json5 set size:undefined disposed:false
952 http fetch GET 200 https://registry.npmjs.org/resolve 6399ms (cache miss)
953 silly packumentCache corgi:https://registry.npmjs.org/resolve set size:undefined disposed:false
954 http fetch GET 200 https://registry.npmjs.org/semver 6538ms (cache miss)
955 silly packumentCache corgi:https://registry.npmjs.org/semver set size:undefined disposed:false
956 http fetch GET 200 https://registry.npmjs.org/resolve 6765ms (cache miss)
957 silly packumentCache corgi:https://registry.npmjs.org/resolve set size:undefined disposed:false
958 http fetch GET 200 https://registry.npmjs.org/resolve 6767ms (cache miss)
959 silly packumentCache corgi:https://registry.npmjs.org/resolve set size:undefined disposed:false
960 http fetch GET 200 https://registry.npmjs.org/semver 6821ms (cache miss)
961 silly packumentCache corgi:https://registry.npmjs.org/semver set size:undefined disposed:false
962 http fetch GET 200 https://registry.npmjs.org/semver 6815ms (cache miss)
963 silly packumentCache corgi:https://registry.npmjs.org/semver set size:undefined disposed:false
964 http fetch GET 200 https://registry.npmjs.org/semver 6819ms (cache miss)
965 silly packumentCache corgi:https://registry.npmjs.org/semver set size:undefined disposed:false
966 http fetch GET 200 https://registry.npmjs.org/baseline-browser-mapping 6879ms (cache miss)
967 silly packumentCache corgi:https://registry.npmjs.org/baseline-browser-mapping set size:undefined disposed:false
968 http fetch GET 200 https://registry.npmjs.org/nanoid 6939ms (cache miss)
969 silly packumentCache corgi:https://registry.npmjs.org/nanoid set size:undefined disposed:false
970 http fetch GET 200 https://registry.npmjs.org/acorn 6974ms (cache miss)
971 silly packumentCache corgi:https://registry.npmjs.org/acorn set size:undefined disposed:false
972 http fetch GET 200 https://registry.npmjs.org/jiti 7541ms (cache miss)
973 silly packumentCache corgi:https://registry.npmjs.org/jiti set size:undefined disposed:false
974 http fetch GET 200 https://registry.npmjs.org/jiti 9485ms (cache miss)
975 silly packumentCache corgi:https://registry.npmjs.org/jiti set size:undefined disposed:false
976 http fetch GET 200 https://registry.npmjs.org/browserslist 10571ms (cache miss)
977 silly packumentCache corgi:https://registry.npmjs.org/browserslist set size:undefined disposed:false
978 http cache https://registry.npmjs.org/napi-postinstall/-/napi-postinstall-0.3.4.tgz 5410ms (cache hit)
979 http cache https://registry.npmjs.org/loose-envify/-/loose-envify-1.4.0.tgz 5324ms (cache hit)
980 http cache https://registry.npmjs.org/which/-/which-2.0.2.tgz 5329ms (cache hit)
981 http cache https://registry.npmjs.org/cssesc/-/cssesc-3.0.0.tgz 5392ms (cache hit)
982 http cache https://registry.npmjs.org/jsesc/-/jsesc-3.1.0.tgz 5378ms (cache hit)
983 http cache https://registry.npmjs.org/update-browserslist-db/-/update-browserslist-db-1.2.3.tgz 5357ms (cache hit)
984 http cache https://registry.npmjs.org/json5/-/json5-2.2.3.tgz 5410ms (cache hit)
985 http fetch GET 200 https://registry.npmjs.org/@babel%2fparser 10986ms (cache miss)
986 silly packumentCache corgi:https://registry.npmjs.org/@babel%2fparser set size:undefined disposed:false
987 http cache https://registry.npmjs.org/giget/-/giget-3.3.0.tgz 5357ms (cache hit)
988 http cache https://registry.npmjs.org/json5/-/json5-1.0.2.tgz 5087ms (cache hit)
989 http fetch GET 200 https://registry.npmjs.org/@electric-sql/pglite-socket/-/pglite-socket-0.1.1.tgz 6154ms (cache revalidated)
990 http cache https://registry.npmjs.org/resolve/-/resolve-2.0.0-next.7.tgz 5127ms (cache hit)
991 http cache https://registry.npmjs.org/semver/-/semver-6.3.1.tgz 5112ms (cache hit)
992 http cache https://registry.npmjs.org/resolve/-/resolve-1.22.12.tgz 5115ms (cache hit)
993 http cache https://registry.npmjs.org/resolve/-/resolve-1.22.12.tgz 5114ms (cache hit)
994 http cache https://registry.npmjs.org/semver/-/semver-7.8.5.tgz 5118ms (cache hit)
995 http cache https://registry.npmjs.org/semver/-/semver-7.8.5.tgz 5117ms (cache hit)
996 http cache https://registry.npmjs.org/semver/-/semver-7.8.5.tgz 5124ms (cache hit)
997 http cache https://registry.npmjs.org/baseline-browser-mapping/-/baseline-browser-mapping-2.10.42.tgz 5128ms (cache hit)
998 http cache https://registry.npmjs.org/nanoid/-/nanoid-3.3.15.tgz 5107ms (cache hit)
999 http cache https://registry.npmjs.org/acorn/-/acorn-8.17.0.tgz 5061ms (cache hit)
1000 http cache https://registry.npmjs.org/jiti/-/jiti-2.7.0.tgz 5059ms (cache hit)
1001 http cache https://registry.npmjs.org/jiti/-/jiti-1.21.7.tgz 3521ms (cache hit)
1002 http cache https://registry.npmjs.org/browserslist/-/browserslist-4.28.5.tgz 3257ms (cache hit)
1003 http fetch GET 200 https://registry.npmjs.org/@babel/parser/-/parser-7.29.7.tgz 4732ms (cache revalidated)
1004 http fetch GET 200 https://registry.npmjs.org/esbuild 16983ms (cache miss)
1005 silly packumentCache corgi:https://registry.npmjs.org/esbuild set size:undefined disposed:false
1006 http cache https://registry.npmjs.org/esbuild/-/esbuild-0.28.1.tgz 1795ms (cache hit)
1007 http fetch GET 200 https://registry.npmjs.org/@babel/core/-/core-7.29.7.tgz 53235ms (cache miss)
1008 http fetch GET 200 https://registry.npmjs.org/next 63692ms (cache miss)
1009 silly packumentCache corgi:https://registry.npmjs.org/next set size:undefined disposed:false
1010 silly packumentCache corgi:https://registry.npmjs.org/@prisma%2fdev cache-miss
1011 http fetch GET 200 https://registry.npmjs.org/@babel/types/-/types-7.29.7.tgz 68498ms (cache miss)
1012 http fetch GET 200 https://registry.npmjs.org/@babel/types/-/types-7.29.7.tgz 68561ms (cache miss)
1013 http fetch GET 200 https://registry.npmjs.org/@prisma%2fdev 1996ms (cache miss)
1014 silly packumentCache corgi:https://registry.npmjs.org/@prisma%2fdev set size:undefined disposed:false
1015 silly packumentCache corgi:https://registry.npmjs.org/prisma cache-miss
1016 http fetch GET 200 https://registry.npmjs.org/sucrase/-/sucrase-3.35.1.tgz 72943ms (cache miss)
1017 http fetch GET 200 https://registry.npmjs.org/@babel/helpers/-/helpers-7.29.7.tgz 75408ms (cache miss)
1018 http fetch GET 200 https://registry.npmjs.org/eslint-plugin-jsx-a11y/-/eslint-plugin-jsx-a11y-6.10.2.tgz 75484ms (cache miss)
1019 http fetch GET 200 https://registry.npmjs.org/@trpc/server/-/server-11.18.0.tgz 77779ms (cache miss)
1020 http fetch GET 200 https://registry.npmjs.org/tailwindcss/-/tailwindcss-3.4.19.tgz 80096ms (cache miss)
1021 http fetch GET 200 https://registry.npmjs.org/@typescript/typescript-win32-x64/-/typescript-win32-x64-7.0.2.tgz 88158ms (cache miss)
1022 http fetch GET 200 https://registry.npmjs.org/@tanstack/query-core/-/query-core-5.101.2.tgz 90000ms (cache miss)
1023 http fetch GET 200 https://registry.npmjs.org/@tanstack/react-query/-/react-query-5.101.2.tgz 90237ms (cache miss)
1024 http fetch GET 200 https://registry.npmjs.org/@better-auth-ui/react/-/react-1.6.27.tgz 90729ms (cache miss)
1025 http fetch GET 200 https://registry.npmjs.org/@typescript-eslint/scope-manager/-/scope-manager-8.63.0.tgz 92114ms (cache miss)
1026 http fetch GET 200 https://registry.npmjs.org/@typescript-eslint/scope-manager/-/scope-manager-8.63.0.tgz 92123ms (cache miss)
1027 http fetch GET 200 https://registry.npmjs.org/@typescript-eslint/scope-manager/-/scope-manager-8.63.0.tgz 92301ms (cache miss)
1028 http fetch GET 200 https://registry.npmjs.org/prisma/-/prisma-7.8.0.tgz 96109ms (cache miss)
1029 http fetch GET 200 https://registry.npmjs.org/@prisma/studio-core/-/studio-core-0.27.3.tgz 97244ms (cache miss)
1030 http fetch GET 200 https://registry.npmjs.org/prisma 26585ms (cache miss)
1031 silly packumentCache corgi:https://registry.npmjs.org/prisma set size:undefined disposed:false
1032 http fetch GET 200 https://registry.npmjs.org/eslint-plugin-react/-/eslint-plugin-react-7.37.5.tgz 99483ms (cache miss)
1033 http fetch GET 200 https://registry.npmjs.org/eslint/-/eslint-10.6.0.tgz 104043ms (cache miss)
1034 http fetch GET 200 https://registry.npmjs.org/typescript/-/typescript-7.0.2.tgz 104413ms (cache miss)
1035 http fetch GET 200 https://registry.npmjs.org/@typescript-eslint/eslint-plugin/-/eslint-plugin-8.63.0.tgz 105960ms (cache miss)
1036 http fetch GET 200 https://registry.npmjs.org/@electric-sql/pglite/-/pglite-0.4.1.tgz 108246ms (cache miss)
1037 http fetch GET 200 https://registry.npmjs.org/ajv/-/ajv-8.20.0.tgz 109324ms (cache miss)
1038 http fetch GET 200 https://registry.npmjs.org/remeda/-/remeda-2.33.4.tgz 110055ms (cache miss)
1039 http fetch GET 200 https://registry.npmjs.org/kysely/-/kysely-0.29.3.tgz 117382ms (cache miss)
1040 http fetch GET 200 https://registry.npmjs.org/@prisma/client/-/client-7.8.0.tgz 118546ms (cache miss)
1041 http fetch GET 200 https://registry.npmjs.org/hono/-/hono-4.12.28.tgz 120398ms (cache miss)
1042 http fetch GET 200 https://registry.npmjs.org/caniuse-lite/-/caniuse-lite-1.0.30001803.tgz 123705ms (cache miss)
1043 http fetch GET 200 https://registry.npmjs.org/zod/-/zod-4.4.3.tgz 124025ms (cache miss)
1044 http fetch GET 200 https://registry.npmjs.org/fast-check/-/fast-check-3.23.2.tgz 135805ms (cache miss)
1045 http fetch GET 200 https://registry.npmjs.org/es-abstract/-/es-abstract-1.24.2.tgz 151123ms (cache miss)
1046 http fetch GET 200 https://registry.npmjs.org/es-abstract/-/es-abstract-1.24.2.tgz 151122ms (cache miss)
1047 http fetch GET 200 https://registry.npmjs.org/es-abstract/-/es-abstract-1.24.2.tgz 151205ms (cache miss)
1048 http fetch GET 200 https://registry.npmjs.org/es-abstract/-/es-abstract-1.24.2.tgz 151221ms (cache miss)
1049 http fetch GET 200 https://registry.npmjs.org/es-abstract/-/es-abstract-1.24.2.tgz 151266ms (cache miss)
1050 http fetch GET 200 https://registry.npmjs.org/es-abstract/-/es-abstract-1.24.2.tgz 158941ms (cache miss)
1051 http fetch GET 200 https://registry.npmjs.org/effect/-/effect-3.20.0.tgz 192267ms (cache miss)
1052 http fetch GET 200 https://registry.npmjs.org/lucide-react/-/lucide-react-1.23.0.tgz 207680ms (cache miss)
